Workbook

Sheet المحفظة
A1: 💰 محفظة مزرعة هادي إسحاق
A2: رصيد المحفظة الحالي | F2: ='كشف الحساب'!J100
A4: 📋 جدول حركات المحفظة (دخل وصرف)
A5: التاريخ | B5: المرجع | C5: البيان / الوصف | D5: دخل (KD) | E5: صرف (KD) | F5: رصيد (KD)
A6: 2026-04-09 | B6: Inv-001 | C6: بيع عدد١ اناناس | D6: 5 | F6: 5
A7: 2026-04-22 | B7: 8127 | C7: تاير لعربة الرش | E7: 3 | F7: 2
A8: 2026-04-30 | C8: مدخول شهر ابريل | D8: 40.5 | F8: 42.5
A9: 2026-05-09 | B9: Inv-013 | C9: فل عدد 21 سعر الحبه .0.750 | D9: 15.75 | F9: 58.25
A10: 2026-05-09 | B10: Inv-013A | C10: برازيليا عدد 25 سعر الحبه .500 | D10: 12.5 | F10: 70.75
A11: 2026-05-10 | B11: Inv-016 | C11: ودليه عدد 3 الحبه 0.750 | D11: 2.25 | F11: 73
A12: 2026-05-13 | B12: Inv-017 | C12: فل عدد 10 الحبه 0.750 | D12: 7.5 | F12: 80.5
A13: 2026-05-14 | B13: Inv-18A | C13: ربل 4 حبات الحبه 1.500 | D13: 6 | F13: 86.5
A14: 2026-05-14 | B14: Inv-18 | C14: ودليه 8 حبات الحبه 1 | D14: 8 | F14: 94.5
A15: 2026-05-16 | B15: Inv-19 | C15: فل عدد 2 الحبه 0.750 | D15: 1.5 | F15: 96
A16: 2026-05-16 | B16: Inv-20 | C16: صبار اوليفيرا عدد 3 الحبه 0.750 | D16: 2.25 | F16: 98.25
A17: 2026-05-16 | B17: Inv-21 | C17: دارسينا عدد 1 الحبه 2.500 | D17: 2.5 | F17: 100.75
A18: 2026-05-17 | B18: Inv-22 | C18: فل عدد 30 الحبه 0.750 | D18: 22.5 | F18: 123.25
A19: 2026-05-17 | B19: Inv-23 | C19: برازيليا عدد 16 الحبه 0.500 | D19: 8 | F19: 131.25
A20: 2026-05-18 | B20: Inv-24 | C20: فل عدد10 الحبه 0.750 | D20: 7.5 | F20: 138.75
... A25: 2026-05-18 | B25: Inv-29 | C25: برازيليا عدد 10 الحبه 0.500 | D25: 5 | F25: 159.75
A26: 2026-05-18 | B26: 85164 | C26: مبيد اسيتبلان عدد 1 | E26: 9 | F26: 150.75
A27: 2026-05-19 | B27: Inv-30 | C27: فل عدد 30 الحبه 0.750 | D27: 22.5 | F27: 173.25
A28: 2026-05-20 | B28: Inv-31 | C28: فل عدد30 الحبه 0.750 | D28: 22.5 | F28: 195.75
A29: 2026-05-20 | B29: Inv-32 | C29: برازيليا عدد 50 الحبه0.500 | D29: 25 | F29: 220.75
A30: 2026-05-21 | B30: Inv-33 | C30: برازيليا عدد 75 الحبه 0.500 | D30: 37.5 | F30: 258.25
A31: 2026-05-21 | B31: Inv-34 | C31: دارسينيا احمر عدد1 حبه 2.500 | D31: 2.5 | F31: 260.75
A32: 2026-05-22 | B32: Inv-35 | C32: دارسينا حمراء عدد 6 الحبه 2,500 | D32: 15 | F32: 275.75
A33: 2026-05-22 | B33: Inv-36 | C33: ربل عدد4 الحبه 1.500 | D33: 6 | F33: 281.75
A34: 2026-05-25 | B34: Inv-37 | C34: عطره عدد 10 الحبه 0.750 | D34: 7.5 | F34: 289.25
A35: 2026-05-25 | B35: Inv-38 | C35: ودليه عدد 2 الحبه 1 | D35: 2 | F35: 291.25
A36: 2026-05-25 | B36: Inv-39 | C36: داراسينا حمراء عدد4 الحبه 1 | D36: 4 | F36: 295.25
A37: 2026-05-04 | B37: Inv-40 | C37: other | D37: 9 | F37: 304.25
A38: 2026-05-04 | B38: Inv-41 | C38: other | D38: 9 | F38: 313.25
... A45: 2026-05-16 | B45: Inv-47 | C45: other | D45: 3 | F45: 349.6
A46: 2026-05-13 | C46: جبس لتغطيه المحميه | E46: 2.75 | F46: 346.85
A47: 2026-06-02 | B47: Inv-53 | C47: فل عدد 24 الحبه .750 | D47: 18 | F47: 364.85
A48: 2026-06-02 | B48: Inv-54 | C48: دارسينا خضراء عدد 1 الحبه 2 | D48: 2 | F48: 366.85
A49: 2026-06-02 | B49: Inv-55 | C49: افوبيا عدد 2 الحبه .750 | D49: 1.5 | F49: 368.35
A50: 2026-06-02 | B50: Inv-56 | C50: دارسينا سوداء عدد 3 الحبه 1 | D50: 3 | F50: 371.35
A51: 2026-06-04 | B51: inv-57 | C51: فوزير عدد1 قيمه 1 | D51: 1 | F51: 372.35
A52: 2026-06-04 | C52: سماد | E52: 10 | F52: 362.35
A53: 2026-06-04 | C53: تاير لعربة الرش | E53: 3.25 | F53: 359.1
A54: 2026-06-04 | C54: حفاره خلط السماد | E54: 12 | F54: 347.1
A55: 2026-06-06 | B55: Inv-58 | C55: دارسينا عدد3 بقيمه 1 للحبه | D55: 3 | F55: 350.1
A56: 2026-06-06 | B56: Inv-59 | C56: ودليه عدد 1 بقيمه 1 | D56: 1 | F56: 351.1
A57: 2026-06-06 | B57: Inv-60 | C57: دارسينا حمراء عدد 1 بقيمه 3 | D57: 3 | F57: 354.1
A58: 2026-06-08 | B58: Inv-61 | C58: فل عدد 20 بقيمه 0.750 | D58: 15 | F58: 369.1
A59: 2026-06-08 | C59: اسمنت اسود للمحميه الصغيره الجديده | E59: 2.8 | F59: 366.3
A60: 2026-06-08 | C60: حديد اسود للمحميه الصغيره الجديده | E60: 46.75 | F60: 319.55
A61: 2026-06-09 | B61: Inv-62 | C61: فل عدد 30 الحبه 0.750 | D61: 22.5 | F61: 342.05
A62: 2026-06-11 | C62: براغي | E62: 3.5 | F62: 338.55
A63: 2026-06-12 | C63: رول لحيم | E63: 2 | F63: 336.55
A64: 2026-06-13 | B64: Inv-64 | C64: معلقات عدد 10 الحبه 1 | D64: 10 | F64: 346.55
A65: 2026-06-13 | B65: Inv-65 | C65: ودوليه عدد 5 الحبه 1 | D65: 5 | F65: 351.55
A66: 2026-06-16 | B66: Inv-66 | C66: شوكليرا عدد10 الحبه 1.500 | D66: 15 | F66: 366.55
A67: 2026-06-16 | B67: Inv-67 | C67: فيكس عدد7 الحبه 1 | D67: 7 | F67: 373.55
A68: 2026-06-16 | B68: Inv-68 | C68: ربل عدد 5 الحبه 2 | D68: 10 | F68: 383.55
A69: 2026-06-16 | B69: Inv-69 | C69: فل عدد 24 الحبه .750 | D69: 18 | F69: 401.55
A70: 2026-06-15 | C70: أقامه عبدول | E70: 25 | F70: 376.55
A71: 2026-06-17 | B71: Inv-70 | C71: افوبياعدد 1 الحبه .0.750 | D71: 0.75 | F71: 377.3
A72: 2026-06-17 | B72: Inv-71 | C72: دارسينا عدد 1 الحبه 1.500 | D72: 1.5 | F72: 378.8
A73: 2026-06-18 | B73: Inv-72 | C73: فل عدد 1 الحبه 0.750 | D73: 0.75 | F73: 379.55
A74: 2026-06-18 | B74: Inv-73 | C74: ودليه عدد 3 الحبه 1 | D74: 3 | F74: 382.55
A75: 2026-06-26 | B75: Inv-74 | C75: ربل عدد 11 الحبه 2 | D75: 22 | F75: 404.55
A76: 2026-06-26 | B76: Inv-75 | C76: شوفليرا عدد6 الحبه 1.500 | D76: 9 | F76: 413.55
A77: 2026-06-24 | C77: nbk 18-18-18 | E77: 12 | F77: 401.55
A78: 2026-06-28 | B78: Inv-76 | C78: فل عدد 11 الحبه 0.750 | D78: 8.25 | F78: 409.8
A79: 2026-06-29 | B79: Inv-77 | C79: عطره عدد 3 الحبه 0.750 | D79: 2.25 | F79: 412.05
A80: 2026-06-29 | B80: Inv-78 | C80: معلقات عدد 3 الحبه 1 | D80: 3 | F80: 415.05
A81: 2026-06-30 | B81: Inv-79 | C81: معلقات عدد 4 الحبه 1 | D81: 4 | F81: 419.05
A82: 2026-06-30 | B82: Inv-80 | C82: معلقات عدد4 الحبه 1 | D82: 4 | F82: 423.05
A83: 2026-06-30 | B83: Inv-81 | C83: افوبيا عدد 2 الحبه 1 | D83: 2 | F83: 425.05
A84: 2026-06-30 | C84: رواتب عماله شهر يونيو 2026 | E84: 420 | F84: 5.05
A85: 2026-06-30 | C85: تكمله رواتب يونيو 2026 ابوادم | D85: 50 | F85: 55.05
A86: 2026-06-30 | C86: تكمله رواتب يونيو 2026 ابواسحاق | D86: 50 | F86: 105.05
A87: 2026-06-30 | C87: احواض عدد 1000 مقاس 25 سم | E87: 80 | F87: 25.05
C88: الإجمالي | D88: 657.1 | E88: 632.05 | F88: 25.05
A90: 🔵 مصروفات الشركاء — مستحقة السداد للمزرعة
A91: التاريخ | B91: المرجع | C91: البيان / الوصف | D91: المبلغ (KD) | E91: الشريك
A92: 2026-04-19 | C92: تبديل كمبرسيور ثلاجة العمال | D92: 45 | E92: أبو اسحاق
A93: 2026-04-22 | B93: 11300 | C93: فلاتر كيميكال لمحطة التحلية | D93: 55 | E93: أبو اسحاق
A94: 2026-04-22 | C94: ديزل لمكينة الكهرباء | D94: 20 | E94: أبو اسحاق
A95: 2026-04-22 | B95: 242 | C95: احواض حجم25سم عدد 2000 | D95: 190 | E95: أبو آدم
A96: 2026-05-09 | B96: 18213 | C96: شراء دريل | D96: 9 | E96: أبو اسحاق
A97: 2026-05-25 | C97: يزل ماكينه كهرباء | D97: 26 | E97: أبو اسحاق
A98: 2026-05-25 | C98: راتب عماله مايو 2025 | D98: 250 | E98: أبو آدم
A99: 2026-05-25 | C99: راتب عماله مايو 2025 | D99: 250 | E99: أبو اسحاق
A100: 2026-06-14 | C100: عصايا عدد 2000 احواض معاقات عدد 250 | D100: 107.5 | E100: أبو اسحاق
C101: إجمالي مدفوعات الشركاء | D101: 952.5
C102: دين أبو اسحاق | D102: 512.5
C103: دين أبو آدم | D103: 440

Sheet كشف الحساب
A1: كشف حساب المزرعة — Farm Account Statement
A2: الرصيد الافتتاحي / Opening Balance | D2: 0 | E2: ← اكتب الرصيد الافتتاحي هنا
A3: التاريخ Date | B3: المرجع Ref # | C3: البيان / الوصف Description | D3: سحب (مدين) Debit | E3: إيداع (دائن) Credit | F3: طريقة الدفع Pay Method | G3: الدافع / من المحفظة Paid By | H3: الحالة Status | I3: بند الصرف Wallet Band | J3: الرصيد Balance | K3: ملاحظات Notes | L3: # إيداع | M3: # محفظة | N3: # طباعة | O3: # شركاء
A4: 46117 | B4: 82869 | C4: مبيدات الاتحاد الكويتي للمزارعين(4.500) | F4: نقداً | G4: المحفظة | H4: تم الدفع | I4: مبيدات وأسمدة | J4: =IFERROR(IF(AND(D4="",E4="",A4="",B4="",C4=""),"", D2+IF(E4="",0,E4)-IF(OR(G4="أبو اسحاق",G4="أبو آدم",G4="أبو اسحاق ",G4="أبو آدم "),0,IF(D4="",0,D4))),D2) | L4: =IF(E4>0,COUNTIF($E$4:E4,">0"),"") | M4: =IF(AND(D4>0,G4="المحفظة"),COUNTIFS($D$4:D4,">"&0,$G$4:G4,"المحفظة"),"") | N4: =IF(AND(OR('طباعة كشف الحساب'!$C$2="الكل",MONTH(A4)=IFERROR(MATCH('طباعة كشف الحساب'!$C$2,{"يناير","فبراير","مارس","أبريل","مايو","يونيو","يوليو","أغسطس","سبتمبر","أكتوبر","نوفمبر","ديسمبر"},0),0)),OR('طباعة كشف الحساب'!$F$2="الكل",YEAR(A4)=IFERROR(VALUE('طباعة كشف الحساب'!$F$2),0)),A4<>""),1,"") | O4: =IF(AND(D4>0,F4="أحد الشركاء"),1,"")
A5: 46121 | B5: Inv-001 | C5: بيع عدد١ اناناس | E5: 5 | F5: نقداً | H5: تم الدفع | J5: =IF(AND(D5="",E5="",A5="",B5="",C5=""),"", IFERROR(IF(J4="",D2,J4),D2)+IF(E5="",0,E5)-IF(OR(G5="أبو اسحاق",G5="أبو آدم",G5="أبو اسحاق ",G5="أبو آدم "),0,IF(D5="",0,D5))) | L5: =IF(E5>0,COUNTIF($E$4:E5,">0"),"") | M5: =IF(AND(D5>0,G5="المحفظة"),COUNTIFS($D$4:D5,">"&0,$G$4:G5,"المحفظة"),"") | N5: =IF(AND(OR('طباعة كشف الحساب'!$C$2="الكل",MONTH(A5)=IFERROR(MATCH('طباعة كشف الحساب'!$C$2,{"يناير","فبراير","مارس","أبريل","مايو","يونيو","يوليو","أغسطس","سبتمبر","أكتوبر","نوفمبر","ديسمبر"},0),0)),OR('طباعة كشف الحساب'!$F$2="الكل",YEAR(A5)=IFERROR(VALUE('طباعة كشف الحساب'!$F$2),0)),A5<>""),IFERROR(MAX($N$4:N4),0)+1,"") | O5: =IF(AND(D5>0,F5="أحد الشركاء"),COUNTIFS($D$4:D5,">"&0,$F$4:F5,"أحد الشركاء"),"")
A6: 46124 | B6: 242 | C6: احواض حجم 18سم عدد 2000-(90) | F6: نقداً | G6: المحفظة | H6: تم الدفع | I6: مستلزمات زراعية | J6: =IF(AND(D6="",E6="",A6="",B6="",C6=""),"", IFERROR(IF(J5="",D2,J5),D2)+IF(E6="",0,E6)-IF(OR(G6="أبو اسحاق",G6="أبو آدم",G6="أبو اسحاق ",G6="أبو آدم "),0,IF(D6="",0,D6))) | L6: =IF(E6>0,COUNTIF($E$4:E6,">0"),"") | M6: =IF(AND(D6>0,G6="المحفظة"),COUNTIFS($D$4:D6,">"&0,$G$4:G6,"المحفظة"),"") | N6: =IF(AND(OR('طباعة كشف الحساب'!$C$2="الكل",MONTH(A6)=IFERROR(MATCH('طباعة كشف الحساب'!$C$2,{"يناير","فبراير","مارس","أبريل","مايو","يونيو","يوليو","أغسطس","سبتمبر","أكتوبر","نوفمبر","ديسمبر"},0),0)),OR('طباعة كشف الحساب'!$F$2="الكل",YEAR(A6)=IFERROR(VALUE('طباعة كشف الحساب'!$F$2),0)),A6<>""),IFERROR(MAX($N$4:N5),0)+1,"") | O6: =IF(AND(D6>0,F6="أحد الشركاء"),COUNTIFS($D$4:D6,">"&0,$F$4:F6,"أحد الشركاء"),"")
A7: 46131 | C7: تبديل كمبرسيور ثلاجة العمال | D7: 45 | F7: أحد الشركاء | G7: أبو اسحاق | H7: معلق | I7: صيانة المعدات | J7: =IF(AND(D7="",E7="",A7="",B7="",C7=""),"", IFERROR(IF(J6="",D2,J6),D2)+IF(E7="",0,E7)-IF(OR(G7="أبو اسحاق",G7="أبو آدم",G7="أبو اسحاق ",G7="أبو آدم "),0,IF(D7="",0,D7))) | L7: =IF(E7>0,COUNTIF($E$4:E7,">0"),"") | M7: =IF(AND(D7>0,G7="المحفظة"),COUNTIFS($D$4:D7,">"&0,$G$4:G7,"المحفظة"),"") | N7: =IF(AND(OR('طباعة كشف الحساب'!$C$2="الكل",MONTH(A7)=IFERROR(MATCH('طباعة كشف الحساب'!$C$2,{"يناير","فبراير","مارس","أبريل","مايو","يونيو","يوليو","أغسطس","سبتمبر","أكتوبر","نوفمبر","ديسمبر"},0),0)),OR('طباعة كشف الحساب'!$F$2="الكل",YEAR(A7)=IFERROR(VALUE('طباعة كشف الحساب'!$F$2),0)),A7<>""),IFERROR(MAX($N$4:N6),0)+1,"") | O7: =IF(AND(D7>0,F7="أحد الشركاء"),COUNTIFS($D$4:D7,">"&0,$F$4:F7,"أحد الشركاء"),"")
A8: 46134 | B8: 11300 | C8: فلاتر كيميكال لمحطة التحلية | D8: 55 | F8: أحد الشركاء | G8: أبو اسحاق | H8: معلق | I8: وقود ومحروقات | J8: =IF(AND(D8="",E8="",A8="",B8="",C8=""),"", IFERROR(IF(J7="",D2,J7),D2)+IF(E8="",0,E8)-IF(OR(G8="أبو اسحاق",G8="أبو آدم",G8="أبو اسحاق ",G8="أبو آدم "),0,IF(D8="",0,D8))) | L8: =IF(E8>0,COUNTIF($E$4:E8,">0"),"") | M8: =IF(AND(D8>0,G8="المحفظة"),COUNTIFS($D$4:D8,">"&0,$G$4:G8,"المحفظة"),"") | N8: =IF(AND(OR('طباعة كشف الحساب'!$C$2="الكل",MONTH(A8)=IFERROR(MATCH('طباعة كشف الحساب'!$C$2,{"يناير","فبراير","مارس","أبريل","مايو","يونيو","يوليو","أغسطس","سبتمبر","أكتوبر","نوفمبر","ديسمبر"},0),0)),OR('طباعة كشف الحساب'!$F$2="الكل",YEAR(A8)=IFERROR(VALUE('طباعة كشف الحساب'!$F$2),0)),A8<>""),IFERROR(MAX($N$4:N7),0)+1,"") | O8: =IF(AND(D8>0,F8="أحد الشركاء"),COUNTIFS($D$4:D8,">"&0,$F$4:F8,"أحد الشركاء"),"")
A9: 46134 | C9: ديزل لمكينة الكهرباء | D9: 20 | F9: أحد الشركاء | G9: أبو اسحاق | H9: معلق | I9: وقود ومحروقات | J9: =IF(AND(D9="",E9="",A9="",B9="",C9=""),"", IFERROR(IF(J8="",D2,J8),D2)+IF(E9="",0,E9)-IF(OR(G9="أبو اسحاق",G9="أبو آدم",G9="أبو اسحاق ",G9="أبو آدم "),0,IF(D9="",0,D9))) | L9: =IF(E9>0,COUNTIF($E$4:E9,">0"),"") | M9: =IF(AND(D9>0,G9="المحفظة"),COUNTIFS($D$4:D9,">"&0,$G$4:G9,"المحفظة"),"") | N9: =IF(AND(OR('طباعة كشف الحساب'!$C$2="الكل",MONTH(A9)=IFERROR(MATCH('طباعة كشف الحساب'!$C$2,{"يناير","فبراير","مارس","أبريل","مايو","يونيو","يوليو","أغسطس","سبتمبر","أكتوبر","نوفمبر","ديسمبر"},0),0)),OR('طباعة كشف الحساب'!$F$2="الكل",YEAR(A9)=IFERROR(VALUE('طباعة كشف الحساب'!$F$2),0)),A9<>""),IFERROR(MAX($N$4:N8),0)+1,"") | O9: =IF(AND(D9>0,F9="أحد الشركاء"),COUNTIFS($D$4:D9,">"&0,$F$4:F9,"أحد الشركاء"),"")
A10: 46134 | B10: 8127 | C10: تاير لعربة الرش | D10: 3 | F10: نقداً | G10: المحفظة | H10: تم الدفع | I10: مستلزمات زراعية | J10: =IF(AND(D10="",E10="",A10="",B10="",C10=""),"", IFERROR(IF(J9="",D2,J9),D2)+IF(E10="",0,E10)-IF(OR(G10="أبو اسحاق",G10="أبو آدم",G10="أبو اسحاق ",G10="أبو آدم "),0,IF(D10="",0,D10))) | K10: تم الصرف | L10: =IF(E10>0,COUNTIF($E$4:E10,">0"),"") | M10: =IF(AND(D10>0,G10="المحفظة"),COUNTIFS($D$4:D10,">"&0,$G$4:G10,"المحفظة"),"") | N10: =IF(AND(OR('طباعة كشف الحساب'!$C$2="الكل",MONTH(A10)=IFERROR(MATCH('طباعة كشف الحساب'!$C$2,{"يناير","فبراير","مارس","أبريل","مايو","يونيو","يوليو","أغسطس","سبتمبر","أكتوبر","نوفمبر","ديسمبر"},0),0)),OR('طباعة كشف الحساب'!$F$2="الكل",YEAR(A10)=IFERROR(VALUE('طباعة كشف الحساب'!$F$2),0)),A10<>""),IFERROR(MAX($N$4:N9),0)+1,"") | O10: =IF(AND(D10>0,F10="أحد الشركاء"),COUNTIFS($D$4:D10,">"&0,$F$4:F10,"أحد الشركاء"),"")
A11: 46134 | B11: 242 | C11: احواض حجم25سم عدد 2000 | D11: 190 | F11: أحد الشركاء | G11: أبو آدم | H11: معلق | I11: أحواض وأدوات | J11: =IF(AND(D11="",E11="",A11="",B11="",C11=""),"", IFERROR(IF(J10="",D2,J10),D2)+IF(E11="",0,E11)-IF(OR(G11="أبو اسحاق",G11="أبو آدم",G11="أبو اسحاق ",G11="أبو آدم "),0,IF(D11="",0,D11))) | L11: =IF(E11>0,COUNTIF($E$4:E11,">0"),"") | M11: =IF(AND(D11>0,G11="المحفظة"),COUNTIFS($D$4:D11,">"&0,$G$4:G11,"المحفظة"),"") | N11: =IF(AND(OR('طباعة كشف الحساب'!$C$2="الكل",MONTH(A11)=IFERROR(MATCH('طباعة كشف الحساب'!$C$2,{"يناير","فبراير","مارس","أبريل","مايو","يونيو","يوليو","أغسطس","سبتمبر","أكتوبر","نوفمبر","ديسمبر"},0),0)),OR('طباعة كشف الحساب'!$F$2="الكل",YEAR(A11)=IFERROR(VALUE('طباعة كشف الحساب'!$F$2),0)),A11<>""),IFERROR(MAX($N$4:N10),0)+1,"") | O11: =IF(AND(D11>0,F11="أحد الشركاء"),COUNTIFS($D$4:D11,">"&0,$F$4:F11,"أحد الشركاء"),"")
A12: 46142 | C12: مدخول شهر ابريل | E12: 40.5 | J12: =IF(AND(D12="",E12="",A12="",B12="",C12=""),"", IFERROR(IF(J11="",D2,J11),D2)+IF(E12="",0,E12)-IF(OR(G12="أبو اسحاق",G12="أبو آدم",G12="أبو اسحاق ",G12="أبو آدم "),0,IF(D12="",0,D12))) | L12: =IF(E12>0,COUNTIF($E$4:E12,">0"),"") | M12: =IF(AND(D12>0,G12="المحفظة"),COUNTIFS($D$4:D12,">"&0,$G$4:G12,"المحفظة"),"") | N12: =IF(AND(OR('طباعة كشف الحساب'!$C$2="الكل",MONTH(A12)=IFERROR(MATCH('طباعة كشف الحساب'!$C$2,{"يناير","فبراير","مارس","أبريل","مايو","يونيو","يوليو","أغسطس","سبتمبر","أكتوبر","نوفمبر","ديسمبر"},0),0)),OR('طباعة كشف الحساب'!$F$2="الكل",YEAR(A12)=IFERROR(VALUE('طباعة كشف الحساب'!$F$2),0)),A12<>""),IFERROR(MAX($N$4:N11),0)+1,"") | O12: =IF(AND(D12>0,F12="أحد الشركاء"),COUNTIFS($D$4:D12,">"&0,$F$4:F12,"أحد الشركاء"),"")
A13: 46142 | B13: 40505 | C13: احواض حجم 14سم عدد 2000(40) | F13: نقداً | G13: المحفظة | H13: تم الدفع | I13: أحواض وأدوات | J13: =IF(AND(D13="",E13="",A13="",B13="",C13=""),"", IFERROR(IF(J12="",D2,J12),D2)+IF(E13="",0,E13)-IF(OR(G13="أبو اسحاق",G13="أبو آدم",G13="أبو اسحاق ",G13="أبو آدم "),0,IF(D13="",0,D13))) | L13: =IF(E13>0,COUNTIF($E$4:E13,">0"),"") | M13: =IF(AND(D13>0,G13="المحفظة"),COUNTIFS($D$4:D13,">"&0,$G$4:G13,"المحفظة"),"") | N13: =IF(AND(OR('طباعة كشف الحساب'!$C$2="الكل",MONTH(A13)=IFERROR(MATCH('طباعة كشف الحساب'!$C$2,{"يناير","فبراير","مارس","أبريل","مايو","يونيو","يوليو","أغسطس","سبتمبر","أكتوبر","نوفمبر","ديسمبر"},0),0)),OR('طباعة كشف الحساب'!$F$2="الكل",YEAR(A13)=IFERROR(VALUE('طباعة كشف الحساب'!$F$2),0)),A13<>""),IFERROR(MAX($N$4:N12),0)+1,"") | O13: =IF(AND(D13>0,F13="أحد الشركاء"),COUNTIFS($D$4:D13,">"&0,$F$4:F13,"أحد الشركاء"),"")
A14: 46142 | B14: 5370 | C14: جبس لتغطيه المحميه(3) | F14: نقداً | G14: المحفظة | H14: تم الدفع | I14: مبيدات وأسمدة | J14: =IF(AND(D14="",E14="",A14="",B14="",C14=""),"", IFERROR(IF(J13="",D2,J13),D2)+IF(E14="",0,E14)-IF(OR(G14="أبو اسحاق",G14="أبو آدم",G14="أبو اسحاق ",G14="أبو آدم "),0,IF(D14="",0,D14))) | L14: =IF(E14>0,COUNTIF($E$4:E14,">0"),"") | M14: =IF(AND(D14>0,G14="المحفظة"),COUNTIFS($D$4:D14,">"&0,$G$4:G14,"المحفظة"),"") | N14: =IF(AND(OR('طباعة كشف الحساب'!$C$2="الكل",MONTH(A14)=IFERROR(MATCH('طباعة كشف الحساب'!$C$2,{"يناير","فبراير","مارس","أبريل","مايو","يونيو","يوليو","أغسطس","سبتمبر","أكتوبر","نوفمبر","ديسمبر"},0),0)),OR('طباعة كشف الحساب'!$F$2="الكل",YEAR(A14)=IFERROR(VALUE('طباعة كشف الحساب'!$F$2),0)),A14<>""),IFERROR(MAX($N$4:N13),0)+1,"") | O14: =IF(AND(D14>0,F14="أحد الشركاء"),COUNTIFS($D$4:D14,">"&0,$F$4:F14,"أحد الشركاء"),"")
A15: 46142 | C15: بونص عمالة أبريل(5) | F15: نقداً | G15: المحفظة | H15: تم الدفع | I15: رواتب وعمالة | J15: =IF(AND(D15="",E15="",A15="",B15="",C15=""),"", IFERROR(IF(J14="",D3,J14),D3)+IF(E15="",0,E15)-IF(OR(G15="أبو اسحاق",G15="أبو آدم",G15="أبو اسحاق ",G15="أبو آدم "),0,IF(D15="",0,D15))) | L15: =IF(E15>0,COUNTIF($E$4:E15,">0"),"") | N15: =IF(AND(OR('طباعة كشف الحساب'!$C$2="الكل",MONTH(A15)=IFERROR(MATCH('طباعة كشف الحساب'!$C$2,{"يناير","فبراير","مارس","أبريل","مايو","يونيو","يوليو","أغسطس","سبتمبر","أكتوبر","نوفمبر","ديسمبر"},0),0)),OR('طباعة كشف الحساب'!$F$2="الكل",YEAR(A15)=IFERROR(VALUE('طباعة كشف الحساب'!$F$2),0)),A15<>""),IFERROR(MAX($N$4:N14),0)+1,"")
A16: 46151 | B16: Inv-013 | C16: فل عدد 21 سعر الحبه .0.750 | E16: 15.75 | F16: نقداً | H16: تم الدفع | J16: =IF(AND(D16="",E16="",A16="",B16="",C16=""),"", IFERROR(IF(J15="",D2,J15),D2)+IF(E16="",0,E16)-IF(OR(G16="أبو اسحاق",G16="أبو آدم",G16="أبو اسحاق ",G16="أبو آدم "),0,IF(D16="",0,D16))) | L16: =IF(E15>0,COUNTIF($E$4:E15,">0"),"") | M16: =IF(AND(D15>0,G15="المحفظة"),COUNTIFS($D$4:D15,">"&0,$G$4:G15,"المحفظة"),"") | N16: =IF(AND(OR('طباعة كشف الحساب'!$C$2="الكل",MONTH(A16)=IFERROR(MATCH('طباعة كشف الحساب'!$C$2,{"يناير","فبراير","مارس","أبريل","مايو","يونيو","يوليو","أغسطس","سبتمبر","أكتوبر","نوفمبر","ديسمبر"},0),0)),OR('طباعة كشف الحساب'!$F$2="الكل",YEAR(A16)=IFERROR(VALUE('طباعة كشف الحساب'!$F$2),0)),A16<>""),IFERROR(MAX($N$4:N15),0)+1,"") | O16: =IF(AND(D15>0,F15="أحد الشركاء"),COUNTIFS($D$4:D15,">"&0,$F$4:F15,"أحد الشركاء"),"")
A17: 46151 | B17: Inv-013A | C17: برازيليا عدد 25 سعر الحبه .500 | E17: 12.5 | F17: نقداً | G17: المحفظة | H17: تم الدفع | J17: =IF(AND(D17="",E17="",A17="",B17="",C17=""),"", IFERROR(IF(J16="",D2,J16),D2)+IF(E17="",0,E17)-IF(OR(G17="أبو اسحاق",G17="أبو آدم",G17="أبو اسحاق ",G17="أبو آدم "),0,IF(D17="",0,D17))) | L17: =IF(E16>0,COUNTIF($E$4:E16,">0"),"") | M17: =IF(AND(D16>0,G16="المحفظة"),COUNTIFS($D$4:D16,">"&0,$G$4:G16,"المحفظة"),"") | N17: =IF(AND(OR('طباعة كشف الحساب'!$C$2="الكل",MONTH(A17)=IFERROR(MATCH('طباعة كشف الحساب'!$C$2,{"يناير","فبراير","مارس","أبريل","مايو","يونيو","يوليو","أغسطس","سبتمبر","أكتوبر","نوفمبر","ديسمبر"},0),0)),OR('طباعة كشف الحساب'!$F$2="الكل",YEAR(A17)=IFERROR(VALUE('طباعة كشف الحساب'!$F$2),0)),A17<>""),IFERROR(MAX($N$4:N16),0)+1,"") | O17: =IF(AND(D16>0,F16="أحد الشركاء"),COUNTIFS($D$4:D16,">"&0,$F$4:F16,"أحد الشركاء"),"")
A18: 46151 | B18: 18213 | C18: شراء دريل | D18: 9 | F18: أحد الشركاء | G18: أبو اسحاق | H18: معلق | I18: مستلزمات زراعية | J18: =IF(AND(D18="",E18="",A18="",B18="",C18=""),"", IFERROR(IF(J17="",D2,J17),D2)+IF(E18="",0,E18)-IF(OR(G18="أبو اسحاق",G18="أبو آدم",G18="أبو اسحاق ",G18="أبو آدم "),0,IF(D18="",0,D18))) | L18: =IF(E17>0,COUNTIF($E$4:E17,">0"),"") | M18: =IF(AND(D17>0,G17="المحفظة"),COUNTIFS($D$4:D17,">"&0,$G$4:G17,"المحفظة"),"") | N18: =IF(AND(OR('طباعة كشف الحساب'!$C$2="الكل",MONTH(A18)=IFERROR(MATCH('طباعة كشف الحساب'!$C$2,{"يناير","فبراير","مارس","أبريل","مايو","يونيو","يوليو","أغسطس","سبتمبر","أكتوبر","نوفمبر","ديسمبر"},0),0)),OR('طباعة كشف الحساب'!$F$2="الكل",YEAR(A18)=IFERROR(VALUE('طباعة كشف الحساب'!$F$2),0)),A18<>""),IFERROR(MAX($N$4:N17),0)+1,"") | O18: =IF(AND(D17>0,F17="أحد الشركاء"),COUNTIFS($D$4:D17,">"&0,$F$4:F17,"أحد الشركاء"),"")
A19: 46152 | B19: Inv-016 | C19: ودليه عدد 3 الحبه 0.750 | E19: 2.25 | F19: نقداً | J19: =IF(AND(D19="",E19="",A19="",B19="",C19=""),"", IFERROR(IF(J18="",D2,J18),D2)+IF(E19="",0,E19)-IF(OR(G19="أبو اسحاق",G19="أبو آدم",G19="أبو اسحاق ",G19="أبو آدم "),0,IF(D19="",0,D19))) | L19: =IF(E18>0,COUNTIF($E$4:E18,">0"),"") | M19: =IF(AND(D18>0,G18="المحفظة"),COUNTIFS($D$4:D18,">"&0,$G$4:G18,"المحفظة"),"") | N19: =IF(AND(OR('طباعة كشف الحساب'!$C$2="الكل",MONTH(A19)=IFERROR(MATCH('طباعة كشف الحساب'!$C$2,{"يناير","فبراير","مارس","أبريل","مايو","يونيو","يوليو","أغسطس","سبتمبر","أكتوبر","نوفمبر","ديسمبر"},0),0)),OR('طباعة كشف الحساب'!$F$2="الكل",YEAR(A19)=IFERROR(VALUE('طباعة كشف الحساب'!$F$2),0)),A19<>""),IFERROR(MAX($N$4:N18),0)+1,"") | O19: =IF(AND(D18>0,F18="أحد الشركاء"),COUNTIFS($D$4:D18,">"&0,$F$4:F18,"أحد الشركاء"),"")
A20: 46155 | B20: Inv-017 | C20: فل عدد 10 الحبه 0.750 | E20: 7.5 | F20: نقداً | J20: =IF(AND(D20="",E20="",A20="",B20="",C20=""),"", IFERROR(IF(J19="",D2,J19),D2)+IF(E20="",0,E20)-IF(OR(G20="أبو اسحاق",G20="أبو آدم",G20="أبو اسحاق ",G20="أبو آدم "),0,IF(D20="",0,D20))) | L20: =IF(E19>0,COUNTIF($E$4:E19,">0"),"") | M20: =IF(AND(D19>0,G19="المحفظة"),COUNTIFS($D$4:D19,">"&0,$G$4:G19,"المحفظة"),"") | N20: =IF(AND(OR('طباعة كشف الحساب'!$C$2="الكل",MONTH(A20)=IFERROR(MATCH('طباعة كشف الحساب'!$C$2,{"يناير","فبراير","مارس","أبريل","مايو","يونيو","يوليو","أغسطس","سبتمبر","أكتوبر","نوفمبر","ديسمبر"},0),0)),OR('طباعة كشف الحساب'!$F$2="الكل",YEAR(A20)=IFERROR(VALUE('طباعة كشف الحساب'!$F$2),0)),A20<>""),IFERROR(MAX($N$4:N19),0)+1,"") | O20: =IF(AND(D19>0,F19="أحد الشركاء"),COUNTIFS($D$4:D19,">"&0,$F$4:F19,"أحد الشركاء"),"")
A21: 46156 | B21: Inv-18A | C21: ربل 4 حبات الحبه 1.500 | E21: 6 | F21: نقداً | J21: =IF(AND(D21="",E21="",A21="",B21="",C21=""),"", IFERROR(IF(J20="",D2,J20),D2)+IF(E21="",0,E21)-IF(OR(G21="أبو اسحاق",G21="أبو آدم",G21="أبو اسحاق ",G21="أبو آدم "),0,IF(D21="",0,D21))) | L21: =IF(E20>0,COUNTIF($E$4:E20,">0"),"") | M21: =IF(AND(D20>0,G20="المحفظة"),COUNTIFS($D$4:D20,">"&0,$G$4:G20,"المحفظة"),"") | N21: =IF(AND(OR('طباعة كشف الحساب'!$C$2="الكل",MONTH(A21)=IFERROR(MATCH('طباعة كشف الحساب'!$C$2,{"يناير","فبراير","مارس","أبريل","مايو","يونيو","يوليو","أغسطس","سبتمبر","أكتوبر","نوفمبر","ديسمبر"},0),0)),OR('طباعة كشف الحساب'!$F$2="الكل",YEAR(A21)=IFERROR(VALUE('طباعة كشف الحساب'!$F$2),0)),A21<>""),IFERROR(MAX($N$4:N20),0)+1,"") | O21: =IF(AND(D20>0,F20="أحد الشركاء"),COUNTIFS($D$4:D20,">"&0,$F$4:F20,"أحد الشركاء"),"")
A22: 46156 | B22: Inv-18 | C22: ودليه 8 حبات الحبه 1 | E22: 8 | F22: نقداً | J22: =IF(AND(D22="",E22="",A22="",B22="",C22=""),"", IFERROR(IF(J21="",D2,J21),D2)+IF(E22="",0,E22)-IF(OR(G22="أبو اسحاق",G22="أبو آدم",G22="أبو اسحاق ",G22="أبو آدم "),0,IF(D22="",0,D22))) | L22: =IF(E21>0,COUNTIF($E$4:E21,">0"),"") | M22: =IF(AND(D21>0,G21="المحفظة"),COUNTIFS($D$4:D21,">"&0,$G$4:G21,"المحفظة"),"") | N22: =IF(AND(OR('طباعة كشف الحساب'!$C$2="الكل",MONTH(A22)=IFERROR(MATCH('طباعة كشف الحساب'!$C$2,{"يناير","فبراير","مارس","أبريل","مايو","يونيو","يوليو","أغسطس","سبتمبر","أكتوبر","نوفمبر","ديسمبر"},0),0)),OR('طباعة كشف الحساب'!$F$2="الكل",YEAR(A22)=IFERROR(VALUE('طباعة كشف الحساب'!$F$2),0)),A22<>""),IFERROR(MAX($N$4:N21),0)+1,"") | O22: =IF(AND(D21>0,F21="أحد الشركاء"),COUNTIFS($D$4:D21,">"&0,$F$4:F21,"أحد الشركاء"),"")
A23: 46158 | B23: Inv-19 | C23: فل عدد 2 الحبه 0.750 | E23: 1.5 | F23: نقداً | J23: =IF(AND(D23="",E23="",A23="",B23="",C23=""),"", IFERROR(IF(J22="",D2,J22),D2)+IF(E23="",0,E23)-IF(OR(G23="أبو اسحاق",G23="أبو آدم",G23="أبو اسحاق ",G23="أبو آدم "),0,IF(D23="",0,D23))) | L23: =IF(E22>0,COUNTIF($E$4:E22,">0"),"") | M23: =IF(AND(D22>0,G22="المحفظة"),COUNTIFS($D$4:D22,">"&0,$G$4:G22,"المحفظة"),"") | N23: =IF(AND(OR('طباعة كشف الحساب'!$C$2="الكل",MONTH(A23)=IFERROR(MATCH('طباعة كشف الحساب'!$C$2,{"يناير","فبراير","مارس","أبريل","مايو","يونيو","يوليو","أغسطس","سبتمبر","أكتوبر","نوفمبر","ديسمبر"},0),0)),OR('طباعة كشف الحساب'!$F$2="الكل",YEAR(A23)=IFERROR(VALUE('طباعة كشف الحساب'!$F$2),0)),A23<>""),IFERROR(MAX($N$4:N22),0)+1,"") | O23: =IF(AND(D22>0,F22="أحد الشركاء"),COUNTIFS($D$4:D22,">"&0,$F$4:F22,"أحد الشركاء"),"")
A24: 46158 | B24: Inv-20 | C24: صبار اوليفيرا عدد 3 الحبه 0.750 | E24: 2.25 | F24: نقداً | J24: =IF(AND(D24="",E24="",A24="",B24="",C24=""),"", IFERROR(IF(J23="",D2,J23),D2)+IF(E24="",0,E24)-IF(OR(G24="أبو اسحاق",G24="أبو آدم",G24="أبو اسحاق ",G24="أبو آدم "),0,IF(D24="",0,D24))) | L24: =IF(E23>0,COUNTIF($E$4:E23,">0"),"") | M24: =IF(AND(D23>0,G23="المحفظة"),COUNTIFS($D$4:D23,">"&0,$G$4:G23,"المحفظة"),"") | N24: =IF(AND(OR('طباعة كشف الحساب'!$C$2="الكل",MONTH(A24)=IFERROR(MATCH('طباعة كشف الحساب'!$C$2,{"يناير","فبراير","مارس","أبريل","مايو","يونيو","يوليو","أغسطس","سبتمبر","أكتوبر","نوفمبر","ديسمبر"},0),0)),OR('طباعة كشف الحساب'!$F$2="الكل",YEAR(A24)=IFERROR(VALUE('طباعة كشف الحساب'!$F$2),0)),A24<>""),IFERROR(MAX($N$4:N23),0)+1,"") | O24: =IF(AND(D23>0,F23="أحد الشركاء"),COUNTIFS($D$4:D23,">"&0,$F$4:F23,"أحد الشركاء"),"")
A25: 46158 | B25: Inv-21 | C25: دارسينا عدد 1 الحبه 2.500 | E25: 2.5 | F25: نقداً | J25: =IF(AND(D25="",E25="",A25="",B25="",C25=""),"", IFERROR(IF(J24="",D2,J24),D2)+IF(E25="",0,E25)-IF(OR(G25="أبو اسحاق",G25="أبو آدم",G25="أبو اسحاق ",G25="أبو آدم "),0,IF(D25="",0,D25))) | L25: =IF(E24>0,COUNTIF($E$4:E24,">0"),"") | M25: =IF(AND(D24>0,G24="المحفظة"),COUNTIFS($D$4:D24,">"&0,$G$4:G24,"المحفظة"),"") | N25: =IF(AND(OR('طباعة كشف الحساب'!$C$2="الكل",MONTH(A25)=IFERROR(MATCH('طباعة كشف الحساب'!$C$2,{"يناير","فبراير","مارس","أبريل","مايو","يونيو","يوليو","أغسطس","سبتمبر","أكتوبر","نوفمبر","ديسمبر"},0),0)),OR('طباعة كشف الحساب'!$F$2="الكل",YEAR(A25)=IFERROR(VALUE('طباعة كشف الحساب'!$F$2),0)),A25<>""),IFERROR(MAX($N$4:N24),0)+1,"") | O25: =IF(AND(D24>0,F24="أحد الشركاء"),COUNTIFS($D$4:D24,">"&0,$F$4:F24,"أحد الشركاء"),"")
A26: 46159 | B26: Inv-22 | C26: فل عدد 30 الحبه 0.750 | E26: 22.5 | F26: نقداً | J26: =IF(AND(D26="",E26="",A26="",B26="",C26=""),"", IFERROR(IF(J25="",D2,J25),D2)+IF(E26="",0,E26)-IF(OR(G26="أبو اسحاق",G26="أبو آدم",G26="أبو اسحاق ",G26="أبو آدم "),0,IF(D26="",0,D26))) | K26: تم إعطاء 1 حبه هديه الإجمالي 31 حبه | L26: =IF(E25>0,COUNTIF($E$4:E25,">0"),"") | M26: =IF(AND(D25>0,G25="المحفظة"),COUNTIFS($D$4:D25,">"&0,$G$4:G25,"المحفظة"),"") | N26: =IF(AND(OR('طباعة كشف الحساب'!$C$2="الكل",MONTH(A26)=IFERROR(MATCH('طباعة كشف الحساب'!$C$2,{"يناير","فبراير","مارس","أبريل","مايو","يونيو","يوليو","أغسطس","سبتمبر","أكتوبر","نوفمبر","ديسمبر"},0),0)),OR('طباعة كشف الحساب'!$F$2="الكل",YEAR(A26)=IFERROR(VALUE('طباعة كشف الحساب'!$F$2),0)),A26<>""),IFERROR(MAX($N$4:N25),0)+1,"") | O26: =IF(AND(D25>0,F25="أحد الشركاء"),COUNTIFS($D$4:D25,">"&0,$F$4:F25,"أحد الشركاء"),"")
A27: 46159 | B27: Inv-23 | C27: برازيليا عدد 16 الحبه 0.500 | E27: 8 | F27: نقداً | J27: =IF(AND(D27="",E27="",A27="",B27="",C27=""),"", IFERROR(IF(J26="",D2,J26),D2)+IF(E27="",0,E27)-IF(OR(G27="أبو اسحاق",G27="أبو آدم",G27="أبو اسحاق ",G27="أبو آدم "),0,IF(D27="",0,D27))) | L27: =IF(E26>0,COUNTIF($E$4:E26,">0"),"") | M27: =IF(AND(D26>0,G26="المحفظة"),COUNTIFS($D$4:D26,">"&0,$G$4:G26,"المحفظة"),"") | N27: =IF(AND(OR('طباعة كشف الحساب'!$C$2="الكل",MONTH(A27)=IFERROR(MATCH('طباعة كشف الحساب'!$C$2,{"يناير","فبراير","مارس","أبريل","مايو","يونيو","يوليو","أغسطس","سبتمبر","أكتوبر","نوفمبر","ديسمبر"},0),0)),OR('طباعة كشف الحساب'!$F$2="الكل",YEAR(A27)=IFERROR(VALUE('طباعة كشف الحساب'!$F$2),0)),A27<>""),IFERROR(MAX($N$4:N26),0)+1,"") | O27: =IF(AND(D26>0,F26="أحد الشركاء"),COUNTIFS($D$4:D26,">"&0,$F$4:F26,"أحد الشركاء"),"")
A28: 46160 | B28: Inv-24 | C28: فل عدد10 الحبه 0.750 | E28: 7.5 | F28: نقداً | J28: =IF(AND(D28="",E28="",A28="",B28="",C28=""),"", IFERROR(IF(J27="",D2,J27),D2)+IF(E28="",0,E28)-IF(OR(G28="أبو اسحاق",G28="أبو آدم",G28="أبو اسحاق ",G28="أبو آدم "),0,IF(D28="",0,D28))) | L28: =IF(E27>0,COUNTIF($E$4:E27,">0"),"") | M28: =IF(AND(D27>0,G27="المحفظة"),COUNTIFS($D$4:D27,">"&0,$G$4:G27,"المحفظة"),"") | N28: =IF(AND(OR('طباعة كشف الحساب'!$C$2="الكل",MONTH(A28)=IFERROR(MATCH('طباعة كشف الحساب'!$C$2,{"يناير","فبراير","مارس","أبريل","مايو","يونيو","يوليو","أغسطس","سبتمبر","أكتوبر","نوفمبر","ديسمبر"},0),0)),OR('طباعة كشف الحساب'!$F$2="الكل",YEAR(A28)=IFERROR(VALUE('طباعة كشف الحساب'!$F$2),0)),A28<>""),IFERROR(MAX($N$4:N27),0)+1,"") | O28: =IF(AND(D27>0,F27="أحد الشركاء"),COUNTIFS($D$4:D27,">"&0,$F$4:F27,"أحد الشركاء"),"")
A29: 46160 | B29: Inv-25 | C29: دارسيناحمراء عدد 1 | E29: 5 | F29: نقداً | J29: =IF(AND(D29="",E29="",A29="",B29="",C29=""),"", IFERROR(IF(J28="",D2,J28),D2)+IF(E29="",0,E29)-IF(OR(G29="أبو اسحاق",G29="أبو آدم",G29="أبو اسحاق ",G29="أبو آدم "),0,IF(D29="",0,D29))) | L29: =IF(E28>0,COUNTIF($E$4:E28,">0"),"") | M29: =IF(AND(D28>0,G28="المحفظة"),COUNTIFS($D$4:D28,">"&0,$G$4:G28,"المحفظة"),"") | N29: =IF(AND(OR('طباعة كشف الحساب'!$C$2="الكل",MONTH(A29)=IFERROR(MATCH('طباعة كشف الحساب'!$C$2,{"يناير","فبراير","مارس","أبريل","مايو","يونيو","يوليو","أغسطس","سبتمبر","أكتوبر","نوفمبر","ديسمبر"},0),0)),OR('طباعة كشف الحساب'!$F$2="الكل",YEAR(A29)=IFERROR(VALUE('طباعة كشف الحساب'!$F$2),0)),A29<>""),IFERROR(MAX($N$4:N28),0)+1,"") | O29: =IF(AND(D28>0,F28="أحد الشركاء"),COUNTIFS($D$4:D28,">"&0,$F$4:F28,"أحد الشركاء"),"")
A30: 46160 | B30: Inv-26 | C30: دارسينا خضراء عدد 2 الحبه 1.500 | E30: 3 | F30: نقداً | J30: =IF(AND(D30="",E30="",A30="",B30="",C30=""),"", IFERROR(IF(J29="",D2,J29),D2)+IF(E30="",0,E30)-IF(OR(G30="أبو اسحاق",G30="أبو آدم",G30="أبو اسحاق ",G30="أبو آدم "),0,IF(D30="",0,D30))) | L30: =IF(E29>0,COUNTIF($E$4:E29,">0"),"") | M30: =IF(AND(D29>0,G29="المحفظة"),COUNTIFS($D$4:D29,">"&0,$G$4:G29,"المحفظة"),"") | N30: =IF(AND(OR('طباعة كشف الحساب'!$C$2="الكل",MONTH(A30)=IFERROR(MATCH('طباعة كشف الحساب'!$C$2,{"يناير","فبراير","مارس","أبريل","مايو","يونيو","يوليو","أغسطس","سبتمبر","أكتوبر","نوفمبر","ديسمبر"},0),0)),OR('طباعة كشف الحساب'!$F$2="الكل",YEAR(A30)=IFERROR(VALUE('طباعة كشف الحساب'!$F$2),0)),A30<>""),IFERROR(MAX($N$4:N29),0)+1,"") | O30: =IF(AND(D29>0,F29="أحد الشركاء"),COUNTIFS($D$4:D29,">"&0,$F$4:F29,"أحد الشركاء"),"")
A31: 46160 | B31: Inv-27 | C31: ربل عدد 2 الحبه 1.500 | E31: 3 | F31: نقداً | J31: =IF(AND(D31="",E31="",A31="",B31="",C31=""),"", IFERROR(IF(J30="",D2,J30),D2)+IF(E31="",0,E31)-IF(OR(G31="أبو اسحاق",G31="أبو آدم",G31="أبو اسحاق ",G31="أبو آدم "),0,IF(D31="",0,D31))) | L31: =IF(E30>0,COUNTIF($E$4:E30,">0"),"") | M31: =IF(AND(D30>0,G30="المحفظة"),COUNTIFS($D$4:D30,">"&0,$G$4:G30,"المحفظة"),"") | N31: =IF(AND(OR('طباعة كشف الحساب'!$C$2="الكل",MONTH(A31)=IFERROR(MATCH('طباعة كشف الحساب'!$C$2,{"يناير","فبراير","مارس","أبريل","مايو","يونيو","يوليو","أغسطس","سبتمبر","أكتوبر","نوفمبر","ديسمبر"},0),0)),OR('طباعة كشف الحساب'!$F$2="الكل",YEAR(A31)=IFERROR(VALUE('طباعة كشف الحساب'!$F$2),0)),A31<>""),IFERROR(MAX($N$4:N30),0)+1,"") | O31: =IF(AND(D30>0,F30="أحد الشركاء"),COUNTIFS($D$4:D30,">"&0,$F$4:F30,"أحد الشركاء"),"")
A32: 46160 | B32: Inv-28 | C32: دارسينا حمراء عدد2 الحبه 2.500 | E32: 5 | F32: نقداً | J32: =IF(AND(D32="",E32="",A32="",B32="",C32=""),"", IFERROR(IF(J31="",D2,J31),D2)+IF(E32="",0,E32)-IF(OR(G32="أبو اسحاق",G32="أبو آدم",G32="أبو اسحاق ",G32="أبو آدم "),0,IF(D32="",0,D32))) | L32: =IF(E31>0,COUNTIF($E$4:E31,">0"),"") | M32: =IF(AND(D31>0,G31="المحفظة"),COUNTIFS($D$4:D31,">"&0,$G$4:G31,"المحفظة"),"") | N32: =IF(AND(OR('طباعة كشف الحساب'!$C$2="الكل",MONTH(A32)=IFERROR(MATCH('طباعة كشف الحساب'!$C$2,{"يناير","فبراير","مارس","أبريل","مايو","يونيو","يوليو","أغسطس","سبتمبر","أكتوبر","نوفمبر","ديسمبر"},0),0)),OR('طباعة كشف الحساب'!$F$2="الكل",YEAR(A32)=IFERROR(VALUE('طباعة كشف الحساب'!$F$2),0)),A32<>""),IFERROR(MAX($N$4:N31),0)+1,"") | O32: =IF(AND(D31>0,F31="أحد الشركاء"),COUNTIFS($D$4:D31,">"&0,$F$4:F31,"أحد الشركاء"),"")
A33: 46160 | B33: Inv-29 | C33: برازيليا عدد 10 الحبه 0.500 | E33: 5 | F33: نقداً | J33: =IF(AND(D33="",E33="",A33="",B33="",C33=""),"", IFERROR(IF(J32="",D2,J32),D2)+IF(E33="",0,E33)-IF(OR(G33="أبو اسحاق",G33="أبو آدم",G33="أبو اسحاق ",G33="أبو آدم "),0,IF(D33="",0,D33))) | L33: =IF(E32>0,COUNTIF($E$4:E32,">0"),"") | M33: =IF(AND(D32>0,G32="المحفظة"),COUNTIFS($D$4:D32,">"&0,$G$4:G32,"المحفظة"),"") | N33: =IF(AND(OR('طباعة كشف الحساب'!$C$2="الكل",MONTH(A33)=IFERROR(MATCH('طباعة كشف الحساب'!$C$2,{"يناير","فبراير","مارس","أبريل","مايو","يونيو","يوليو","أغسطس","سبتمبر","أكتوبر","نوفمبر","ديسمبر"},0),0)),OR('طباعة كشف الحساب'!$F$2="الكل",YEAR(A33)=IFERROR(VALUE('طباعة كشف الحساب'!$F$2),0)),A33<>""),IFERROR(MAX($N$4:N32),0)+1,"") | O33: =IF(AND(D32>0,F32="أحد الشركاء"),COUNTIFS($D$4:D32,">"&0,$F$4:F32,"أحد الشركاء"),"")
A34: 46160 | B34: 85164 | C34: مبيد اسيتبلان عدد 1 | D34: 9 | F34: نقداً | G34: المحفظة | H34: تم الدفع | I34: مبيدات وأسمدة | J34: =IF(AND(D34="",E34="",A34="",B34="",C34=""),"", IFERROR(IF(J33="",D2,J33),D2)+IF(E34="",0,E34)-IF(OR(G34="أبو اسحاق",G34="أبو آدم",G34="أبو اسحاق ",G34="أبو آدم "),0,IF(D34="",0,D34))) | L34: =IF(E33>0,COUNTIF($E$4:E33,">0"),"") | M34: =IF(AND(D33>0,G33="المحفظة"),COUNTIFS($D$4:D33,">"&0,$G$4:G33,"المحفظة"),"") | N34: =IF(AND(OR('طباعة كشف الحساب'!$C$2="الكل",MONTH(A34)=IFERROR(MATCH('طباعة كشف الحساب'!$C$2,{"يناير","فبراير","مارس","أبريل","مايو","يونيو","يوليو","أغسطس","سبتمبر","أكتوبر","نوفمبر","ديسمبر"},0),0)),OR('طباعة كشف الحساب'!$F$2="الكل",YEAR(A34)=IFERROR(VALUE('طباعة كشف الحساب'!$F$2),0)),A34<>""),IFERROR(MAX($N$4:N33),0)+1,"") | O34: =IF(AND(D33>0,F33="أحد الشركاء"),COUNTIFS($D$4:D33,">"&0,$F$4:F33,"أحد الشركاء"),"")
A35: 46161 | B35: Inv-30 | C35: فل عدد 30 الحبه 0.750 | E35: 22.5 | F35: نقداً | J35: =IF(AND(D35="",E35="",A35="",B35="",C35=""),"", IFERROR(IF(J34="",D2,J34),D2)+IF(E35="",0,E35)-IF(OR(G35="أبو اسحاق",G35="أبو آدم",G35="أبو اسحاق ",G35="أبو آدم "),0,IF(D35="",0,D35))) | L35: =IF(E34>0,COUNTIF($E$4:E34,">0"),"") | M35: =IF(AND(D34>0,G34="المحفظة"),COUNTIFS($D$4:D34,">"&0,$G$4:G34,"المحفظة"),"") | N35: =IF(AND(OR('طباعة كشف الحساب'!$C$2="الكل",MONTH(A35)=IFERROR(MATCH('طباعة كشف الحساب'!$C$2,{"يناير","فبراير","مارس","أبريل","مايو","يونيو","يوليو","أغسطس","سبتمبر","أكتوبر","نوفمبر","ديسمبر"},0),0)),OR('طباعة كشف الحساب'!$F$2="الكل",YEAR(A35)=IFERROR(VALUE('طباعة كشف الحساب'!$F$2),0)),A35<>""),IFERROR(MAX($N$4:N34),0)+1,"") | O35: =IF(AND(D34>0,F34="أحد الشركاء"),COUNTIFS($D$4:D34,">"&0,$F$4:F34,"أحد الشركاء"),"")
A36: 46162 | B36: Inv-31 | C36: فل عدد30 الحبه 0.750 | E36: 22.5 | F36: نقداً | J36: =IF(AND(D36="",E36="",A36="",B36="",C36=""),"", IFERROR(IF(J35="",D2,J35),D2)+IF(E36="",0,E36)-IF(OR(G36="أبو اسحاق",G36="أبو آدم",G36="أبو اسحاق ",G36="أبو آدم "),0,IF(D36="",0,D36))) | L36: =IF(E35>0,COUNTIF($E$4:E35,">0"),"") | M36: =IF(AND(D35>0,G35="المحفظة"),COUNTIFS($D$4:D35,">"&0,$G$4:G35,"المحفظة"),"") | N36: =IF(AND(OR('طباعة كشف الحساب'!$C$2="الكل",MONTH(A36)=IFERROR(MATCH('طباعة كشف الحساب'!$C$2,{"يناير","فبراير","مارس","أبريل","مايو","يونيو","يوليو","أغسطس","سبتمبر","أكتوبر","نوفمبر","ديسمبر"},0),0)),OR('طباعة كشف الحساب'!$F$2="الكل",YEAR(A36)=IFERROR(VALUE('طباعة كشف الحساب'!$F$2),0)),A36<>""),IFERROR(MAX($N$4:N35),0)+1,"") | O36: =IF(AND(D35>0,F35="أحد الشركاء"),COUNTIFS($D$4:D35,">"&0,$F$4:F35,"أحد الشركاء"),"")
A37: 46162 | B37: Inv-32 | C37: برازيليا عدد 50 الحبه0.500 | E37: 25 | F37: نقداً | J37: =IF(AND(D37="",E37="",A37="",B37="",C37=""),"", IFERROR(IF(J36="",D2,J36),D2)+IF(E37="",0,E37)-IF(OR(G37="أبو اسحاق",G37="أبو آدم",G37="أبو اسحاق ",G37="أبو آدم "),0,IF(D37="",0,D37))) | L37: =IF(E36>0,COUNTIF($E$4:E36,">0"),"") | M37: =IF(AND(D36>0,G36="المحفظة"),COUNTIFS($D$4:D36,">"&0,$G$4:G36,"المحفظة"),"") | N37: =IF(AND(OR('طباعة كشف الحساب'!$C$2="الكل",MONTH(A37)=IFERROR(MATCH('طباعة كشف الحساب'!$C$2,{"يناير","فبراير","مارس","أبريل","مايو","يونيو","يوليو","أغسطس","سبتمبر","أكتوبر","نوفمبر","ديسمبر"},0),0)),OR('طباعة كشف الحساب'!$F$2="الكل",YEAR(A37)=IFERROR(VALUE('طباعة كشف الحساب'!$F$2),0)),A37<>""),IFERROR(MAX($N$4:N36),0)+1,"") | O37: =IF(AND(D36>0,F36="أحد الشركاء"),COUNTIFS($D$4:D36,">"&0,$F$4:F36,"أحد الشركاء"),"")
A38: 46163 | B38: Inv-33 | C38: برازيليا عدد 75 الحبه 0.500 | E38: 37.5 | F38: نقداً | J38: =IF(AND(D38="",E38="",A38="",B38="",C38=""),"", IFERROR(IF(J37="",D2,J37),D2)+IF(E38="",0,E38)-IF(OR(G38="أبو اسحاق",G38="أبو آدم",G38="أبو اسحاق ",G38="أبو آدم "),0,IF(D38="",0,D38))) | L38: =IF(E37>0,COUNTIF($E$4:E37,">0"),"") | M38: =IF(AND(D37>0,G37="المحفظة"),COUNTIFS($D$4:D37,">"&0,$G$4:G37,"المحفظة"),"") | N38: =IF(AND(OR('طباعة كشف الحساب'!$C$2="الكل",MONTH(A38)=IFERROR(MATCH('طباعة كشف الحساب'!$C$2,{"يناير","فبراير","مارس","أبريل","مايو","يونيو","يوليو","أغسطس","سبتمبر","أكتوبر","نوفمبر","ديسمبر"},0),0)),OR('طباعة كشف الحساب'!$F$2="الكل",YEAR(A38)=IFERROR(VALUE('طباعة كشف الحساب'!$F$2),0)),A38<>""),IFERROR(MAX($N$4:N37),0)+1,"") | O38: =IF(AND(D37>0,F37="أحد الشركاء"),COUNTIFS($D$4:D37,">"&0,$F$4:F37,"أحد الشركاء"),"")
A39: 46163 | B39: Inv-34 | C39: دارسينيا احمر عدد1 حبه 2.500 | E39: 2.5 | F39: نقداً | J39: =IF(AND(D39="",E39="",A39="",B39="",C39=""),"", IFERROR(IF(J38="",D2,J38),D2)+IF(E39="",0,E39)-IF(OR(G39="أبو اسحاق",G39="أبو آدم",G39="أبو اسحاق ",G39="أبو آدم "),0,IF(D39="",0,D39))) | L39: =IF(E38>0,COUNTIF($E$4:E38,">0"),"") | M39: =IF(AND(D38>0,G38="المحفظة"),COUNTIFS($D$4:D38,">"&0,$G$4:G38,"المحفظة"),"") | N39: =IF(AND(OR('طباعة كشف الحساب'!$C$2="الكل",MONTH(A39)=IFERROR(MATCH('طباعة كشف الحساب'!$C$2,{"يناير","فبراير","مارس","أبريل","مايو","يونيو","يوليو","أغسطس","سبتمبر","أكتوبر","نوفمبر","ديسمبر"},0),0)),OR('طباعة كشف الحساب'!$F$2="الكل",YEAR(A39)=IFERROR(VALUE('طباعة كشف الحساب'!$F$2),0)),A39<>""),IFERROR(MAX($N$4:N38),0)+1,"") | O39: =IF(AND(D38>0,F38="أحد الشركاء"),COUNTIFS($D$4:D38,">"&0,$F$4:F38,"أحد الشركاء"),"")
A40: 46164 | B40: Inv-35 | C40: دارسينا حمراء عدد 6 الحبه 2,500 | E40: 15 | F40: نقداً | J40: =IF(AND(D40="",E40="",A40="",B40="",C40=""),"", IFERROR(IF(J39="",D2,J39),D2)+IF(E40="",0,E40)-IF(OR(G40="أبو اسحاق",G40="أبو آدم",G40="أبو اسحاق ",G40="أبو آدم "),0,IF(D40="",0,D40))) | L40: =IF(E39>0,COUNTIF($E$4:E39,">0"),"") | M40: =IF(AND(D39>0,G39="المحفظة"),COUNTIFS($D$4:D39,">"&0,$G$4:G39,"المحفظة"),"") | N40: =IF(AND(OR('طباعة كشف الحساب'!$C$2="الكل",MONTH(A40)=IFERROR(MATCH('طباعة كشف الحساب'!$C$2,{"يناير","فبراير","مارس","أبريل","مايو","يونيو","يوليو","أغسطس","سبتمبر","أكتوبر","نوفمبر","ديسمبر"},0),0)),OR('طباعة كشف الحساب'!$F$2="الكل",YEAR(A40)=IFERROR(VALUE('طباعة كشف الحساب'!$F$2),0)),A40<>""),IFERROR(MAX($N$4:N39),0)+1,"") | O40: =IF(AND(D39>0,F39="أحد الشركاء"),COUNTIFS($D$4:D39,">"&0,$F$4:F39,"أحد الشركاء"),"")
A41: 46164 | B41: Inv-36 | C41: ربل عدد4 الحبه 1.500 | E41: 6 | F41: نقداً | J41: =IF(AND(D41="",E41="",A41="",B41="",C41=""),"", IFERROR(IF(J40="",D2,J40),D2)+IF(E41="",0,E41)-IF(OR(G41="أبو اسحاق",G41="أبو آدم",G41="أبو اسحاق ",G41="أبو آدم "),0,IF(D41="",0,D41))) | L41: =IF(E40>0,COUNTIF($E$4:E40,">0"),"") | M41: =IF(AND(D40>0,G40="المحفظة"),COUNTIFS($D$4:D40,">"&0,$G$4:G40,"المحفظة"),"") | N41: =IF(AND(OR('طباعة كشف الحساب'!$C$2="الكل",MONTH(A41)=IFERROR(MATCH('طباعة كشف الحساب'!$C$2,{"يناير","فبراير","مارس","أبريل","مايو","يونيو","يوليو","أغسطس","سبتمبر","أكتوبر","نوفمبر","ديسمبر"},0),0)),OR('طباعة كشف الحساب'!$F$2="الكل",YEAR(A41)=IFERROR(VALUE('طباعة كشف الحساب'!$F$2),0)),A41<>""),IFERROR(MAX($N$4:N40),0)+1,"") | O41: =IF(AND(D40>0,F40="أحد الشركاء"),COUNTIFS($D$4:D40,">"&0,$F$4:F40,"أحد الشركاء"),"")
A42: 46167 | B42: Inv-37 | C42: عطره عدد 10 الحبه 0.750 | E42: 7.5 | F42: نقداً | J42: =IF(AND(D42="",E42="",A42="",B42="",C42=""),"", IFERROR(IF(J41="",D2,J41),D2)+IF(E42="",0,E42)-IF(OR(G42="أبو اسحاق",G42="أبو آدم",G42="أبو اسحاق ",G42="أبو آدم "),0,IF(D42="",0,D42))) | L42: =IF(E41>0,COUNTIF($E$4:E41,">0"),"") | M42: =IF(AND(D41>0,G41="المحفظة"),COUNTIFS($D$4:D41,">"&0,$G$4:G41,"المحفظة"),"") | N42: =IF(AND(OR('طباعة كشف الحساب'!$C$2="الكل",MONTH(A42)=IFERROR(MATCH('طباعة كشف الحساب'!$C$2,{"يناير","فبراير","مارس","أبريل","مايو","يونيو","يوليو","أغسطس","سبتمبر","أكتوبر","نوفمبر","ديسمبر"},0),0)),OR('طباعة كشف الحساب'!$F$2="الكل",YEAR(A42)=IFERROR(VALUE('طباعة كشف الحساب'!$F$2),0)),A42<>""),IFERROR(MAX($N$4:N41),0)+1,"") | O42: =IF(AND(D41>0,F41="أحد الشركاء"),COUNTIFS($D$4:D41,">"&0,$F$4:F41,"أحد الشركاء"),"")
A43: 46167 | B43: Inv-38 | C43: ودليه عدد 2 الحبه 1 | E43: 2 | F43: نقداً | J43: =IF(AND(D43="",E43="",A43="",B43="",C43=""),"", IFERROR(IF(J42="",D2,J42),D2)+IF(E43="",0,E43)-IF(OR(G43="أبو اسحاق",G43="أبو آدم",G43="أبو اسحاق ",G43="أبو آدم "),0,IF(D43="",0,D43))) | L43: =IF(E42>0,COUNTIF($E$4:E42,">0"),"") | M43: =IF(AND(D42>0,G42="المحفظة"),COUNTIFS($D$4:D42,">"&0,$G$4:G42,"المحفظة"),"") | N43: =IF(AND(OR('طباعة كشف الحساب'!$C$2="الكل",MONTH(A43)=IFERROR(MATCH('طباعة كشف الحساب'!$C$2,{"يناير","فبراير","مارس","أبريل","مايو","يونيو","يوليو","أغسطس","سبتمبر","أكتوبر","نوفمبر","ديسمبر"},0),0)),OR('طباعة كشف الحساب'!$F$2="الكل",YEAR(A43)=IFERROR(VALUE('طباعة كشف الحساب'!$F$2),0)),A43<>""),IFERROR(MAX($N$4:N42),0)+1,"") | O43: =IF(AND(D42>0,F42="أحد الشركاء"),COUNTIFS($D$4:D42,">"&0,$F$4:F42,"أحد الشركاء"),"")
A44: 46167 | B44: Inv-39 | C44: داراسينا حمراء عدد4 الحبه 1 | E44: 4 | F44: نقداً | J44: =IF(AND(D44="",E44="",A44="",B44="",C44=""),"", IFERROR(IF(J43="",D2,J43),D2)+IF(E44="",0,E44)-IF(OR(G44="أبو اسحاق",G44="أبو آدم",G44="أبو اسحاق ",G44="أبو آدم "),0,IF(D44="",0,D44))) | L44: =IF(E43>0,COUNTIF($E$4:E43,">0"),"") | M44: =IF(AND(D43>0,G43="المحفظة"),COUNTIFS($D$4:D43,">"&0,$G$4:G43,"المحفظة"),"") | N44: =IF(AND(OR('طباعة كشف الحساب'!$C$2="الكل",MONTH(A44)=IFERROR(MATCH('طباعة كشف الحساب'!$C$2,{"يناير","فبراير","مارس","أبريل","مايو","يونيو","يوليو","أغسطس","سبتمبر","أكتوبر","نوفمبر","ديسمبر"},0),0)),OR('طباعة كشف الحساب'!$F$2="الكل",YEAR(A44)=IFERROR(VALUE('طباعة كشف الحساب'!$F$2),0)),A44<>""),IFERROR(MAX($N$4:N43),0)+1,"") | O44: =IF(AND(D43>0,F43="أحد الشركاء"),COUNTIFS($D$4:D43,">"&0,$F$4:F43,"أحد الشركاء"),"")
A45: 46167 | C45: يزل ماكينه كهرباء | D45: 26 | F45: أحد الشركاء | G45: أبو اسحاق | H45: معلق | J45: =IF(AND(D45="",E45="",A45="",B45="",C45=""),"", IFERROR(IF(J44="",D2,J44),D2)+IF(E45="",0,E45)-IF(OR(G45="أبو اسحاق",G45="أبو آدم",G45="أبو اسحاق ",G45="أبو آدم "),0,IF(D45="",0,D45))) | L45: =IF(E44>0,COUNTIF($E$4:E44,">0"),"") | M45: =IF(AND(D44>0,G44="المحفظة"),COUNTIFS($D$4:D44,">"&0,$G$4:G44,"المحفظة"),"") | N45: =IF(AND(OR('طباعة كشف الحساب'!$C$2="الكل",MONTH(A45)=IFERROR(MATCH('طباعة كشف الحساب'!$C$2,{"يناير","فبراير","مارس","أبريل","مايو","يونيو","يوليو","أغسطس","سبتمبر","أكتوبر","نوفمبر","ديسمبر"},0),0)),OR('طباعة كشف الحساب'!$F$2="الكل",YEAR(A45)=IFERROR(VALUE('طباعة كشف الحساب'!$F$2),0)),A45<>""),IFERROR(MAX($N$4:N44),0)+1,"") | O45: =IF(AND(D44>0,F44="أحد الشركاء"),COUNTIFS($D$4:D44,">"&0,$F$4:F44,"أحد الشركاء"),"")
A46: 46167 | C46: راتب عماله مايو 2025 | D46: 250 | F46: أحد الشركاء | G46: أبو آدم | H46: معلق | I46: رواتب العمال | J46: =IF(AND(D46="",E46="",A46="",B46="",C46=""),"", IFERROR(IF(J45="",D2,J45),D2)+IF(E46="",0,E46)-IF(OR(G46="أبو اسحاق",G46="أبو آدم",G46="أبو اسحاق ",G46="أبو آدم "),0,IF(D46="",0,D46))) | L46: =IF(E45>0,COUNTIF($E$4:E45,">0"),"") | M46: =IF(AND(D45>0,G45="المحفظة"),COUNTIFS($D$4:D45,">"&0,$G$4:G45,"المحفظة"),"") | N46: =IF(AND(OR('طباعة كشف الحساب'!$C$2="الكل",MONTH(A46)=IFERROR(MATCH('طباعة كشف الحساب'!$C$2,{"يناير","فبراير","مارس","أبريل","مايو","يونيو","يوليو","أغسطس","سبتمبر","أكتوبر","نوفمبر","ديسمبر"},0),0)),OR('طباعة كشف الحساب'!$F$2="الكل",YEAR(A46)=IFERROR(VALUE('طباعة كشف الحساب'!$F$2),0)),A46<>""),IFERROR(MAX($N$4:N45),0)+1,"") | O46: =IF(AND(D45>0,F45="أحد الشركاء"),COUNTIFS($D$4:D45,">"&0,$F$4:F45,"أحد الشركاء"),"")
A47: 46167 | C47: راتب عماله مايو 2025 | D47: 250 | F47: أحد الشركاء | G47: أبو اسحاق | H47: معلق | I47: رواتب العمال | J47: =IF(AND(D47="",E47="",A47="",B47="",C47=""),"", IFERROR(IF(J46="",D2,J46),D2)+IF(E47="",0,E47)-IF(OR(G47="أبو اسحاق",G47="أبو آدم",G47="أبو اسحاق ",G47="أبو آدم "),0,IF(D47="",0,D47))) | L47: =IF(E46>0,COUNTIF($E$4:E46,">0"),"") | M47: =IF(AND(D46>0,G46="المحفظة"),COUNTIFS($D$4:D46,">"&0,$G$4:G46,"المحفظة"),"") | N47: =IF(AND(OR('طباعة كشف الحساب'!$C$2="الكل",MONTH(A47)=IFERROR(MATCH('طباعة كشف الحساب'!$C$2,{"يناير","فبراير","مارس","أبريل","مايو","يونيو","يوليو","أغسطس","سبتمبر","أكتوبر","نوفمبر","ديسمبر"},0),0)),OR('طباعة كشف الحساب'!$F$2="الكل",YEAR(A47)=IFERROR(VALUE('طباعة كشف الحساب'!$F$2),0)),A47<>""),IFERROR(MAX($N$4:N46),0)+1,"") | O47: =IF(AND(D46>0,F46="أحد الشركاء"),COUNTIFS($D$4:D46,">"&0,$F$4:F46,"أحد الشركاء"),"")
A48: 46146 | B48: Inv-40 | C48: other | E48: 9 | F48: نقداً | H48: تم الدفع | J48: =IF(AND(D48="",E48="",A48="",B48="",C48=""),"", IFERROR(IF(J47="",D2,J47),D2)+IF(E48="",0,E48)-IF(OR(G48="أبو اسحاق",G48="أبو آدم",G48="أبو اسحاق ",G48="أبو آدم "),0,IF(D48="",0,D48))) | L48: =IF(E47>0,COUNTIF($E$4:E47,">0"),"") | M48: =IF(AND(D47>0,G47="المحفظة"),COUNTIFS($D$4:D47,">"&0,$G$4:G47,"المحفظة"),"") | N48: =IF(AND(OR('طباعة كشف الحساب'!$C$2="الكل",MONTH(A48)=IFERROR(MATCH('طباعة كشف الحساب'!$C$2,{"يناير","فبراير","مارس","أبريل","مايو","يونيو","يوليو","أغسطس","سبتمبر","أكتوبر","نوفمبر","ديسمبر"},0),0)),OR('طباعة كشف الحساب'!$F$2="الكل",YEAR(A48)=IFERROR(VALUE('طباعة كشف الحساب'!$F$2),0)),A48<>""),IFERROR(MAX($N$4:N47),0)+1,"") | O48: =IF(AND(D47>0,F47="أحد الشركاء"),COUNTIFS($D$4:D47,">"&0,$F$4:F47,"أحد الشركاء"),"")
A49: 46146 | B49: Inv-41 | C49: other | E49: 9 | F49: نقداً | H49: تم الدفع | J49: =IF(AND(D49="",E49="",A49="",B49="",C49=""),"", IFERROR(IF(J48="",D2,J48),D2)+IF(E49="",0,E49)-IF(OR(G49="أبو اسحاق",G49="أبو آدم",G49="أبو اسحاق ",G49="أبو آدم "),0,IF(D49="",0,D49))) | L49: =IF(E48>0,COUNTIF($E$4:E48,">0"),"") | M49: =IF(AND(D48>0,G48="المحفظة"),COUNTIFS($D$4:D48,">"&0,$G$4:G48,"المحفظة"),"") | N49: =IF(AND(OR('طباعة كشف الحساب'!$C$2="الكل",MONTH(A49)=IFERROR(MATCH('طباعة كشف الحساب'!$C$2,{"يناير","فبراير","مارس","أبريل","مايو","يونيو","يوليو","أغسطس","سبتمبر","أكتوبر","نوفمبر","ديسمبر"},0),0)),OR('طباعة كشف الحساب'!$F$2="الكل",YEAR(A49)=IFERROR(VALUE('طباعة كشف الحساب'!$F$2),0)),A49<>""),IFERROR(MAX($N$4:N48),0)+1,"") | O49: =IF(AND(D48>0,F48="أحد الشركاء"),COUNTIFS($D$4:D48,">"&0,$F$4:F48,"أحد الشركاء"),"")
A50: 46146 | B50: Inv-42 | C50: other | E50: 2 | F50: نقداً | H50: تم الدفع | J50: =IF(AND(D50="",E50="",A50="",B50="",C50=""),"", IFERROR(IF(J49="",D2,J49),D2)+IF(E50="",0,E50)-IF(OR(G50="أبو اسحاق",G50="أبو آدم",G50="أبو اسحاق ",G50="أبو آدم "),0,IF(D50="",0,D50))) | L50: =IF(E49>0,COUNTIF($E$4:E49,">0"),"") | M50: =IF(AND(D49>0,G49="المحفظة"),COUNTIFS($D$4:D49,">"&0,$G$4:G49,"المحفظة"),"") | N50: =IF(AND(OR('طباعة كشف الحساب'!$C$2="الكل",MONTH(A50)=IFERROR(MATCH('طباعة كشف الحساب'!$C$2,{"يناير","فبراير","مارس","أبريل","مايو","يونيو","يوليو","أغسطس","سبتمبر","أكتوبر","نوفمبر","ديسمبر"},0),0)),OR('طباعة كشف الحساب'!$F$2="الكل",YEAR(A50)=IFERROR(VALUE('طباعة كشف الحساب'!$F$2),0)),A50<>""),IFERROR(MAX($N$4:N49),0)+1,"") | O50: =IF(AND(D49>0,F49="أحد الشركاء"),COUNTIFS($D$4:D49,">"&0,$F$4:F49,"أحد الشركاء"),"")
A51: 46147 | B51: Inv-43 | C51: other | E51: 3.75 | F51: نقداً | H51: تم الدفع | J51: =IF(AND(D51="",E51="",A51="",B51="",C51=""),"", IFERROR(IF(J50="",D2,J50),D2)+IF(E51="",0,E51)-IF(OR(G51="أبو اسحاق",G51="أبو آدم",G51="أبو اسحاق ",G51="أبو آدم "),0,IF(D51="",0,D51))) | L51: =IF(E50>0,COUNTIF($E$4:E50,">0"),"") | M51: =IF(AND(D50>0,G50="المحفظة"),COUNTIFS($D$4:D50,">"&0,$G$4:G50,"المحفظة"),"") | N51: =IF(AND(OR('طباعة كشف الحساب'!$C$2="الكل",MONTH(A51)=IFERROR(MATCH('طباعة كشف الحساب'!$C$2,{"يناير","فبراير","مارس","أبريل","مايو","يونيو","يوليو","أغسطس","سبتمبر","أكتوبر","نوفمبر","ديسمبر"},0),0)),OR('طباعة كشف الحساب'!$F$2="الكل",YEAR(A51)=IFERROR(VALUE('طباعة كشف الحساب'!$F$2),0)),A51<>""),IFERROR(MAX($N$4:N50),0)+1,"") | O51: =IF(AND(D50>0,F50="أحد الشركاء"),COUNTIFS($D$4:D50,">"&0,$F$4:F50,"أحد الشركاء"),"")
A52: 46149 | B52: Inv-44a | C52: other | E52: 5 | F52: نقداً | H52: تم الدفع | J52: =IF(AND(D52="",E52="",A52="",B52="",C52=""),"", IFERROR(IF(J51="",D2,J51),D2)+IF(E52="",0,E52)-IF(OR(G52="أبو اسحاق",G52="أبو آدم",G52="أبو اسحاق ",G52="أبو آدم "),0,IF(D52="",0,D52))) | L52: =IF(E51>0,COUNTIF($E$4:E51,">0"),"") | M52: =IF(AND(D51>0,G51="المحفظة"),COUNTIFS($D$4:D51,">"&0,$G$4:G51,"المحفظة"),"") | N52: =IF(AND(OR('طباعة كشف الحساب'!$C$2="الكل",MONTH(A52)=IFERROR(MATCH('طباعة كشف الحساب'!$C$2,{"يناير","فبراير","مارس","أبريل","مايو","يونيو","يوليو","أغسطس","سبتمبر","أكتوبر","نوفمبر","ديسمبر"},0),0)),OR('طباعة كشف الحساب'!$F$2="الكل",YEAR(A52)=IFERROR(VALUE('طباعة كشف الحساب'!$F$2),0)),A52<>""),IFERROR(MAX($N$4:N51),0)+1,"") | O52: =IF(AND(D51>0,F51="أحد الشركاء"),COUNTIFS($D$4:D51,">"&0,$F$4:F51,"أحد الشركاء"),"")
A53: 46155 | B53: Inv-44 | C53: other | E53: 15 | F53: نقداً | H53: تم الدفع | J53: =IF(AND(D53="",E53="",A53="",B53="",C53=""),"", IFERROR(IF(J52="",D2,J52),D2)+IF(E53="",0,E53)-IF(OR(G53="أبو اسحاق",G53="أبو آدم",G53="أبو اسحاق ",G53="أبو آدم "),0,IF(D53="",0,D53))) | L53: =IF(E52>0,COUNTIF($E$4:E52,">0"),"") | M53: =IF(AND(D52>0,G52="المحفظة"),COUNTIFS($D$4:D52,">"&0,$G$4:G52,"المحفظة"),"") | N53: =IF(AND(OR('طباعة كشف الحساب'!$C$2="الكل",MONTH(A53)=IFERROR(MATCH('طباعة كشف الحساب'!$C$2,{"يناير","فبراير","مارس","أبريل","مايو","يونيو","يوليو","أغسطس","سبتمبر","أكتوبر","نوفمبر","ديسمبر"},0),0)),OR('طباعة كشف الحساب'!$F$2="الكل",YEAR(A53)=IFERROR(VALUE('طباعة كشف الحساب'!$F$2),0)),A53<>""),IFERROR(MAX($N$4:N52),0)+1,"") | O53: =IF(AND(D52>0,F52="أحد الشركاء"),COUNTIFS($D$4:D52,">"&0,$F$4:F52,"أحد الشركاء"),"")
A54: 46155 | B54: Inv-45 | C54: other | E54: 4 | F54: نقداً | H54: تم الدفع | J54: =IF(AND(D54="",E54="",A54="",B54="",C54=""),"", IFERROR(IF(J53="",D2,J53),D2)+IF(E54="",0,E54)-IF(OR(G54="أبو اسحاق",G54="أبو آدم",G54="أبو اسحاق ",G54="أبو آدم "),0,IF(D54="",0,D54))) | L54: =IF(E53>0,COUNTIF($E$4:E53,">0"),"") | M54: =IF(AND(D53>0,G53="المحفظة"),COUNTIFS($D$4:D53,">"&0,$G$4:G53,"المحفظة"),"") | N54: =IF(AND(OR('طباعة كشف الحساب'!$C$2="الكل",MONTH(A54)=IFERROR(MATCH('طباعة كشف الحساب'!$C$2,{"يناير","فبراير","مارس","أبريل","مايو","يونيو","يوليو","أغسطس","سبتمبر","أكتوبر","نوفمبر","ديسمبر"},0),0)),OR('طباعة كشف الحساب'!$F$2="الكل",YEAR(A54)=IFERROR(VALUE('طباعة كشف الحساب'!$F$2),0)),A54<>""),IFERROR(MAX($N$4:N53),0)+1,"") | O54: =IF(AND(D53>0,F53="أحد الشركاء"),COUNTIFS($D$4:D53,">"&0,$F$4:F53,"أحد الشركاء"),"")
A55: 46155 | B55: Inv-46 | C55: other | E55: 3.6 | F55: نقداً | H55: تم الدفع | J55: =IF(AND(D55="",E55="",A55="",B55="",C55=""),"", IFERROR(IF(J54="",D2,J54),D2)+IF(E55="",0,E55)-IF(OR(G55="أبو اسحاق",G55="أبو آدم",G55="أبو اسحاق ",G55="أبو آدم "),0,IF(D55="",0,D55))) | L55: =IF(E54>0,COUNTIF($E$4:E54,">0"),"") | M55: =IF(AND(D54>0,G54="المحفظة"),COUNTIFS($D$4:D54,">"&0,$G$4:G54,"المحفظة"),"") | N55: =IF(AND(OR('طباعة كشف الحساب'!$C$2="الكل",MONTH(A55)=IFERROR(MATCH('طباعة كشف الحساب'!$C$2,{"يناير","فبراير","مارس","أبريل","مايو","يونيو","يوليو","أغسطس","سبتمبر","أكتوبر","نوفمبر","ديسمبر"},0),0)),OR('طباعة كشف الحساب'!$F$2="الكل",YEAR(A55)=IFERROR(VALUE('طباعة كشف الحساب'!$F$2),0)),A55<>""),IFERROR(MAX($N$4:N54),0)+1,"") | O55: =IF(AND(D54>0,F54="أحد الشركاء"),COUNTIFS($D$4:D54,">"&0,$F$4:F54,"أحد الشركاء"),"")
A56: 46158 | B56: Inv-47 | C56: other | E56: 3 | F56: نقداً | H56: تم الدفع | J56: =IF(AND(D56="",E56="",A56="",B56="",C56=""),"", IFERROR(IF(J55="",D2,J55),D2)+IF(E56="",0,E56)-IF(OR(G56="أبو اسحاق",G56="أبو آدم",G56="أبو اسحاق ",G56="أبو آدم "),0,IF(D56="",0,D56))) | L56: =IF(E55>0,COUNTIF($E$4:E55,">0"),"") | M56: =IF(AND(D55>0,G55="المحفظة"),COUNTIFS($D$4:D55,">"&0,$G$4:G55,"المحفظة"),"") | N56: =IF(AND(OR('طباعة كشف الحساب'!$C$2="الكل",MONTH(A56)=IFERROR(MATCH('طباعة كشف الحساب'!$C$2,{"يناير","فبراير","مارس","أبريل","مايو","يونيو","يوليو","أغسطس","سبتمبر","أكتوبر","نوفمبر","ديسمبر"},0),0)),OR('طباعة كشف الحساب'!$F$2="الكل",YEAR(A56)=IFERROR(VALUE('طباعة كشف الحساب'!$F$2),0)),A56<>""),IFERROR(MAX($N$4:N55),0)+1,"") | O56: =IF(AND(D55>0,F55="أحد الشركاء"),COUNTIFS($D$4:D55,">"&0,$F$4:F55,"أحد الشركاء"),"")
A57: 46155 | C57: جبس لتغطيه المحميه | D57: 2.75 | F57: نقداً | G57: المحفظة | H57: تم الدفع | J57: =IF(AND(D57="",E57="",A57="",B57="",C57=""),"", IFERROR(IF(J56="",D2,J56),D2)+IF(E57="",0,E57)-IF(OR(G57="أبو اسحاق",G57="أبو آدم",G57="أبو اسحاق ",G57="أبو آدم "),0,IF(D57="",0,D57))) | L57: =IF(E56>0,COUNTIF($E$4:E56,">0"),"") | M57: =IF(AND(D56>0,G56="المحفظة"),COUNTIFS($D$4:D56,">"&0,$G$4:G56,"المحفظة"),"") | N57: =IF(AND(OR('طباعة كشف الحساب'!$C$2="الكل",MONTH(A57)=IFERROR(MATCH('طباعة كشف الحساب'!$C$2,{"يناير","فبراير","مارس","أبريل","مايو","يونيو","يوليو","أغسطس","سبتمبر","أكتوبر","نوفمبر","ديسمبر"},0),0)),OR('طباعة كشف الحساب'!$F$2="الكل",YEAR(A57)=IFERROR(VALUE('طباعة كشف الحساب'!$F$2),0)),A57<>""),IFERROR(MAX($N$4:N56),0)+1,"") | O57: =IF(AND(D56>0,F56="أحد الشركاء"),COUNTIFS($D$4:D56,">"&0,$F$4:F56,"أحد الشركاء"),"")
A58: 46175 | B58: Inv-53 | C58: فل عدد 24 الحبه .750 | E58: 18 | F58: نقداً | H58: تم الدفع | J58: =IF(AND(D58="",E58="",A58="",B58="",C58=""),"", IFERROR(IF(J57="",D2,J57),D2)+IF(E58="",0,E58)-IF(OR(G58="أبو اسحاق",G58="أبو آدم",G58="أبو اسحاق ",G58="أبو آدم "),0,IF(D58="",0,D58))) | L58: =IF(E57>0,COUNTIF($E$4:E57,">0"),"") | M58: =IF(AND(D57>0,G57="المحفظة"),COUNTIFS($D$4:D57,">"&0,$G$4:G57,"المحفظة"),"") | N58: =IF(AND(OR('طباعة كشف الحساب'!$C$2="الكل",MONTH(A58)=IFERROR(MATCH('طباعة كشف الحساب'!$C$2,{"يناير","فبراير","مارس","أبريل","مايو","يونيو","يوليو","أغسطس","سبتمبر","أكتوبر","نوفمبر","ديسمبر"},0),0)),OR('طباعة كشف الحساب'!$F$2="الكل",YEAR(A58)=IFERROR(VALUE('طباعة كشف الحساب'!$F$2),0)),A58<>""),IFERROR(MAX($N$4:N57),0)+1,"") | O58: =IF(AND(D57>0,F57="أحد الشركاء"),COUNTIFS($D$4:D57,">"&0,$F$4:F57,"أحد الشركاء"),"")
A59: 46175 | B59: Inv-54 | C59: دارسينا خضراء عدد 1 الحبه 2 | E59: 2 | F59: نقداً | H59: تم الدفع | J59: =IF(AND(D59="",E59="",A59="",B59="",C59=""),"", IFERROR(IF(J58="",D2,J58),D2)+IF(E59="",0,E59)-IF(OR(G59="أبو اسحاق",G59="أبو آدم",G59="أبو اسحاق ",G59="أبو آدم "),0,IF(D59="",0,D59))) | L59: =IF(E58>0,COUNTIF($E$4:E58,">0"),"") | M59: =IF(AND(D58>0,G58="المحفظة"),COUNTIFS($D$4:D58,">"&0,$G$4:G58,"المحفظة"),"") | N59: =IF(AND(OR('طباعة كشف الحساب'!$C$2="الكل",MONTH(A59)=IFERROR(MATCH('طباعة كشف الحساب'!$C$2,{"يناير","فبراير","مارس","أبريل","مايو","يونيو","يوليو","أغسطس","سبتمبر","أكتوبر","نوفمبر","ديسمبر"},0),0)),OR('طباعة كشف الحساب'!$F$2="الكل",YEAR(A59)=IFERROR(VALUE('طباعة كشف الحساب'!$F$2),0)),A59<>""),IFERROR(MAX($N$4:N58),0)+1,"") | O59: =IF(AND(D58>0,F58="أحد الشركاء"),COUNTIFS($D$4:D58,">"&0,$F$4:F58,"أحد الشركاء"),"")
A60: 46175 | B60: Inv-55 | C60: افوبيا عدد 2 الحبه .750 | E60: 1.5 | F60: نقداً | H60: تم الدفع | J60: =IF(AND(D60="",E60="",A60="",B60="",C60=""),"", IFERROR(IF(J59="",D2,J59),D2)+IF(E60="",0,E60)-IF(OR(G60="أبو اسحاق",G60="أبو آدم",G60="أبو اسحاق ",G60="أبو آدم "),0,IF(D60="",0,D60))) | L60: =IF(E59>0,COUNTIF($E$4:E59,">0"),"") | M60: =IF(AND(D59>0,G59="المحفظة"),COUNTIFS($D$4:D59,">"&0,$G$4:G59,"المحفظة"),"") | N60: =IF(AND(OR('طباعة كشف الحساب'!$C$2="الكل",MONTH(A60)=IFERROR(MATCH('طباعة كشف الحساب'!$C$2,{"يناير","فبراير","مارس","أبريل","مايو","يونيو","يوليو","أغسطس","سبتمبر","أكتوبر","نوفمبر","ديسمبر"},0),0)),OR('طباعة كشف الحساب'!$F$2="الكل",YEAR(A60)=IFERROR(VALUE('طباعة كشف الحساب'!$F$2),0)),A60<>""),IFERROR(MAX($N$4:N59),0)+1,"") | O60: =IF(AND(D59>0,F59="أحد الشركاء"),COUNTIFS($D$4:D59,">"&0,$F$4:F59,"أحد الشركاء"),"")
A61: 46175 | B61: Inv-56 | C61: دارسينا سوداء عدد 3 الحبه 1 | E61: 3 | F61: نقداً | H61: تم الدفع | J61: =IF(AND(D61="",E61="",A61="",B61="",C61=""),"", IFERROR(IF(J60="",D2,J60),D2)+IF(E61="",0,E61)-IF(OR(G61="أبو اسحاق",G61="أبو آدم",G61="أبو اسحاق ",G61="أبو آدم "),0,IF(D61="",0,D61))) | L61: =IF(E60>0,COUNTIF($E$4:E60,">0"),"") | M61: =IF(AND(D60>0,G60="المحفظة"),COUNTIFS($D$4:D60,">"&0,$G$4:G60,"المحفظة"),"") | N61: =IF(AND(OR('طباعة كشف الحساب'!$C$2="الكل",MONTH(A61)=IFERROR(MATCH('طباعة كشف الحساب'!$C$2,{"يناير","فبراير","مارس","أبريل","مايو","يونيو","يوليو","أغسطس","سبتمبر","أكتوبر","نوفمبر","ديسمبر"},0),0)),OR('طباعة كشف الحساب'!$F$2="الكل",YEAR(A61)=IFERROR(VALUE('طباعة كشف الحساب'!$F$2),0)),A61<>""),IFERROR(MAX($N$4:N60),0)+1,"") | O61: =IF(AND(D60>0,F60="أحد الشركاء"),COUNTIFS($D$4:D60,">"&0,$F$4:F60,"أحد الشركاء"),"")
A62: 46177 | B62: inv-57 | C62: فوزير عدد1 قيمه 1 | E62: 1 | F62: نقداً | H62: تم الدفع | J62: =IF(AND(D62="",E62="",A62="",B62="",C62=""),"", IFERROR(IF(J61="",D2,J61),D2)+IF(E62="",0,E62)-IF(OR(G62="أبو اسحاق",G62="أبو آدم",G62="أبو اسحاق ",G62="أبو آدم "),0,IF(D62="",0,D62))) | L62: =IF(E61>0,COUNTIF($E$4:E61,">0"),"") | M62: =IF(AND(D61>0,G61="المحفظة"),COUNTIFS($D$4:D61,">"&0,$G$4:G61,"المحفظة"),"") | N62: =IF(AND(OR('طباعة كشف الحساب'!$C$2="الكل",MONTH(A62)=IFERROR(MATCH('طباعة كشف الحساب'!$C$2,{"يناير","فبراير","مارس","أبريل","مايو","يونيو","يوليو","أغسطس","سبتمبر","أكتوبر","نوفمبر","ديسمبر"},0),0)),OR('طباعة كشف الحساب'!$F$2="الكل",YEAR(A62)=IFERROR(VALUE('طباعة كشف الحساب'!$F$2),0)),A62<>""),IFERROR(MAX($N$4:N61),0)+1,"") | O62: =IF(AND(D61>0,F61="أحد الشركاء"),COUNTIFS($D$4:D61,">"&0,$F$4:F61,"أحد الشركاء"),"")
A63: 46177 | C63: سماد | D63: 10 | F63: نقداً | G63: المحفظة | H63: تم الدفع | J63: =IF(AND(D63="",E63="",A63="",B63="",C63=""),"", IFERROR(IF(J62="",D2,J62),D2)+IF(E63="",0,E63)-IF(OR(G63="أبو اسحاق",G63="أبو آدم",G63="أبو اسحاق ",G63="أبو آدم "),0,IF(D63="",0,D63))) | L63: =IF(E62>0,COUNTIF($E$4:E62,">0"),"") | M63: =IF(AND(D62>0,G62="المحفظة"),COUNTIFS($D$4:D62,">"&0,$G$4:G62,"المحفظة"),"") | N63: =IF(AND(OR('طباعة كشف الحساب'!$C$2="الكل",MONTH(A63)=IFERROR(MATCH('طباعة كشف الحساب'!$C$2,{"يناير","فبراير","مارس","أبريل","مايو","يونيو","يوليو","أغسطس","سبتمبر","أكتوبر","نوفمبر","ديسمبر"},0),0)),OR('طباعة كشف الحساب'!$F$2="الكل",YEAR(A63)=IFERROR(VALUE('طباعة كشف الحساب'!$F$2),0)),A63<>""),IFERROR(MAX($N$4:N62),0)+1,"") | O63: =IF(AND(D62>0,F62="أحد الشركاء"),COUNTIFS($D$4:D62,">"&0,$F$4:F62,"أحد الشركاء"),"")
A64: 46177 | C64: تاير لعربة الرش | D64: 3.25 | F64: نقداً | G64: المحفظة | H64: تم الدفع | J64: =IF(AND(D64="",E64="",A64="",B64="",C64=""),"", IFERROR(IF(J63="",D2,J63),D2)+IF(E64="",0,E64)-IF(OR(G64="أبو اسحاق",G64="أبو آدم",G64="أبو اسحاق ",G64="أبو آدم "),0,IF(D64="",0,D64))) | L64: =IF(E63>0,COUNTIF($E$4:E63,">0"),"") | M64: =IF(AND(D63>0,G63="المحفظة"),COUNTIFS($D$4:D63,">"&0,$G$4:G63,"المحفظة"),"") | N64: =IF(AND(OR('طباعة كشف الحساب'!$C$2="الكل",MONTH(A64)=IFERROR(MATCH('طباعة كشف الحساب'!$C$2,{"يناير","فبراير","مارس","أبريل","مايو","يونيو","يوليو","أغسطس","سبتمبر","أكتوبر","نوفمبر","ديسمبر"},0),0)),OR('طباعة كشف الحساب'!$F$2="الكل",YEAR(A64)=IFERROR(VALUE('طباعة كشف الحساب'!$F$2),0)),A64<>""),IFERROR(MAX($N$4:N63),0)+1,"") | O64: =IF(AND(D63>0,F63="أحد الشركاء"),COUNTIFS($D$4:D63,">"&0,$F$4:F63,"أحد الشركاء"),"")
A65: 46177 | C65: حفاره خلط السماد | D65: 12 | F65: نقداً | G65: المحفظة | H65: تم الدفع | J65: =IF(AND(D65="",E65="",A65="",B65="",C65=""),"", IFERROR(IF(J64="",D2,J64),D2)+IF(E65="",0,E65)-IF(OR(G65="أبو اسحاق",G65="أبو آدم",G65="أبو اسحاق ",G65="أبو آدم "),0,IF(D65="",0,D65))) | L65: =IF(E64>0,COUNTIF($E$4:E64,">0"),"") | M65: =IF(AND(D64>0,G64="المحفظة"),COUNTIFS($D$4:D64,">"&0,$G$4:G64,"المحفظة"),"") | N65: =IF(AND(OR('طباعة كشف الحساب'!$C$2="الكل",MONTH(A65)=IFERROR(MATCH('طباعة كشف الحساب'!$C$2,{"يناير","فبراير","مارس","أبريل","مايو","يونيو","يوليو","أغسطس","سبتمبر","أكتوبر","نوفمبر","ديسمبر"},0),0)),OR('طباعة كشف الحساب'!$F$2="الكل",YEAR(A65)=IFERROR(VALUE('طباعة كشف الحساب'!$F$2),0)),A65<>""),IFERROR(MAX($N$4:N64),0)+1,"") | O65: =IF(AND(D64>0,F64="أحد الشركاء"),COUNTIFS($D$4:D64,">"&0,$F$4:F64,"أحد الشركاء"),"")
A66: 46179 | B66: Inv-58 | C66: دارسينا عدد3 بقيمه 1 للحبه | E66: 3 | F66: نقداً | H66: تم الدفع | J66: =IF(AND(D66="",E66="",A66="",B66="",C66=""),"", IFERROR(IF(J65="",D2,J65),D2)+IF(E66="",0,E66)-IF(OR(G66="أبو اسحاق",G66="أبو آدم",G66="أبو اسحاق ",G66="أبو آدم "),0,IF(D66="",0,D66))) | L66: =IF(E65>0,COUNTIF($E$4:E65,">0"),"") | M66: =IF(AND(D65>0,G65="المحفظة"),COUNTIFS($D$4:D65,">"&0,$G$4:G65,"المحفظة"),"") | N66: =IF(AND(OR('طباعة كشف الحساب'!$C$2="الكل",MONTH(A66)=IFERROR(MATCH('طباعة كشف الحساب'!$C$2,{"يناير","فبراير","مارس","أبريل","مايو","يونيو","يوليو","أغسطس","سبتمبر","أكتوبر","نوفمبر","ديسمبر"},0),0)),OR('طباعة كشف الحساب'!$F$2="الكل",YEAR(A66)=IFERROR(VALUE('طباعة كشف الحساب'!$F$2),0)),A66<>""),IFERROR(MAX($N$4:N65),0)+1,"") | O66: =IF(AND(D65>0,F65="أحد الشركاء"),COUNTIFS($D$4:D65,">"&0,$F$4:F65,"أحد الشركاء"),"")
A67: 46179 | B67: Inv-59 | C67: ودليه عدد 1 بقيمه 1 | E67: 1 | F67: نقداً | H67: تم الدفع | J67: =IF(AND(D67="",E67="",A67="",B67="",C67=""),"", IFERROR(IF(J66="",D2,J66),D2)+IF(E67="",0,E67)-IF(OR(G67="أبو اسحاق",G67="أبو آدم",G67="أبو اسحاق ",G67="أبو آدم "),0,IF(D67="",0,D67))) | L67: =IF(E66>0,COUNTIF($E$4:E66,">0"),"") | M67: =IF(AND(D66>0,G66="المحفظة"),COUNTIFS($D$4:D66,">"&0,$G$4:G66,"المحفظة"),"") | N67: =IF(AND(OR('طباعة كشف الحساب'!$C$2="الكل",MONTH(A67)=IFERROR(MATCH('طباعة كشف الحساب'!$C$2,{"يناير","فبراير","مارس","أبريل","مايو","يونيو","يوليو","أغسطس","سبتمبر","أكتوبر","نوفمبر","ديسمبر"},0),0)),OR('طباعة كشف الحساب'!$F$2="الكل",YEAR(A67)=IFERROR(VALUE('طباعة كشف الحساب'!$F$2),0)),A67<>""),IFERROR(MAX($N$4:N66),0)+1,"") | O67: =IF(AND(D66>0,F66="أحد الشركاء"),COUNTIFS($D$4:D66,">"&0,$F$4:F66,"أحد الشركاء"),"")
A68: 46179 | B68: Inv-60 | C68: دارسينا حمراء عدد 1 بقيمه 3 | E68: 3 | F68: نقداً | H68: تم الدفع | J68: =IF(AND(D68="",E68="",A68="",B68="",C68=""),"", IFERROR(IF(J67="",D2,J67),D2)+IF(E68="",0,E68)-IF(OR(G68="أبو اسحاق",G68="أبو آدم",G68="أبو اسحاق ",G68="أبو آدم "),0,IF(D68="",0,D68))) | L68: =IF(E67>0,COUNTIF($E$4:E67,">0"),"") | M68: =IF(AND(D67>0,G67="المحفظة"),COUNTIFS($D$4:D67,">"&0,$G$4:G67,"المحفظة"),"") | N68: =IF(AND(OR('طباعة كشف الحساب'!$C$2="الكل",MONTH(A68)=IFERROR(MATCH('طباعة كشف الحساب'!$C$2,{"يناير","فبراير","مارس","أبريل","مايو","يونيو","يوليو","أغسطس","سبتمبر","أكتوبر","نوفمبر","ديسمبر"},0),0)),OR('طباعة كشف الحساب'!$F$2="الكل",YEAR(A68)=IFERROR(VALUE('طباعة كشف الحساب'!$F$2),0)),A68<>""),IFERROR(MAX($N$4:N67),0)+1,"") | O68: =IF(AND(D67>0,F67="أحد الشركاء"),COUNTIFS($D$4:D67,">"&0,$F$4:F67,"أحد الشركاء"),"")
A69: 46181 | B69: Inv-61 | C69: فل عدد 20 بقيمه 0.750 | E69: 15 | F69: نقداً | H69: تم الدفع | J69: =IF(AND(D69="",E69="",A69="",B69="",C69=""),"", IFERROR(IF(J68="",D2,J68),D2)+IF(E69="",0,E69)-IF(OR(G69="أبو اسحاق",G69="أبو آدم",G69="أبو اسحاق ",G69="أبو آدم "),0,IF(D69="",0,D69))) | L69: =IF(E68>0,COUNTIF($E$4:E68,">0"),"") | M69: =IF(AND(D68>0,G68="المحفظة"),COUNTIFS($D$4:D68,">"&0,$G$4:G68,"المحفظة"),"") | N69: =IF(AND(OR('طباعة كشف الحساب'!$C$2="الكل",MONTH(A69)=IFERROR(MATCH('طباعة كشف الحساب'!$C$2,{"يناير","فبراير","مارس","أبريل","مايو","يونيو","يوليو","أغسطس","سبتمبر","أكتوبر","نوفمبر","ديسمبر"},0),0)),OR('طباعة كشف الحساب'!$F$2="الكل",YEAR(A69)=IFERROR(VALUE('طباعة كشف الحساب'!$F$2),0)),A69<>""),IFERROR(MAX($N$4:N68),0)+1,"") | O69: =IF(AND(D68>0,F68="أحد الشركاء"),COUNTIFS($D$4:D68,">"&0,$F$4:F68,"أحد الشركاء"),"")
A70: 46181 | C70: اسمنت اسود للمحميه الصغيره الجديده | D70: 2.8 | F70: نقداً | G70: المحفظة | H70: تم الدفع | J70: =IF(AND(D70="",E70="",A70="",B70="",C70=""),"", IFERROR(IF(J69="",D2,J69),D2)+IF(E70="",0,E70)-IF(OR(G70="أبو اسحاق",G70="أبو آدم",G70="أبو اسحاق ",G70="أبو آدم "),0,IF(D70="",0,D70))) | L70: =IF(E69>0,COUNTIF($E$4:E69,">0"),"") | M70: =IF(AND(D69>0,G69="المحفظة"),COUNTIFS($D$4:D69,">"&0,$G$4:G69,"المحفظة"),"") | N70: =IF(AND(OR('طباعة كشف الحساب'!$C$2="الكل",MONTH(A70)=IFERROR(MATCH('طباعة كشف الحساب'!$C$2,{"يناير","فبراير","مارس","أبريل","مايو","يونيو","يوليو","أغسطس","سبتمبر","أكتوبر","نوفمبر","ديسمبر"},0),0)),OR('طباعة كشف الحساب'!$F$2="الكل",YEAR(A70)=IFERROR(VALUE('طباعة كشف الحساب'!$F$2),0)),A70<>""),IFERROR(MAX($N$4:N69),0)+1,"") | O70: =IF(AND(D69>0,F69="أحد الشركاء"),COUNTIFS($D$4:D69,">"&0,$F$4:F69,"أحد الشركاء"),"")
A71: 46181 | C71: حديد اسود للمحميه الصغيره الجديده | D71: 46.75 | F71: نقداً | G71: المحفظة | H71: تم الدفع | J71: =IF(AND(D71="",E71="",A71="",B71="",C71=""),"", IFERROR(IF(J70="",D2,J70),D2)+IF(E71="",0,E71)-IF(OR(G71="أبو اسحاق",G71="أبو آدم",G71="أبو اسحاق ",G71="أبو آدم "),0,IF(D71="",0,D71))) | L71: =IF(E70>0,COUNTIF($E$4:E70,">0"),"") | M71: =IF(AND(D70>0,G70="المحفظة"),COUNTIFS($D$4:D70,">"&0,$G$4:G70,"المحفظة"),"") | N71: =IF(AND(OR('طباعة كشف الحساب'!$C$2="الكل",MONTH(A71)=IFERROR(MATCH('طباعة كشف الحساب'!$C$2,{"يناير","فبراير","مارس","أبريل","مايو","يونيو","يوليو","أغسطس","سبتمبر","أكتوبر","نوفمبر","ديسمبر"},0),0)),OR('طباعة كشف الحساب'!$F$2="الكل",YEAR(A71)=IFERROR(VALUE('طباعة كشف الحساب'!$F$2),0)),A71<>""),IFERROR(MAX($N$4:N70),0)+1,"") | O71: =IF(AND(D70>0,F70="أحد الشركاء"),COUNTIFS($D$4:D70,">"&0,$F$4:F70,"أحد الشركاء"),"")
A72: 46182 | B72: Inv-62 | C72: فل عدد 30 الحبه 0.750 | E72: 22.5 | F72: نقداً | H72: تم الدفع | J72: =IF(AND(D72="",E72="",A72="",B72="",C72=""),"", IFERROR(IF(J71="",D2,J71),D2)+IF(E72="",0,E72)-IF(OR(G72="أبو اسحاق",G72="أبو آدم",G72="أبو اسحاق ",G72="أبو آدم "),0,IF(D72="",0,D72))) | L72: =IF(E71>0,COUNTIF($E$4:E71,">0"),"") | M72: =IF(AND(D71>0,G71="المحفظة"),COUNTIFS($D$4:D71,">"&0,$G$4:G71,"المحفظة"),"") | N72: =IF(AND(OR('طباعة كشف الحساب'!$C$2="الكل",MONTH(A72)=IFERROR(MATCH('طباعة كشف الحساب'!$C$2,{"يناير","فبراير","مارس","أبريل","مايو","يونيو","يوليو","أغسطس","سبتمبر","أكتوبر","نوفمبر","ديسمبر"},0),0)),OR('طباعة كشف الحساب'!$F$2="الكل",YEAR(A72)=IFERROR(VALUE('طباعة كشف الحساب'!$F$2),0)),A72<>""),IFERROR(MAX($N$4:N71),0)+1,"") | O72: =IF(AND(D71>0,F71="أحد الشركاء"),COUNTIFS($D$4:D71,">"&0,$F$4:F71,"أحد الشركاء"),"")
A73: 46184 | C73: براغي | D73: 3.5 | F73: نقداً | G73: المحفظة | H73: تم الدفع | J73: =IF(AND(D73="",E73="",A73="",B73="",C73=""),"", IFERROR(IF(J72="",D2,J72),D2)+IF(E73="",0,E73)-IF(OR(G73="أبو اسحاق",G73="أبو آدم",G73="أبو اسحاق ",G73="أبو آدم "),0,IF(D73="",0,D73))) | L73: =IF(E72>0,COUNTIF($E$4:E72,">0"),"") | M73: =IF(AND(D72>0,G72="المحفظة"),COUNTIFS($D$4:D72,">"&0,$G$4:G72,"المحفظة"),"") | N73: =IF(AND(OR('طباعة كشف الحساب'!$C$2="الكل",MONTH(A73)=IFERROR(MATCH('طباعة كشف الحساب'!$C$2,{"يناير","فبراير","مارس","أبريل","مايو","يونيو","يوليو","أغسطس","سبتمبر","أكتوبر","نوفمبر","ديسمبر"},0),0)),OR('طباعة كشف الحساب'!$F$2="الكل",YEAR(A73)=IFERROR(VALUE('طباعة كشف الحساب'!$F$2),0)),A73<>""),IFERROR(MAX($N$4:N72),0)+1,"") | O73: =IF(AND(D72>0,F72="أحد الشركاء"),COUNTIFS($D$4:D72,">"&0,$F$4:F72,"أحد الشركاء"),"")
A74: 46184 | B74: Inv-63 | C74: فل عدد 20 بقيمه 0.750 | F74: نقداً | H74: تم الدفع | J74: =IF(AND(D74="",E74="",A74="",B74="",C74=""),"", IFERROR(IF(J73="",D2,J73),D2)+IF(E74="",0,E74)-IF(OR(G74="أبو اسحاق",G74="أبو آدم",G74="أبو اسحاق ",G74="أبو آدم "),0,IF(D74="",0,D74))) | K74: ملغيه | L74: =IF(E73>0,COUNTIF($E$4:E73,">0"),"") | M74: =IF(AND(D73>0,G73="المحفظة"),COUNTIFS($D$4:D73,">"&0,$G$4:G73,"المحفظة"),"") | N74: =IF(AND(OR('طباعة كشف الحساب'!$C$2="الكل",MONTH(A74)=IFERROR(MATCH('طباعة كشف الحساب'!$C$2,{"يناير","فبراير","مارس","أبريل","مايو","يونيو","يوليو","أغسطس","سبتمبر","أكتوبر","نوفمبر","ديسمبر"},0),0)),OR('طباعة كشف الحساب'!$F$2="الكل",YEAR(A74)=IFERROR(VALUE('طباعة كشف الحساب'!$F$2),0)),A74<>""),IFERROR(MAX($N$4:N73),0)+1,"") | O74: =IF(AND(D73>0,F73="أحد الشركاء"),COUNTIFS($D$4:D73,">"&0,$F$4:F73,"أحد الشركاء"),"")
A75: 46185 | C75: رول لحيم | D75: 2 | F75: نقداً | G75: المحفظة | H75: تم الدفع | J75: =IF(AND(D75="",E75="",A75="",B75="",C75=""),"", IFERROR(IF(J74="",D2,J74),D2)+IF(E75="",0,E75)-IF(OR(G75="أبو اسحاق",G75="أبو آدم",G75="أبو اسحاق ",G75="أبو آدم "),0,IF(D75="",0,D75))) | L75: =IF(E74>0,COUNTIF($E$4:E74,">0"),"") | M75: =IF(AND(D74>0,G74="المحفظة"),COUNTIFS($D$4:D74,">"&0,$G$4:G74,"المحفظة"),"") | N75: =IF(AND(OR('طباعة كشف الحساب'!$C$2="الكل",MONTH(A75)=IFERROR(MATCH('طباعة كشف الحساب'!$C$2,{"يناير","فبراير","مارس","أبريل","مايو","يونيو","يوليو","أغسطس","سبتمبر","أكتوبر","نوفمبر","ديسمبر"},0),0)),OR('طباعة كشف الحساب'!$F$2="الكل",YEAR(A75)=IFERROR(VALUE('طباعة كشف الحساب'!$F$2),0)),A75<>""),IFERROR(MAX($N$4:N74),0)+1,"") | O75: =IF(AND(D74>0,F74="أحد الشركاء"),COUNTIFS($D$4:D74,">"&0,$F$4:F74,"أحد الشركاء"),"")
A76: 46186 | B76: Inv-64 | C76: معلقات عدد 10 الحبه 1 | E76: 10 | F76: نقداً | H76: تم الدفع | J76: =IF(AND(D76="",E76="",A76="",B76="",C76=""),"", IFERROR(IF(J75="",D2,J75),D2)+IF(E76="",0,E76)-IF(OR(G76="أبو اسحاق",G76="أبو آدم",G76="أبو اسحاق ",G76="أبو آدم "),0,IF(D76="",0,D76))) | L76: =IF(E75>0,COUNTIF($E$4:E75,">0"),"") | M76: =IF(AND(D75>0,G75="المحفظة"),COUNTIFS($D$4:D75,">"&0,$G$4:G75,"المحفظة"),"") | N76: =IF(AND(OR('طباعة كشف الحساب'!$C$2="الكل",MONTH(A76)=IFERROR(MATCH('طباعة كشف الحساب'!$C$2,{"يناير","فبراير","مارس","أبريل","مايو","يونيو","يوليو","أغسطس","سبتمبر","أكتوبر","نوفمبر","ديسمبر"},0),0)),OR('طباعة كشف الحساب'!$F$2="الكل",YEAR(A76)=IFERROR(VALUE('طباعة كشف الحساب'!$F$2),0)),A76<>""),IFERROR(MAX($N$4:N75),0)+1,"") | O76: =IF(AND(D75>0,F75="أحد الشركاء"),COUNTIFS($D$4:D75,">"&0,$F$4:F75,"أحد الشركاء"),"")
A77: 46186 | B77: Inv-65 | C77: ودوليه عدد 5 الحبه 1 | E77: 5 | F77: نقداً | H77: تم الدفع | J77: =IF(AND(D77="",E77="",A77="",B77="",C77=""),"", IFERROR(IF(J76="",D2,J76),D2)+IF(E77="",0,E77)-IF(OR(G77="أبو اسحاق",G77="أبو آدم",G77="أبو اسحاق ",G77="أبو آدم "),0,IF(D77="",0,D77))) | L77: =IF(E76>0,COUNTIF($E$4:E76,">0"),"") | M77: =IF(AND(D76>0,G76="المحفظة"),COUNTIFS($D$4:D76,">"&0,$G$4:G76,"المحفظة"),"") | N77: =IF(AND(OR('طباعة كشف الحساب'!$C$2="الكل",MONTH(A77)=IFERROR(MATCH('طباعة كشف الحساب'!$C$2,{"يناير","فبراير","مارس","أبريل","مايو","يونيو","يوليو","أغسطس","سبتمبر","أكتوبر","نوفمبر","ديسمبر"},0),0)),OR('طباعة كشف الحساب'!$F$2="الكل",YEAR(A77)=IFERROR(VALUE('طباعة كشف الحساب'!$F$2),0)),A77<>""),IFERROR(MAX($N$4:N76),0)+1,"") | O77: =IF(AND(D76>0,F76="أحد الشركاء"),COUNTIFS($D$4:D76,">"&0,$F$4:F76,"أحد الشركاء"),"")
A78: 46187 | C78: عصايا عدد 2000 احواض معاقات عدد 250 | D78: 107.5 | F78: نقداً | G78: أبو اسحاق | H78: تم الدفع | J78: =IF(AND(D78="",E78="",A78="",B78="",C78=""),"", IFERROR(IF(J77="",D2,J77),D2)+IF(E78="",0,E78)-IF(OR(G78="أبو اسحاق",G78="أبو آدم",G78="أبو اسحاق ",G78="أبو آدم "),0,IF(D78="",0,D78))) | L78: =IF(E77>0,COUNTIF($E$4:E77,">0"),"") | M78: =IF(AND(D77>0,G77="المحفظة"),COUNTIFS($D$4:D77,">"&0,$G$4:G77,"المحفظة"),"") | N78: =IF(AND(OR('طباعة كشف الحساب'!$C$2="الكل",MONTH(A78)=IFERROR(MATCH('طباعة كشف الحساب'!$C$2,{"يناير","فبراير","مارس","أبريل","مايو","يونيو","يوليو","أغسطس","سبتمبر","أكتوبر","نوفمبر","ديسمبر"},0),0)),OR('طباعة كشف الحساب'!$F$2="الكل",YEAR(A78)=IFERROR(VALUE('طباعة كشف الحساب'!$F$2),0)),A78<>""),IFERROR(MAX($N$4:N77),0)+1,"") | O78: =IF(AND(D77>0,F77="أحد الشركاء"),COUNTIFS($D$4:D77,">"&0,$F$4:F77,"أحد الشركاء"),"")
A79: 46189 | B79: Inv-66 | C79: شوكليرا عدد10 الحبه 1.500 | E79: 15 | F79: أون لاين | H79: تم الدفع | J79: =IF(AND(D79="",E79="",A79="",B79="",C79=""),"", IFERROR(IF(J78="",D2,J78),D2)+IF(E79="",0,E79)-IF(OR(G79="أبو اسحاق",G79="أبو آدم",G79="أبو اسحاق ",G79="أبو آدم "),0,IF(D79="",0,D79))) | L79: =IF(E78>0,COUNTIF($E$4:E78,">0"),"") | M79: =IF(AND(D78>0,G78="المحفظة"),COUNTIFS($D$4:D78,">"&0,$G$4:G78,"المحفظة"),"") | N79: =IF(AND(OR('طباعة كشف الحساب'!$C$2="الكل",MONTH(A79)=IFERROR(MATCH('طباعة كشف الحساب'!$C$2,{"يناير","فبراير","مارس","أبريل","مايو","يونيو","يوليو","أغسطس","سبتمبر","أكتوبر","نوفمبر","ديسمبر"},0),0)),OR('طباعة كشف الحساب'!$F$2="الكل",YEAR(A79)=IFERROR(VALUE('طباعة كشف الحساب'!$F$2),0)),A79<>""),IFERROR(MAX($N$4:N78),0)+1,"") | O79: =IF(AND(D78>0,F78="أحد الشركاء"),COUNTIFS($D$4:D78,">"&0,$F$4:F78,"أحد الشركاء"),"")
A80: 46189 | B80: Inv-67 | C80: فيكس عدد7 الحبه 1 | E80: 7 | F80: أون لاين | H80: تم الدفع | J80: =IF(AND(D80="",E80="",A80="",B80="",C80=""),"", IFERROR(IF(J79="",D2,J79),D2)+IF(E80="",0,E80)-IF(OR(G80="أبو اسحاق",G80="أبو آدم",G80="أبو اسحاق ",G80="أبو آدم "),0,IF(D80="",0,D80))) | L80: =IF(E79>0,COUNTIF($E$4:E79,">0"),"") | M80: =IF(AND(D79>0,G79="المحفظة"),COUNTIFS($D$4:D79,">"&0,$G$4:G79,"المحفظة"),"") | N80: =IF(AND(OR('طباعة كشف الحساب'!$C$2="الكل",MONTH(A80)=IFERROR(MATCH('طباعة كشف الحساب'!$C$2,{"يناير","فبراير","مارس","أبريل","مايو","يونيو","يوليو","أغسطس","سبتمبر","أكتوبر","نوفمبر","ديسمبر"},0),0)),OR('طباعة كشف الحساب'!$F$2="الكل",YEAR(A80)=IFERROR(VALUE('طباعة كشف الحساب'!$F$2),0)),A80<>""),IFERROR(MAX($N$4:N79),0)+1,"") | O80: =IF(AND(D79>0,F79="أحد الشركاء"),COUNTIFS($D$4:D79,">"&0,$F$4:F79,"أحد الشركاء"),"")
A81: 46189 | B81: Inv-68 | C81: ربل عدد 5 الحبه 2 | E81: 10 | F81: أون لاين | H81: تم الدفع | J81: =IF(AND(D81="",E81="",A81="",B81="",C81=""),"", IFERROR(IF(J80="",D2,J80),D2)+IF(E81="",0,E81)-IF(OR(G81="أبو اسحاق",G81="أبو آدم",G81="أبو اسحاق ",G81="أبو آدم "),0,IF(D81="",0,D81))) | L81: =IF(E80>0,COUNTIF($E$4:E80,">0"),"") | M81: =IF(AND(D80>0,G80="المحفظة"),COUNTIFS($D$4:D80,">"&0,$G$4:G80,"المحفظة"),"") | N81: =IF(AND(OR('طباعة كشف الحساب'!$C$2="الكل",MONTH(A81)=IFERROR(MATCH('طباعة كشف الحساب'!$C$2,{"يناير","فبراير","مارس","أبريل","مايو","يونيو","يوليو","أغسطس","سبتمبر","أكتوبر","نوفمبر","ديسمبر"},0),0)),OR('طباعة كشف الحساب'!$F$2="الكل",YEAR(A81)=IFERROR(VALUE('طباعة كشف الحساب'!$F$2),0)),A81<>""),IFERROR(MAX($N$4:N80),0)+1,"") | O81: =IF(AND(D80>0,F80="أحد الشركاء"),COUNTIFS($D$4:D80,">"&0,$F$4:F80,"أحد الشركاء"),"")
A82: 46189 | B82: Inv-69 | C82: فل عدد 24 الحبه .750 | E82: 18 | F82: أون لاين | H82: تم الدفع | J82: =IF(AND(D82="",E82="",A82="",B82="",C82=""),"", IFERROR(IF(J81="",D2,J81),D2)+IF(E82="",0,E82)-IF(OR(G82="أبو اسحاق",G82="أبو آدم",G82="أبو اسحاق ",G82="أبو آدم "),0,IF(D82="",0,D82))) | L82: =IF(E81>0,COUNTIF($E$4:E81,">0"),"") | M82: =IF(AND(D81>0,G81="المحفظة"),COUNTIFS($D$4:D81,">"&0,$G$4:G81,"المحفظة"),"") | N82: =IF(AND(OR('طباعة كشف الحساب'!$C$2="الكل",MONTH(A82)=IFERROR(MATCH('طباعة كشف الحساب'!$C$2,{"يناير","فبراير","مارس","أبريل","مايو","يونيو","يوليو","أغسطس","سبتمبر","أكتوبر","نوفمبر","ديسمبر"},0),0)),OR('طباعة كشف الحساب'!$F$2="الكل",YEAR(A82)=IFERROR(VALUE('طباعة كشف الحساب'!$F$2),0)),A82<>""),IFERROR(MAX($N$4:N81),0)+1,"") | O82: =IF(AND(D81>0,F81="أحد الشركاء"),COUNTIFS($D$4:D81,">"&0,$F$4:F81,"أحد الشركاء"),"")
A83: 46188 | C83: أقامه عبدول | D83: 25 | F83: أون لاين | G83: المحفظة | H83: تم الدفع | J83: =IF(AND(D83="",E83="",A83="",B83="",C83=""),"", IFERROR(IF(J82="",D2,J82),D2)+IF(E83="",0,E83)-IF(OR(G83="أبو اسحاق",G83="أبو آدم",G83="أبو اسحاق ",G83="أبو آدم "),0,IF(D83="",0,D83))) | L83: =IF(E82>0,COUNTIF($E$4:E82,">0"),"") | M83: =IF(AND(D82>0,G82="المحفظة"),COUNTIFS($D$4:D82,">"&0,$G$4:G82,"المحفظة"),"") | N83: =IF(AND(OR('طباعة كشف الحساب'!$C$2="الكل",MONTH(A83)=IFERROR(MATCH('طباعة كشف الحساب'!$C$2,{"يناير","فبراير","مارس","أبريل","مايو","يونيو","يوليو","أغسطس","سبتمبر","أكتوبر","نوفمبر","ديسمبر"},0),0)),OR('طباعة كشف الحساب'!$F$2="الكل",YEAR(A83)=IFERROR(VALUE('طباعة كشف الحساب'!$F$2),0)),A83<>""),IFERROR(MAX($N$4:N82),0)+1,"") | O83: =IF(AND(D82>0,F82="أحد الشركاء"),COUNTIFS($D$4:D82,">"&0,$F$4:F82,"أحد الشركاء"),"")
A84: 46190 | B84: Inv-70 | C84: افوبياعدد 1 الحبه .0.750 | E84: 0.75 | F84: أون لاين | H84: تم الدفع | J84: =IF(AND(D84="",E84="",A84="",B84="",C84=""),"", IFERROR(IF(J83="",D2,J83),D2)+IF(E84="",0,E84)-IF(OR(G84="أبو اسحاق",G84="أبو آدم",G84="أبو اسحاق ",G84="أبو آدم "),0,IF(D84="",0,D84))) | L84: =IF(E83>0,COUNTIF($E$4:E83,">0"),"") | M84: =IF(AND(D83>0,G83="المحفظة"),COUNTIFS($D$4:D83,">"&0,$G$4:G83,"المحفظة"),"") | N84: =IF(AND(OR('طباعة كشف الحساب'!$C$2="الكل",MONTH(A84)=IFERROR(MATCH('طباعة كشف الحساب'!$C$2,{"يناير","فبراير","مارس","أبريل","مايو","يونيو","يوليو","أغسطس","سبتمبر","أكتوبر","نوفمبر","ديسمبر"},0),0)),OR('طباعة كشف الحساب'!$F$2="الكل",YEAR(A84)=IFERROR(VALUE('طباعة كشف الحساب'!$F$2),0)),A84<>""),IFERROR(MAX($N$4:N83),0)+1,"") | O84: =IF(AND(D83>0,F83="أحد الشركاء"),COUNTIFS($D$4:D83,">"&0,$F$4:F83,"أحد الشركاء"),"")
A85: 46190 | B85: Inv-71 | C85: دارسينا عدد 1 الحبه 1.500 | E85: 1.5 | F85: أون لاين | H85: تم الدفع | J85: =IF(AND(D85="",E85="",A85="",B85="",C85=""),"", IFERROR(IF(J84="",D2,J84),D2)+IF(E85="",0,E85)-IF(OR(G85="أبو اسحاق",G85="أبو آدم",G85="أبو اسحاق ",G85="أبو آدم "),0,IF(D85="",0,D85))) | L85: =IF(E84>0,COUNTIF($E$4:E84,">0"),"") | M85: =IF(AND(D84>0,G84="المحفظة"),COUNTIFS($D$4:D84,">"&0,$G$4:G84,"المحفظة"),"") | N85: =IF(AND(OR('طباعة كشف الحساب'!$C$2="الكل",MONTH(A85)=IFERROR(MATCH('طباعة كشف الحساب'!$C$2,{"يناير","فبراير","مارس","أبريل","مايو","يونيو","يوليو","أغسطس","سبتمبر","أكتوبر","نوفمبر","ديسمبر"},0),0)),OR('طباعة كشف الحساب'!$F$2="الكل",YEAR(A85)=IFERROR(VALUE('طباعة كشف الحساب'!$F$2),0)),A85<>""),IFERROR(MAX($N$4:N84),0)+1,"") | O85: =IF(AND(D84>0,F84="أحد الشركاء"),COUNTIFS($D$4:D84,">"&0,$F$4:F84,"أحد الشركاء"),"")
A86: 46191 | B86: Inv-72 | C86: فل عدد 1 الحبه 0.750 | E86: 0.75 | F86: أون لاين | H86: تم الدفع | J86: =IF(AND(D86="",E86="",A86="",B86="",C86=""),"", IFERROR(IF(J85="",D2,J85),D2)+IF(E86="",0,E86)-IF(OR(G86="أبو اسحاق",G86="أبو آدم",G86="أبو اسحاق ",G86="أبو آدم "),0,IF(D86="",0,D86))) | L86: =IF(E85>0,COUNTIF($E$4:E85,">0"),"") | M86: =IF(AND(D85>0,G85="المحفظة"),COUNTIFS($D$4:D85,">"&0,$G$4:G85,"المحفظة"),"") | N86: =IF(AND(OR('طباعة كشف الحساب'!$C$2="الكل",MONTH(A86)=IFERROR(MATCH('طباعة كشف الحساب'!$C$2,{"يناير","فبراير","مارس","أبريل","مايو","يونيو","يوليو","أغسطس","سبتمبر","أكتوبر","نوفمبر","ديسمبر"},0),0)),OR('طباعة كشف الحساب'!$F$2="الكل",YEAR(A86)=IFERROR(VALUE('طباعة كشف الحساب'!$F$2),0)),A86<>""),IFERROR(MAX($N$4:N85),0)+1,"") | O86: =IF(AND(D85>0,F85="أحد الشركاء"),COUNTIFS($D$4:D85,">"&0,$F$4:F85,"أحد الشركاء"),"")
A87: 46191 | B87: Inv-73 | C87: ودليه عدد 3 الحبه 1 | E87: 3 | F87: أون لاين | H87: تم الدفع | J87: =IF(AND(D87="",E87="",A87="",B87="",C87=""),"", IFERROR(IF(J86="",D2,J86),D2)+IF(E87="",0,E87)-IF(OR(G87="أبو اسحاق",G87="أبو آدم",G87="أبو اسحاق ",G87="أبو آدم "),0,IF(D87="",0,D87))) | L87: =IF(E86>0,COUNTIF($E$4:E86,">0"),"") | M87: =IF(AND(D86>0,G86="المحفظة"),COUNTIFS($D$4:D86,">"&0,$G$4:G86,"المحفظة"),"") | N87: =IF(AND(OR('طباعة كشف الحساب'!$C$2="الكل",MONTH(A87)=IFERROR(MATCH('طباعة كشف الحساب'!$C$2,{"يناير","فبراير","مارس","أبريل","مايو","يونيو","يوليو","أغسطس","سبتمبر","أكتوبر","نوفمبر","ديسمبر"},0),0)),OR('طباعة كشف الحساب'!$F$2="الكل",YEAR(A87)=IFERROR(VALUE('طباعة كشف الحساب'!$F$2),0)),A87<>""),IFERROR(MAX($N$4:N86),0)+1,"") | O87: =IF(AND(D86>0,F86="أحد الشركاء"),COUNTIFS($D$4:D86,">"&0,$F$4:F86,"أحد الشركاء"),"")
A88: 46199 | B88: Inv-74 | C88: ربل عدد 11 الحبه 2 | E88: 22 | F88: أون لاين | H88: تم الدفع | J88: =IF(AND(D88="",E88="",A88="",B88="",C88=""),"", IFERROR(IF(J87="",D2,J87),D2)+IF(E88="",0,E88)-IF(OR(G88="أبو اسحاق",G88="أبو آدم",G88="أبو اسحاق ",G88="أبو آدم "),0,IF(D88="",0,D88))) | L88: =IF(E87>0,COUNTIF($E$4:E87,">0"),"") | M88: =IF(AND(D87>0,G87="المحفظة"),COUNTIFS($D$4:D87,">"&0,$G$4:G87,"المحفظة"),"") | N88: =IF(AND(OR('طباعة كشف الحساب'!$C$2="الكل",MONTH(A88)=IFERROR(MATCH('طباعة كشف الحساب'!$C$2,{"يناير","فبراير","مارس","أبريل","مايو","يونيو","يوليو","أغسطس","سبتمبر","أكتوبر","نوفمبر","ديسمبر"},0),0)),OR('طباعة كشف الحساب'!$F$2="الكل",YEAR(A88)=IFERROR(VALUE('طباعة كشف الحساب'!$F$2),0)),A88<>""),IFERROR(MAX($N$4:N87),0)+1,"") | O88: =IF(AND(D87>0,F87="أحد الشركاء"),COUNTIFS($D$4:D87,">"&0,$F$4:F87,"أحد الشركاء"),"")
A89: 46199 | B89: Inv-75 | C89: شوفليرا عدد6 الحبه 1.500 | E89: 9 | F89: أون لاين | H89: تم الدفع | J89: =IF(AND(D89="",E89="",A89="",B89="",C89=""),"", IFERROR(IF(J88="",D2,J88),D2)+IF(E89="",0,E89)-IF(OR(G89="أبو اسحاق",G89="أبو آدم",G89="أبو اسحاق ",G89="أبو آدم "),0,IF(D89="",0,D89))) | L89: =IF(E88>0,COUNTIF($E$4:E88,">0"),"") | M89: =IF(AND(D88>0,G88="المحفظة"),COUNTIFS($D$4:D88,">"&0,$G$4:G88,"المحفظة"),"") | N89: =IF(AND(OR('طباعة كشف الحساب'!$C$2="الكل",MONTH(A89)=IFERROR(MATCH('طباعة كشف الحساب'!$C$2,{"يناير","فبراير","مارس","أبريل","مايو","يونيو","يوليو","أغسطس","سبتمبر","أكتوبر","نوفمبر","ديسمبر"},0),0)),OR('طباعة كشف الحساب'!$F$2="الكل",YEAR(A89)=IFERROR(VALUE('طباعة كشف الحساب'!$F$2),0)),A89<>""),IFERROR(MAX($N$4:N88),0)+1,"") | O89: =IF(AND(D88>0,F88="أحد الشركاء"),COUNTIFS($D$4:D88,">"&0,$F$4:F88,"أحد الشركاء"),"")
A90: 46197 | C90: nbk 18-18-18 | D90: 12 | F90: نقداً | G90: المحفظة | H90: تم الدفع | J90: =IF(AND(D90="",E90="",A90="",B90="",C90=""),"", IFERROR(IF(J89="",D2,J89),D2)+IF(E90="",0,E90)-IF(OR(G90="أبو اسحاق",G90="أبو آدم",G90="أبو اسحاق ",G90="أبو آدم "),0,IF(D90="",0,D90))) | L90: =IF(E89>0,COUNTIF($E$4:E89,">0"),"") | M90: =IF(AND(D89>0,G89="المحفظة"),COUNTIFS($D$4:D89,">"&0,$G$4:G89,"المحفظة"),"") | N90: =IF(AND(OR('طباعة كشف الحساب'!$C$2="الكل",MONTH(A90)=IFERROR(MATCH('طباعة كشف الحساب'!$C$2,{"يناير","فبراير","مارس","أبريل","مايو","يونيو","يوليو","أغسطس","سبتمبر","أكتوبر","نوفمبر","ديسمبر"},0),0)),OR('طباعة كشف الحساب'!$F$2="الكل",YEAR(A90)=IFERROR(VALUE('طباعة كشف الحساب'!$F$2),0)),A90<>""),IFERROR(MAX($N$4:N89),0)+1,"") | O90: =IF(AND(D89>0,F89="أحد الشركاء"),COUNTIFS($D$4:D89,">"&0,$F$4:F89,"أحد الشركاء"),"")
A91: 46201 | B91: Inv-76 | C91: فل عدد 11 الحبه 0.750 | E91: 8.25 | F91: أون لاين | H91: تم الدفع | J91: =IF(AND(D91="",E91="",A91="",B91="",C91=""),"", IFERROR(IF(J90="",D2,J90),D2)+IF(E91="",0,E91)-IF(OR(G91="أبو اسحاق",G91="أبو آدم",G91="أبو اسحاق ",G91="أبو آدم "),0,IF(D91="",0,D91))) | L91: =IF(E90>0,COUNTIF($E$4:E90,">0"),"") | M91: =IF(AND(D90>0,G90="المحفظة"),COUNTIFS($D$4:D90,">"&0,$G$4:G90,"المحفظة"),"") | N91: =IF(AND(OR('طباعة كشف الحساب'!$C$2="الكل",MONTH(A91)=IFERROR(MATCH('طباعة كشف الحساب'!$C$2,{"يناير","فبراير","مارس","أبريل","مايو","يونيو","يوليو","أغسطس","سبتمبر","أكتوبر","نوفمبر","ديسمبر"},0),0)),OR('طباعة كشف الحساب'!$F$2="الكل",YEAR(A91)=IFERROR(VALUE('طباعة كشف الحساب'!$F$2),0)),A91<>""),IFERROR(MAX($N$4:N90),0)+1,"") | O91: =IF(AND(D90>0,F90="أحد الشركاء"),COUNTIFS($D$4:D90,">"&0,$F$4:F90,"أحد الشركاء"),"")
A92: 46202 | B92: Inv-77 | C92: عطره عدد 3 الحبه 0.750 | E92: 2.25 | F92: أون لاين | H92: تم الدفع | J92: =IF(AND(D92="",E92="",A92="",B92="",C92=""),"", IFERROR(IF(J91="",D2,J91),D2)+IF(E92="",0,E92)-IF(OR(G92="أبو اسحاق",G92="أبو آدم",G92="أبو اسحاق ",G92="أبو آدم "),0,IF(D92="",0,D92))) | L92: =IF(E91>0,COUNTIF($E$4:E91,">0"),"") | M92: =IF(AND(D91>0,G91="المحفظة"),COUNTIFS($D$4:D91,">"&0,$G$4:G91,"المحفظة"),"") | N92: =IF(AND(OR('طباعة كشف الحساب'!$C$2="الكل",MONTH(A92)=IFERROR(MATCH('طباعة كشف الحساب'!$C$2,{"يناير","فبراير","مارس","أبريل","مايو","يونيو","يوليو","أغسطس","سبتمبر","أكتوبر","نوفمبر","ديسمبر"},0),0)),OR('طباعة كشف الحساب'!$F$2="الكل",YEAR(A92)=IFERROR(VALUE('طباعة كشف الحساب'!$F$2),0)),A92<>""),IFERROR(MAX($N$4:N91),0)+1,"") | O92: =IF(AND(D91>0,F91="أحد الشركاء"),COUNTIFS($D$4:D91,">"&0,$F$4:F91,"أحد الشركاء"),"")
A93: 46202 | B93: Inv-78 | C93: معلقات عدد 3 الحبه 1 | E93: 3 | F93: أون لاين | H93: تم الدفع | J93: =IF(AND(D93="",E93="",A93="",B93="",C93=""),"", IFERROR(IF(J92="",D2,J92),D2)+IF(E93="",0,E93)-IF(OR(G93="أبو اسحاق",G93="أبو آدم",G93="أبو اسحاق ",G93="أبو آدم "),0,IF(D93="",0,D93))) | L93: =IF(E92>0,COUNTIF($E$4:E92,">0"),"") | M93: =IF(AND(D92>0,G92="المحفظة"),COUNTIFS($D$4:D92,">"&0,$G$4:G92,"المحفظة"),"") | N93: =IF(AND(OR('طباعة كشف الحساب'!$C$2="الكل",MONTH(A93)=IFERROR(MATCH('طباعة كشف الحساب'!$C$2,{"يناير","فبراير","مارس","أبريل","مايو","يونيو","يوليو","أغسطس","سبتمبر","أكتوبر","نوفمبر","ديسمبر"},0),0)),OR('طباعة كشف الحساب'!$F$2="الكل",YEAR(A93)=IFERROR(VALUE('طباعة كشف الحساب'!$F$2),0)),A93<>""),IFERROR(MAX($N$4:N92),0)+1,"") | O93: =IF(AND(D92>0,F92="أحد الشركاء"),COUNTIFS($D$4:D92,">"&0,$F$4:F92,"أحد الشركاء"),"")
A94: 46203 | B94: Inv-79 | C94: معلقات عدد 4 الحبه 1 | E94: 4 | F94: أون لاين | H94: تم الدفع | J94: =IF(AND(D94="",E94="",A94="",B94="",C94=""),"", IFERROR(IF(J93="",D2,J93),D2)+IF(E94="",0,E94)-IF(OR(G94="أبو اسحاق",G94="أبو آدم",G94="أبو اسحاق ",G94="أبو آدم "),0,IF(D94="",0,D94))) | L94: =IF(E93>0,COUNTIF($E$4:E93,">0"),"") | M94: =IF(AND(D93>0,G93="المحفظة"),COUNTIFS($D$4:D93,">"&0,$G$4:G93,"المحفظة"),"") | N94: =IF(AND(OR('طباعة كشف الحساب'!$C$2="الكل",MONTH(A94)=IFERROR(MATCH('طباعة كشف الحساب'!$C$2,{"يناير","فبراير","مارس","أبريل","مايو","يونيو","يوليو","أغسطس","سبتمبر","أكتوبر","نوفمبر","ديسمبر"},0),0)),OR('طباعة كشف الحساب'!$F$2="الكل",YEAR(A94)=IFERROR(VALUE('طباعة كشف الحساب'!$F$2),0)),A94<>""),IFERROR(MAX($N$4:N93),0)+1,"") | O94: =IF(AND(D93>0,F93="أحد الشركاء"),COUNTIFS($D$4:D93,">"&0,$F$4:F93,"أحد الشركاء"),"")
A95: 46203 | B95: Inv-80 | C95: معلقات عدد4 الحبه 1 | E95: 4 | F95: أون لاين | H95: تم الدفع | J95: =IF(AND(D95="",E95="",A95="",B95="",C95=""),"", IFERROR(IF(J94="",D2,J94),D2)+IF(E95="",0,E95)-IF(OR(G95="أبو اسحاق",G95="أبو آدم",G95="أبو اسحاق ",G95="أبو آدم "),0,IF(D95="",0,D95))) | L95: =IF(E94>0,COUNTIF($E$4:E94,">0"),"") | M95: =IF(AND(D94>0,G94="المحفظة"),COUNTIFS($D$4:D94,">"&0,$G$4:G94,"المحفظة"),"") | N95: =IF(AND(OR('طباعة كشف الحساب'!$C$2="الكل",MONTH(A95)=IFERROR(MATCH('طباعة كشف الحساب'!$C$2,{"يناير","فبراير","مارس","أبريل","مايو","يونيو","يوليو","أغسطس","سبتمبر","أكتوبر","نوفمبر","ديسمبر"},0),0)),OR('طباعة كشف الحساب'!$F$2="الكل",YEAR(A95)=IFERROR(VALUE('طباعة كشف الحساب'!$F$2),0)),A95<>""),IFERROR(MAX($N$4:N94),0)+1,"") | O95: =IF(AND(D94>0,F94="أحد الشركاء"),COUNTIFS($D$4:D94,">"&0,$F$4:F94,"أحد الشركاء"),"")
A96: 46203 | B96: Inv-81 | C96: افوبيا عدد 2 الحبه 1 | E96: 2 | F96: أون لاين | H96: تم الدفع | J96: =IF(AND(D96="",E96="",A96="",B96="",C96=""),"", IFERROR(IF(J95="",D2,J95),D2)+IF(E96="",0,E96)-IF(OR(G96="أبو اسحاق",G96="أبو آدم",G96="أبو اسحاق ",G96="أبو آدم "),0,IF(D96="",0,D96))) | L96: =IF(E95>0,COUNTIF($E$4:E95,">0"),"") | M96: =IF(AND(D95>0,G95="المحفظة"),COUNTIFS($D$4:D95,">"&0,$G$4:G95,"المحفظة"),"") | N96: =IF(AND(OR('طباعة كشف الحساب'!$C$2="الكل",MONTH(A96)=IFERROR(MATCH('طباعة كشف الحساب'!$C$2,{"يناير","فبراير","مارس","أبريل","مايو","يونيو","يوليو","أغسطس","سبتمبر","أكتوبر","نوفمبر","ديسمبر"},0),0)),OR('طباعة كشف الحساب'!$F$2="الكل",YEAR(A96)=IFERROR(VALUE('طباعة كشف الحساب'!$F$2),0)),A96<>""),IFERROR(MAX($N$4:N95),0)+1,"") | O96: =IF(AND(D95>0,F95="أحد الشركاء"),COUNTIFS($D$4:D95,">"&0,$F$4:F95,"أحد الشركاء"),"")
A97: 46203 | C97: رواتب عماله شهر يونيو 2026 | D97: 420 | F97: نقداً | G97: المحفظة | H97: تم الدفع | J97: =IF(AND(D97="",E97="",A97="",B97="",C97=""),"", IFERROR(IF(J96="",D2,J96),D2)+IF(E97="",0,E97)-IF(OR(G97="أبو اسحاق",G97="أبو آدم",G97="أبو اسحاق ",G97="أبو آدم "),0,IF(D97="",0,D97))) | L97: =IF(E96>0,COUNTIF($E$4:E96,">0"),"") | M97: =IF(AND(D96>0,G96="المحفظة"),COUNTIFS($D$4:D96,">"&0,$G$4:G96,"المحفظة"),"") | N97: =IF(AND(OR('طباعة كشف الحساب'!$C$2="الكل",MONTH(A97)=IFERROR(MATCH('طباعة كشف الحساب'!$C$2,{"يناير","فبراير","مارس","أبريل","مايو","يونيو","يوليو","أغسطس","سبتمبر","أكتوبر","نوفمبر","ديسمبر"},0),0)),OR('طباعة كشف الحساب'!$F$2="الكل",YEAR(A97)=IFERROR(VALUE('طباعة كشف الحساب'!$F$2),0)),A97<>""),IFERROR(MAX($N$4:N96),0)+1,"") | O97: =IF(AND(D96>0,F96="أحد الشركاء"),COUNTIFS($D$4:D96,">"&0,$F$4:F96,"أحد الشركاء"),"")
A98: 46203 | C98: تكمله رواتب يونيو 2026 ابوادم | E98: 50 | F98: نقداً | G98: أبو آدم | H98: تم الدفع | J98: =IF(AND(D98="",E98="",A98="",B98="",C98=""),"", IFERROR(IF(J97="",D2,J97),D2)+IF(E98="",0,E98)-IF(OR(G98="أبو اسحاق",G98="أبو آدم",G98="أبو اسحاق ",G98="أبو آدم "),0,IF(D98="",0,D98))) | L98: =IF(E97>0,COUNTIF($E$4:E97,">0"),"") | M98: =IF(AND(D97>0,G97="المحفظة"),COUNTIFS($D$4:D97,">"&0,$G$4:G97,"المحفظة"),"") | N98: =IF(AND(OR('طباعة كشف الحساب'!$C$2="الكل",MONTH(A98)=IFERROR(MATCH('طباعة كشف الحساب'!$C$2,{"يناير","فبراير","مارس","أبريل","مايو","يونيو","يوليو","أغسطس","سبتمبر","أكتوبر","نوفمبر","ديسمبر"},0),0)),OR('طباعة كشف الحساب'!$F$2="الكل",YEAR(A98)=IFERROR(VALUE('طباعة كشف الحساب'!$F$2),0)),A98<>""),IFERROR(MAX($N$4:N97),0)+1,"") | O98: =IF(AND(D97>0,F97="أحد الشركاء"),COUNTIFS($D$4:D97,">"&0,$F$4:F97,"أحد الشركاء"),"")
A99: 46203 | C99: تكمله رواتب يونيو 2026 ابواسحاق | E99: 50 | F99: نقداً | G99: أبو اسحاق | H99: تم الدفع | J99: =IF(AND(D99="",E99="",A99="",B99="",C99=""),"", IFERROR(IF(J98="",D2,J98),D2)+IF(E99="",0,E99)-IF(OR(G99="أبو اسحاق",G99="أبو آدم",G99="أبو اسحاق ",G99="أبو آدم "),0,IF(D99="",0,D99))) | L99: =IF(E98>0,COUNTIF($E$4:E98,">0"),"") | M99: =IF(AND(D98>0,G98="المحفظة"),COUNTIFS($D$4:D98,">"&0,$G$4:G98,"المحفظة"),"") | N99: =IF(AND(OR('طباعة كشف الحساب'!$C$2="الكل",MONTH(A99)=IFERROR(MATCH('طباعة كشف الحساب'!$C$2,{"يناير","فبراير","مارس","أبريل","مايو","يونيو","يوليو","أغسطس","سبتمبر","أكتوبر","نوفمبر","ديسمبر"},0),0)),OR('طباعة كشف الحساب'!$F$2="الكل",YEAR(A99)=IFERROR(VALUE('طباعة كشف الحساب'!$F$2),0)),A99<>""),IFERROR(MAX($N$4:N98),0)+1,"") | O99: =IF(AND(D98>0,F98="أحد الشركاء"),COUNTIFS($D$4:D98,">"&0,$F$4:F98,"أحد الشركاء"),"")
A100: 46203 | C100: احواض عدد 1000 مقاس 25 سم | D100: 80 | F100: نقداً | G100: المحفظة | H100: تم الدفع | J100: =IF(AND(D100="",E100="",A100="",B100="",C100=""),"", IFERROR(IF(J99="",D2,J99),D2)+IF(E100="",0,E100)-IF(OR(G100="أبو اسحاق",G100="أبو آدم",G100="أبو اسحاق ",G100="أبو آدم "),0,IF(D100="",0,D100))) | L100: =IF(E99>0,COUNTIF($E$4:E99,">0"),"") | M100: =IF(AND(D99>0,G99="المحفظة"),COUNTIFS($D$4:D99,">"&0,$G$4:G99,"المحفظة"),"") | N100: =IF(AND(OR('طباعة كشف الحساب'!$C$2="الكل",MONTH(A100)=IFERROR(MATCH('طباعة كشف الحساب'!$C$2,{"يناير","فبراير","مارس","أبريل","مايو","يونيو","يوليو","أغسطس","سبتمبر","أكتوبر","نوفمبر","ديسمبر"},0),0)),OR('طباعة كشف الحساب'!$F$2="الكل",YEAR(A100)=IFERROR(VALUE('طباعة كشف الحساب'!$F$2),0)),A100<>""),IFERROR(MAX($N$4:N99),0)+1,"") | O100: =IF(AND(D99>0,F99="أحد الشركاء"),COUNTIFS($D$4:D99,">"&0,$F$4:F99,"أحد الشركاء"),"")
...

Sheet بنود المحفظة
A1: بنود التسديد من المحفظة
A2: بند الصرف | B2: الوصف | C2: ملاحظات
A3: رواتب العمال
A4: وقود ومحروقات
A5: صيانة المعدات
A6: مستلزمات زراعية
A7: مياه وكهرباء
A8: نقليات وتوصيل
A9: أحواض وأدوات
A10: مبيدات وأسمدة
A11: إيجارات
A12: مصاريف إدارية
A13: مدفوعات المهندس مختار
A14: مدفوعات محمد أبو آدم
... A20: أخرى

Sheet تعليمات
A1: 📘 تعليمات الاستخدام
A2: كشف الحساب — الدفع العادي
A3: ① | B3: اكتب المبلغ في عمود D (سحب) واختر طريقة الدفع = نقداً أو أون لاين أو أحد الشركاء
A4: ② | B4: اختر الدافع G: أبو اسحاق / أبو آدم / نزمول — لا يخصم من المحفظة
A5: كشف الحساب — الدفع من المحفظة
A6: ① | B6: اكتب المبلغ في عمود D (سحب)
A7: ② | B7: عمود F (طريقة الدفع): اختر "من المحفظة"
A8: ③ | B8: عمود G (الدافع): اختر "المحفظة" ← هذا هو المفتاح للخصم التلقائي
A9: ④ | B9: عمود I (بند الصرف): اختر البند المناسب مثل رواتب / وقود / إلخ
A10: ⑤ | B10: 🔄 المبلغ يُخصم تلقائياً من المحفظة — لا تحتاج كتابة أي شيء في ورقة المحفظة
A11: المحفظة — كيف تعمل
A12: ① | B12: القسم الأخضر: جميع الإيرادات (عمود إيداع E في كشف الحساب) تظهر تلقائياً
A13: ② | B13: القسم الأحمر: جميع المصروفات المدفوعة من المحفظة (عند اختيار المحفظة كدافع) تظهر تلقائياً
A14: ③ | B14: رصيد المحفظة = الافتتاحي + إجمالي الإيرادات − إجمالي المصروفات
A15: ④ | B15: الرصيد في الخلية C3 يتحدث فورياً مع أي تغيير في كشف الحساب

Sheet طباعة كشف الحساب
A1: كشف حساب المزرعة — Farm Account Statement
C2: يونيو | D2: 2026 | F2: الكل | G2: ⬆ اختر الشهر والسنة ثم Ctrl+P أو File → Export → PDF
A3: الرصيد الافتتاحي: | D3: ='كشف الحساب'!$D$2
A4: التاريخ | B4: المرجع | C4: البيان / الوصف | D4: سحب | E4: إيداع | F4: طريقة الدفع | G4: الدافع | H4: الحالة | I4: بند الصرف | J4: الرصيد | K4: ملاحظات
A5: =IFERROR(IF(IFERROR(MATCH(1,'كشف الحساب'!$N$4:$N$203,0),0)=0,"",INDEX('كشف الحساب'!$A$4:$A$203,IFERROR(MATCH(1,'كشف الحساب'!$N$4:$N$203,0),0))),"") | B5: =IFERROR(IF(IFERROR(MATCH(1,'كشف الحساب'!$N$4:$N$203,0),0)=0,"",INDEX('كشف الحساب'!$B$4:$B$203,IFERROR(MATCH(1,'كشف الحساب'!$N$4:$N$203,0),0))),"") | C5: =IFERROR(IF(IFERROR(MATCH(1,'كشف الحساب'!$N$4:$N$203,0),0)=0,"",INDEX('كشف الحساب'!$C$4:$C$203,IFERROR(MATCH(1,'كشف الحساب'!$N$4:$N$203,0),0))),"") | D5: =IFERROR(IF(IFERROR(MATCH(1,'كشف الحساب'!$N$4:$N$203,0),0)=0,"",INDEX('كشف الحساب'!$D$4:$D$203,IFERROR(MATCH(1,'كشف الحساب'!$N$4:$N$203,0),0))),"") | E5: =IFERROR(IF(IFERROR(MATCH(1,'كشف الحساب'!$N$4:$N$203,0),0)=0,"",INDEX('كشف الحساب'!$E$4:$E$203,IFERROR(MATCH(1,'كشف الحساب'!$N$4:$N$203,0),0))),"") | F5: =IFERROR(IF(IFERROR(MATCH(1,'كشف الحساب'!$N$4:$N$203,0),0)=0,"",INDEX('كشف الحساب'!$F$4:$F$203,IFERROR(MATCH(1,'كشف الحساب'!$N$4:$N$203,0),0))),"") | G5: =IFERROR(IF(IFERROR(MATCH(1,'كشف الحساب'!$N$4:$N$203,0),0)=0,"",INDEX('كشف الحساب'!$G$4:$G$203,IFERROR(MATCH(1,'كشف الحساب'!$N$4:$N$203,0),0))),"") | H5: =IFERROR(IF(IFERROR(MATCH(1,'كشف الحساب'!$N$4:$N$203,0),0)=0,"",INDEX('كشف الحساب'!$H$4:$H$203,IFERROR(MATCH(1,'كشف الحساب'!$N$4:$N$203,0),0))),"") | I5: =IFERROR(IF(IFERROR(MATCH(1,'كشف الحساب'!$N$4:$N$203,0),0)=0,"",INDEX('كشف الحساب'!$I$4:$I$203,IFERROR(MATCH(1,'كشف الحساب'!$N$4:$N$203,0),0))),"") | J5: =IFERROR(IF(IFERROR(MATCH(1,'كشف الحساب'!$N$4:$N$203,0),0)=0,"",INDEX('كشف الحساب'!$J$4:$J$203,IFERROR(MATCH(1,'كشف الحساب'!$N$4:$N$203,0),0))),"") | K5: =IFERROR(IF(IFERROR(MATCH(1,'كشف الحساب'!$N$4:$N$203,0),0)=0,"",INDEX('كشف الحساب'!$K$4:$K$203,IFERROR(MATCH(1,'كشف الحساب'!$N$4:$N$203,0),0))),"")
A6: =IFERROR(IF(IFERROR(MATCH(2,'كشف الحساب'!$N$4:$N$203,0),0)=0,"",INDEX('كشف الحساب'!$A$4:$A$203,IFERROR(MATCH(2,'كشف الحساب'!$N$4:$N$203,0),0))),"") | B6: =IFERROR(IF(IFERROR(MATCH(2,'كشف الحساب'!$N$4:$N$203,0),0)=0,"",INDEX('كشف الحساب'!$B$4:$B$203,IFERROR(MATCH(2,'كشف الحساب'!$N$4:$N$203,0),0))),"") | C6: =IFERROR(IF(IFERROR(MATCH(2,'كشف الحساب'!$N$4:$N$203,0),0)=0,"",INDEX('كشف الحساب'!$C$4:$C$203,IFERROR(MATCH(2,'كشف الحساب'!$N$4:$N$203,0),0))),"") | D6: =IFERROR(IF(IFERROR(MATCH(2,'كشف الحساب'!$N$4:$N$203,0),0)=0,"",INDEX('كشف الحساب'!$D$4:$D$203,IFERROR(MATCH(2,'كشف الحساب'!$N$4:$N$203,0),0))),"") | E6: =IFERROR(IF(IFERROR(MATCH(2,'كشف الحساب'!$N$4:$N$203,0),0)=0,"",INDEX('كشف الحساب'!$E$4:$E$203,IFERROR(MATCH(2,'كشف الحساب'!$N$4:$N$203,0),0))),"") | F6: =IFERROR(IF(IFERROR(MATCH(2,'كشف الحساب'!$N$4:$N$203,0),0)=0,"",INDEX('كشف الحساب'!$F$4:$F$203,IFERROR(MATCH(2,'كشف الحساب'!$N$4:$N$203,0),0))),"") | G6: =IFERROR(IF(IFERROR(MATCH(2,'كشف الحساب'!$N$4:$N$203,0),0)=0,"",INDEX('كشف الحساب'!$G$4:$G$203,IFERROR(MATCH(2,'كشف الحساب'!$N$4:$N$203,0),0))),"") | H6: =IFERROR(IF(IFERROR(MATCH(2,'كشف الحساب'!$N$4:$N$203,0),0)=0,"",INDEX('كشف الحساب'!$H$4:$H$203,IFERROR(MATCH(2,'كشف الحساب'!$N$4:$N$203,0),0))),"") | I6: =IFERROR(IF(IFERROR(MATCH(2,'كشف الحساب'!$N$4:$N$203,0),0)=0,"",INDEX('كشف الحساب'!$I$4:$I$203,IFERROR(MATCH(2,'كشف الحساب'!$N$4:$N$203,0),0))),"") | J6: =IFERROR(IF(IFERROR(MATCH(2,'كشف الحساب'!$N$4:$N$203,0),0)=0,"",INDEX('كشف الحساب'!$J$4:$J$203,IFERROR(MATCH(2,'كشف الحساب'!$N$4:$N$203,0),0))),"") | K6: =IFERROR(IF(IFERROR(MATCH(2,'كشف الحساب'!$N$4:$N$203,0),0)=0,"",INDEX('كشف الحساب'!$K$4:$K$203,IFERROR(MATCH(2,'كشف الحساب'!$N$4:$N$203,0),0))),"")
A7: =IFERROR(IF(IFERROR(MATCH(3,'كشف الحساب'!$N$4:$N$203,0),0)=0,"",INDEX('كشف الحساب'!$A$4:$A$203,IFERROR(MATCH(3,'كشف الحساب'!$N$4:$N$203,0),0))),"") | B7: =IFERROR(IF(IFERROR(MATCH(3,'كشف الحساب'!$N$4:$N$203,0),0)=0,"",INDEX('كشف الحساب'!$B$4:$B$203,IFERROR(MATCH(3,'كشف الحساب'!$N$4:$N$203,0),0))),"") | C7: =IFERROR(IF(IFERROR(MATCH(3,'كشف الحساب'!$N$4:$N$203,0),0)=0,"",INDEX('كشف الحساب'!$C$4:$C$203,IFERROR(MATCH(3,'كشف الحساب'!$N$4:$N$203,0),0))),"") | D7: =IFERROR(IF(IFERROR(MATCH(3,'كشف الحساب'!$N$4:$N$203,0),0)=0,"",INDEX('كشف الحساب'!$D$4:$D$203,IFERROR(MATCH(3,'كشف الحساب'!$N$4:$N$203,0),0))),"") | E7: =IFERROR(IF(IFERROR(MATCH(3,'كشف الحساب'!$N$4:$N$203,0),0)=0,"",INDEX('كشف الحساب'!$E$4:$E$203,IFERROR(MATCH(3,'كشف الحساب'!$N$4:$N$203,0),0))),"") | F7: =IFERROR(IF(IFERROR(MATCH(3,'كشف الحساب'!$N$4:$N$203,0),0)=0,"",INDEX('كشف الحساب'!$F$4:$F$203,IFERROR(MATCH(3,'كشف الحساب'!$N$4:$N$203,0),0))),"") | G7: =IFERROR(IF(IFERROR(MATCH(3,'كشف الحساب'!$N$4:$N$203,0),0)=0,"",INDEX('كشف الحساب'!$G$4:$G$203,IFERROR(MATCH(3,'كشف الحساب'!$N$4:$N$203,0),0))),"") | H7: =IFERROR(IF(IFERROR(MATCH(3,'كشف الحساب'!$N$4:$N$203,0),0)=0,"",INDEX('كشف الحساب'!$H$4:$H$203,IFERROR(MATCH(3,'كشف الحساب'!$N$4:$N$203,0),0))),"") | I7: =IFERROR(IF(IFERROR(MATCH(3,'كشف الحساب'!$N$4:$N$203,0),0)=0,"",INDEX('كشف الحساب'!$I$4:$I$203,IFERROR(MATCH(3,'كشف الحساب'!$N$4:$N$203,0),0))),"") | J7: =IFERROR(IF(IFERROR(MATCH(3,'كشف الحساب'!$N$4:$N$203,0),0)=0,"",INDEX('كشف الحساب'!$J$4:$J$203,IFERROR(MATCH(3,'كشف الحساب'!$N$4:$N$203,0),0))),"") | K7: =IFERROR(IF(IFERROR(MATCH(3,'كشف الحساب'!$N$4:$N$203,0),0)=0,"",INDEX('كشف الحساب'!$K$4:$K$203,IFERROR(MATCH(3,'كشف الحساب'!$N$4:$N$203,0),0))),"")
A8: =IFERROR(IF(IFERROR(MATCH(4,'كشف الحساب'!$N$4:$N$203,0),0)=0,"",INDEX('كشف الحساب'!$A$4:$A$203,IFERROR(MATCH(4,'كشف الحساب'!$N$4:$N$203,0),0))),"") | B8: =IFERROR(IF(IFERROR(MATCH(4,'كشف الحساب'!$N$4:$N$203,0),0)=0,"",INDEX('كشف الحساب'!$B$4:$B$203,IFERROR(MATCH(4,'كشف الحساب'!$N$4:$N$203,0),0))),"") | C8: =IFERROR(IF(IFERROR(MATCH(4,'كشف الحساب'!$N$4:$N$203,0),0)=0,"",INDEX('كشف الحساب'!$C$4:$C$203,IFERROR(MATCH(4,'كشف الحساب'!$N$4:$N$203,0),0))),"") | D8: =IFERROR(IF(IFERROR(MATCH(4,'كشف الحساب'!$N$4:$N$203,0),0)=0,"",INDEX('كشف الحساب'!$D$4:$D$203,IFERROR(MATCH(4,'كشف الحساب'!$N$4:$N$203,0),0))),"") | E8: =IFERROR(IF(IFERROR(MATCH(4,'كشف الحساب'!$N$4:$N$203,0),0)=0,"",INDEX('كشف الحساب'!$E$4:$E$203,IFERROR(MATCH(4,'كشف الحساب'!$N$4:$N$203,0),0))),"") | F8: =IFERROR(IF(IFERROR(MATCH(4,'كشف الحساب'!$N$4:$N$203,0),0)=0,"",INDEX('كشف الحساب'!$F$4:$F$203,IFERROR(MATCH(4,'كشف الحساب'!$N$4:$N$203,0),0))),"") | G8: =IFERROR(IF(IFERROR(MATCH(4,'كشف الحساب'!$N$4:$N$203,0),0)=0,"",INDEX('كشف الحساب'!$G$4:$G$203,IFERROR(MATCH(4,'كشف الحساب'!$N$4:$N$203,0),0))),"") | H8: =IFERROR(IF(IFERROR(MATCH(4,'كشف الحساب'!$N$4:$N$203,0),0)=0,"",INDEX('كشف الحساب'!$H$4:$H$203,IFERROR(MATCH(4,'كشف الحساب'!$N$4:$N$203,0),0))),"") | I8: =IFERROR(IF(IFERROR(MATCH(4,'كشف الحساب'!$N$4:$N$203,0),0)=0,"",INDEX('كشف الحساب'!$I$4:$I$203,IFERROR(MATCH(4,'كشف الحساب'!$N$4:$N$203,0),0))),"") | J8: =IFERROR(IF(IFERROR(MATCH(4,'كشف الحساب'!$N$4:$N$203,0),0)=0,"",INDEX('كشف الحساب'!$J$4:$J$203,IFERROR(MATCH(4,'كشف الحساب'!$N$4:$N$203,0),0))),"") | K8: =IFERROR(IF(IFERROR(MATCH(4,'كشف الحساب'!$N$4:$N$203,0),0)=0,"",INDEX('كشف الحساب'!$K$4:$K$203,IFERROR(MATCH(4,'كشف الحساب'!$N$4:$N$203,0),0))),"")
A9: =IFERROR(IF(IFERROR(MATCH(5,'كشف الحساب'!$N$4:$N$203,0),0)=0,"",INDEX('كشف الحساب'!$A$4:$A$203,IFERROR(MATCH(5,'كشف الحساب'!$N$4:$N$203,0),0))),"") | B9: =IFERROR(IF(IFERROR(MATCH(5,'كشف الحساب'!$N$4:$N$203,0),0)=0,"",INDEX('كشف الحساب'!$B$4:$B$203,IFERROR(MATCH(5,'كشف الحساب'!$N$4:$N$203,0),0))),"") | C9: =IFERROR(IF(IFERROR(MATCH(5,'كشف الحساب'!$N$4:$N$203,0),0)=0,"",INDEX('كشف الحساب'!$C$4:$C$203,IFERROR(MATCH(5,'كشف الحساب'!$N$4:$N$203,0),0))),"") | D9: =IFERROR(IF(IFERROR(MATCH(5,'كشف الحساب'!$N$4:$N$203,0),0)=0,"",INDEX('كشف الحساب'!$D$4:$D$203,IFERROR(MATCH(5,'كشف الحساب'!$N$4:$N$203,0),0))),"") | E9: =IFERROR(IF(IFERROR(MATCH(5,'كشف الحساب'!$N$4:$N$203,0),0)=0,"",INDEX('كشف الحساب'!$E$4:$E$203,IFERROR(MATCH(5,'كشف الحساب'!$N$4:$N$203,0),0))),"") | F9: =IFERROR(IF(IFERROR(MATCH(5,'كشف الحساب'!$N$4:$N$203,0),0)=0,"",INDEX('كشف الحساب'!$F$4:$F$203,IFERROR(MATCH(5,'كشف الحساب'!$N$4:$N$203,0),0))),"") | G9: =IFERROR(IF(IFERROR(MATCH(5,'كشف الحساب'!$N$4:$N$203,0),0)=0,"",INDEX('كشف الحساب'!$G$4:$G$203,IFERROR(MATCH(5,'كشف الحساب'!$N$4:$N$203,0),0))),"") | H9: =IFERROR(IF(IFERROR(MATCH(5,'كشف الحساب'!$N$4:$N$203,0),0)=0,"",INDEX('كشف الحساب'!$H$4:$H$203,IFERROR(MATCH(5,'كشف الحساب'!$N$4:$N$203,0),0))),"") | I9: =IFERROR(IF(IFERROR(MATCH(5,'كشف الحساب'!$N$4:$N$203,0),0)=0,"",INDEX('كشف الحساب'!$I$4:$I$203,IFERROR(MATCH(5,'كشف الحساب'!$N$4:$N$203,0),0))),"") | J9: =IFERROR(IF(IFERROR(MATCH(5,'كشف الحساب'!$N$4:$N$203,0),0)=0,"",INDEX('كشف الحساب'!$J$4:$J$203,IFERROR(MATCH(5,'كشف الحساب'!$N$4:$N$203,0),0))),"") | K9: =IFERROR(IF(IFERROR(MATCH(5,'كشف الحساب'!$N$4:$N$203,0),0)=0,"",INDEX('كشف الحساب'!$K$4:$K$203,IFERROR(MATCH(5,'كشف الحساب'!$N$4:$N$203,0),0))),"")
A10: =IFERROR(IF(IFERROR(MATCH(6,'كشف الحساب'!$N$4:$N$203,0),0)=0,"",INDEX('كشف الحساب'!$A$4:$A$203,IFERROR(MATCH(6,'كشف الحساب'!$N$4:$N$203,0),0))),"") | B10: =IFERROR(IF(IFERROR(MATCH(6,'كشف الحساب'!$N$4:$N$203,0),0)=0,"",INDEX('كشف الحساب'!$B$4:$B$203,IFERROR(MATCH(6,'كشف الحساب'!$N$4:$N$203,0),0))),"") | C10: =IFERROR(IF(IFERROR(MATCH(6,'كشف الحساب'!$N$4:$N$203,0),0)=0,"",INDEX('كشف الحساب'!$C$4:$C$203,IFERROR(MATCH(6,'كشف الحساب'!$N$4:$N$203,0),0))),"") | D10: =IFERROR(IF(IFERROR(MATCH(6,'كشف الحساب'!$N$4:$N$203,0),0)=0,"",INDEX('كشف الحساب'!$D$4:$D$203,IFERROR(MATCH(6,'كشف الحساب'!$N$4:$N$203,0),0))),"") | E10: =IFERROR(IF(IFERROR(MATCH(6,'كشف الحساب'!$N$4:$N$203,0),0)=0,"",INDEX('كشف الحساب'!$E$4:$E$203,IFERROR(MATCH(6,'كشف الحساب'!$N$4:$N$203,0),0))),"") | F10: =IFERROR(IF(IFERROR(MATCH(6,'كشف الحساب'!$N$4:$N$203,0),0)=0,"",INDEX('كشف الحساب'!$F$4:$F$203,IFERROR(MATCH(6,'كشف الحساب'!$N$4:$N$203,0),0))),"") | G10: =IFERROR(IF(IFERROR(MATCH(6,'كشف الحساب'!$N$4:$N$203,0),0)=0,"",INDEX('كشف الحساب'!$G$4:$G$203,IFERROR(MATCH(6,'كشف الحساب'!$N$4:$N$203,0),0))),"") | H10: =IFERROR(IF(IFERROR(MATCH(6,'كشف الحساب'!$N$4:$N$203,0),0)=0,"",INDEX('كشف الحساب'!$H$4:$H$203,IFERROR(MATCH(6,'كشف الحساب'!$N$4:$N$203,0),0))),"") | I10: =IFERROR(IF(IFERROR(MATCH(6,'كشف الحساب'!$N$4:$N$203,0),0)=0,"",INDEX('كشف الحساب'!$I$4:$I$203,IFERROR(MATCH(6,'كشف الحساب'!$N$4:$N$203,0),0))),"") | J10: =IFERROR(IF(IFERROR(MATCH(6,'كشف الحساب'!$N$4:$N$203,0),0)=0,"",INDEX('كشف الحساب'!$J$4:$J$203,IFERROR(MATCH(6,'كشف الحساب'!$N$4:$N$203,0),0))),"") | K10: =IFERROR(IF(IFERROR(MATCH(6,'كشف الحساب'!$N$4:$N$203,0),0)=0,"",INDEX('كشف الحساب'!$K$4:$K$203,IFERROR(MATCH(6,'كشف الحساب'!$N$4:$N$203,0),0))),"")
A11: =IFERROR(IF(IFERROR(MATCH(7,'كشف الحساب'!$N$4:$N$203,0),0)=0,"",INDEX('كشف الحساب'!$A$4:$A$203,IFERROR(MATCH(7,'كشف الحساب'!$N$4:$N$203,0),0))),"") | B11: =IFERROR(IF(IFERROR(MATCH(7,'كشف الحساب'!$N$4:$N$203,0),0)=0,"",INDEX('كشف الحساب'!$B$4:$B$203,IFERROR(MATCH(7,'كشف الحساب'!$N$4:$N$203,0),0))),"") | C11: =IFERROR(IF(IFERROR(MATCH(7,'كشف الحساب'!$N$4:$N$203,0),0)=0,"",INDEX('كشف الحساب'!$C$4:$C$203,IFERROR(MATCH(7,'كشف الحساب'!$N$4:$N$203,0),0))),"") | D11: =IFERROR(IF(IFERROR(MATCH(7,'كشف الحساب'!$N$4:$N$203,0),0)=0,"",INDEX('كشف الحساب'!$D$4:$D$203,IFERROR(MATCH(7,'كشف الحساب'!$N$4:$N$203,0),0))),"") | E11: =IFERROR(IF(IFERROR(MATCH(7,'كشف الحساب'!$N$4:$N$203,0),0)=0,"",INDEX('كشف الحساب'!$E$4:$E$203,IFERROR(MATCH(7,'كشف الحساب'!$N$4:$N$203,0),0))),"") | F11: =IFERROR(IF(IFERROR(MATCH(7,'كشف الحساب'!$N$4:$N$203,0),0)=0,"",INDEX('كشف الحساب'!$F$4:$F$203,IFERROR(MATCH(7,'كشف الحساب'!$N$4:$N$203,0),0))),"") | G11: =IFERROR(IF(IFERROR(MATCH(7,'كشف الحساب'!$N$4:$N$203,0),0)=0,"",INDEX('كشف الحساب'!$G$4:$G$203,IFERROR(MATCH(7,'كشف الحساب'!$N$4:$N$203,0),0))),"") | H11: =IFERROR(IF(IFERROR(MATCH(7,'كشف الحساب'!$N$4:$N$203,0),0)=0,"",INDEX('كشف الحساب'!$H$4:$H$203,IFERROR(MATCH(7,'كشف الحساب'!$N$4:$N$203,0),0))),"") | I11: =IFERROR(IF(IFERROR(MATCH(7,'كشف الحساب'!$N$4:$N$203,0),0)=0,"",INDEX('كشف الحساب'!$I$4:$I$203,IFERROR(MATCH(7,'كشف الحساب'!$N$4:$N$203,0),0))),"") | J11: =IFERROR(IF(IFERROR(MATCH(7,'كشف الحساب'!$N$4:$N$203,0),0)=0,"",INDEX('كشف الحساب'!$J$4:$J$203,IFERROR(MATCH(7,'كشف الحساب'!$N$4:$N$203,0),0))),"") | K11: =IFERROR(IF(IFERROR(MATCH(7,'كشف الحساب'!$N$4:$N$203,0),0)=0,"",INDEX('كشف الحساب'!$K$4:$K$203,IFERROR(MATCH(7,'كشف الحساب'!$N$4:$N$203,0),0))),"")
A12: =IFERROR(IF(IFERROR(MATCH(8,'كشف الحساب'!$N$4:$N$203,0),0)=0,"",INDEX('كشف الحساب'!$A$4:$A$203,IFERROR(MATCH(8,'كشف الحساب'!$N$4:$N$203,0),0))),"") | B12: =IFERROR(IF(IFERROR(MATCH(8,'كشف الحساب'!$N$4:$N$203,0),0)=0,"",INDEX('كشف الحساب'!$B$4:$B$203,IFERROR(MATCH(8,'كشف الحساب'!$N$4:$N$203,0),0))),"") | C12: =IFERROR(IF(IFERROR(MATCH(8,'كشف الحساب'!$N$4:$N$203,0),0)=0,"",INDEX('كشف الحساب'!$C$4:$C$203,IFERROR(MATCH(8,'كشف الحساب'!$N$4:$N$203,0),0))),"") | D12: =IFERROR(IF(IFERROR(MATCH(8,'كشف الحساب'!$N$4:$N$203,0),0)=0,"",INDEX('كشف الحساب'!$D$4:$D$203,IFERROR(MATCH(8,'كشف الحساب'!$N$4:$N$203,0),0))),"") | E12: =IFERROR(IF(IFERROR(MATCH(8,'كشف الحساب'!$N$4:$N$203,0),0)=0,"",INDEX('كشف الحساب'!$E$4:$E$203,IFERROR(MATCH(8,'كشف الحساب'!$N$4:$N$203,0),0))),"") | F12: =IFERROR(IF(IFERROR(MATCH(8,'كشف الحساب'!$N$4:$N$203,0),0)=0,"",INDEX('كشف الحساب'!$F$4:$F$203,IFERROR(MATCH(8,'كشف الحساب'!$N$4:$N$203,0),0))),"") | G12: =IFERROR(IF(IFERROR(MATCH(8,'كشف الحساب'!$N$4:$N$203,0),0)=0,"",INDEX('كشف الحساب'!$G$4:$G$203,IFERROR(MATCH(8,'كشف الحساب'!$N$4:$N$203,0),0))),"") | H12: =IFERROR(IF(IFERROR(MATCH(8,'كشف الحساب'!$N$4:$N$203,0),0)=0,"",INDEX('كشف الحساب'!$H$4:$H$203,IFERROR(MATCH(8,'كشف الحساب'!$N$4:$N$203,0),0))),"") | I12: =IFERROR(IF(IFERROR(MATCH(8,'كشف الحساب'!$N$4:$N$203,0),0)=0,"",INDEX('كشف الحساب'!$I$4:$I$203,IFERROR(MATCH(8,'كشف الحساب'!$N$4:$N$203,0),0))),"") | J12: =IFERROR(IF(IFERROR(MATCH(8,'كشف الحساب'!$N$4:$N$203,0),0)=0,"",INDEX('كشف الحساب'!$J$4:$J$203,IFERROR(MATCH(8,'كشف الحساب'!$N$4:$N$203,0),0))),"") | K12: =IFERROR(IF(IFERROR(MATCH(8,'كشف الحساب'!$N$4:$N$203,0),0)=0,"",INDEX('كشف الحساب'!$K$4:$K$203,IFERROR(MATCH(8,'كشف الحساب'!$N$4:$N$203,0),0))),"")
A13: =IFERROR(IF(IFERROR(MATCH(9,'كشف الحساب'!$N$4:$N$203,0),0)=0,"",INDEX('كشف الحساب'!$A$4:$A$203,IFERROR(MATCH(9,'كشف الحساب'!$N$4:$N$203,0),0))),"") | B13: =IFERROR(IF(IFERROR(MATCH(9,'كشف الحساب'!$N$4:$N$203,0),0)=0,"",INDEX('كشف الحساب'!$B$4:$B$203,IFERROR(MATCH(9,'كشف الحساب'!$N$4:$N$203,0),0))),"") | C13: =IFERROR(IF(IFERROR(MATCH(9,'كشف الحساب'!$N$4:$N$203,0),0)=0,"",INDEX('كشف الحساب'!$C$4:$C$203,IFERROR(MATCH(9,'كشف الحساب'!$N$4:$N$203,0),0))),"") | D13: =IFERROR(IF(IFERROR(MATCH(9,'كشف الحساب'!$N$4:$N$203,0),0)=0,"",INDEX('كشف الحساب'!$D$4:$D$203,IFERROR(MATCH(9,'كشف الحساب'!$N$4:$N$203,0),0))),"") | E13: =IFERROR(IF(IFERROR(MATCH(9,'كشف الحساب'!$N$4:$N$203,0),0)=0,"",INDEX('كشف الحساب'!$E$4:$E$203,IFERROR(MATCH(9,'كشف الحساب'!$N$4:$N$203,0),0))),"") | F13: =IFERROR(IF(IFERROR(MATCH(9,'كشف الحساب'!$N$4:$N$203,0),0)=0,"",INDEX('كشف الحساب'!$F$4:$F$203,IFERROR(MATCH(9,'كشف الحساب'!$N$4:$N$203,0),0))),"") | G13: =IFERROR(IF(IFERROR(MATCH(9,'كشف الحساب'!$N$4:$N$203,0),0)=0,"",INDEX('كشف الحساب'!$G$4:$G$203,IFERROR(MATCH(9,'كشف الحساب'!$N$4:$N$203,0),0))),"") | H13: =IFERROR(IF(IFERROR(MATCH(9,'كشف الحساب'!$N$4:$N$203,0),0)=0,"",INDEX('كشف الحساب'!$H$4:$H$203,IFERROR(MATCH(9,'كشف الحساب'!$N$4:$N$203,0),0))),"") | I13: =IFERROR(IF(IFERROR(MATCH(9,'كشف الحساب'!$N$4:$N$203,0),0)=0,"",INDEX('كشف الحساب'!$I$4:$I$203,IFERROR(MATCH(9,'كشف الحساب'!$N$4:$N$203,0),0))),"") | J13: =IFERROR(IF(IFERROR(MATCH(9,'كشف الحساب'!$N$4:$N$203,0),0)=0,"",INDEX('كشف الحساب'!$J$4:$J$203,IFERROR(MATCH(9,'كشف الحساب'!$N$4:$N$203,0),0))),"") | K13: =IFERROR(IF(IFERROR(MATCH(9,'كشف الحساب'!$N$4:$N$203,0),0)=0,"",INDEX('كشف الحساب'!$K$4:$K$203,IFERROR(MATCH(9,'كشف الحساب'!$N$4:$N$203,0),0))),"")
A14: =IFERROR(IF(IFERROR(MATCH(10,'كشف الحساب'!$N$4:$N$203,0),0)=0,"",INDEX('كشف الحساب'!$A$4:$A$203,IFERROR(MATCH(10,'كشف الحساب'!$N$4:$N$203,0),0))),"") | B14: =IFERROR(IF(IFERROR(MATCH(10,'كشف الحساب'!$N$4:$N$203,0),0)=0,"",INDEX('كشف الحساب'!$B$4:$B$203,IFERROR(MATCH(10,'كشف الحساب'!$N$4:$N$203,0),0))),"") | C14: =IFERROR(IF(IFERROR(MATCH(10,'كشف الحساب'!$N$4:$N$203,0),0)=0,"",INDEX('كشف الحساب'!$C$4:$C$203,IFERROR(MATCH(10,'كشف الحساب'!$N$4:$N$203,0),0))),"") | D14: =IFERROR(IF(IFERROR(MATCH(10,'كشف الحساب'!$N$4:$N$203,0),0)=0,"",INDEX('كشف الحساب'!$D$4:$D$203,IFERROR(MATCH(10,'كشف الحساب'!$N$4:$N$203,0),0))),"") | E14: =IFERROR(IF(IFERROR(MATCH(10,'كشف الحساب'!$N$4:$N$203,0),0)=0,"",INDEX('كشف الحساب'!$E$4:$E$203,IFERROR(MATCH(10,'كشف الحساب'!$N$4:$N$203,0),0))),"") | F14: =IFERROR(IF(IFERROR(MATCH(10,'كشف الحساب'!$N$4:$N$203,0),0)=0,"",INDEX('كشف الحساب'!$F$4:$F$203,IFERROR(MATCH(10,'كشف الحساب'!$N$4:$N$203,0),0))),"") | G14: =IFERROR(IF(IFERROR(MATCH(10,'كشف الحساب'!$N$4:$N$203,0),0)=0,"",INDEX('كشف الحساب'!$G$4:$G$203,IFERROR(MATCH(10,'كشف الحساب'!$N$4:$N$203,0),0))),"") | H14: =IFERROR(IF(IFERROR(MATCH(10,'كشف الحساب'!$N$4:$N$203,0),0)=0,"",INDEX('كشف الحساب'!$H$4:$H$203,IFERROR(MATCH(10,'كشف الحساب'!$N$4:$N$203,0),0))),"") | I14: =IFERROR(IF(IFERROR(MATCH(10,'كشف الحساب'!$N$4:$N$203,0),0)=0,"",INDEX('كشف الحساب'!$I$4:$I$203,IFERROR(MATCH(10,'كشف الحساب'!$N$4:$N$203,0),0))),"") | J14: =IFERROR(IF(IFERROR(MATCH(10,'كشف الحساب'!$N$4:$N$203,0),0)=0,"",INDEX('كشف الحساب'!$J$4:$J$203,IFERROR(MATCH(10,'كشف الحساب'!$N$4:$N$203,0),0))),"") | K14: =IFERROR(IF(IFERROR(MATCH(10,'كشف الحساب'!$N$4:$N$203,0),0)=0,"",INDEX('كشف الحساب'!$K$4:$K$203,IFERROR(MATCH(10,'كشف الحساب'!$N$4:$N$203,0),0))),"")
A15: =IFERROR(IF(IFERROR(MATCH(11,'كشف الحساب'!$N$4:$N$203,0),0)=0,"",INDEX('كشف الحساب'!$A$4:$A$203,IFERROR(MATCH(11,'كشف الحساب'!$N$4:$N$203,0),0))),"") | B15: =IFERROR(IF(IFERROR(MATCH(11,'كشف الحساب'!$N$4:$N$203,0),0)=0,"",INDEX('كشف الحساب'!$B$4:$B$203,IFERROR(MATCH(11,'كشف الحساب'!$N$4:$N$203,0),0))),"") | C15: =IFERROR(IF(IFERROR(MATCH(11,'كشف الحساب'!$N$4:$N$203,0),0)=0,"",INDEX('كشف الحساب'!$C$4:$C$203,IFERROR(MATCH(11,'كشف الحساب'!$N$4:$N$203,0),0))),"") | D15: =IFERROR(IF(IFERROR(MATCH(11,'كشف الحساب'!$N$4:$N$203,0),0)=0,"",INDEX('كشف الحساب'!$D$4:$D$203,IFERROR(MATCH(11,'كشف الحساب'!$N$4:$N$203,0),0))),"") | E15: =IFERROR(IF(IFERROR(MATCH(11,'كشف الحساب'!$N$4:$N$203,0),0)=0,"",INDEX('كشف الحساب'!$E$4:$E$203,IFERROR(MATCH(11,'كشف الحساب'!$N$4:$N$203,0),0))),"") | F15: =IFERROR(IF(IFERROR(MATCH(11,'كشف الحساب'!$N$4:$N$203,0),0)=0,"",INDEX('كشف الحساب'!$F$4:$F$203,IFERROR(MATCH(11,'كشف الحساب'!$N$4:$N$203,0),0))),"") | G15: =IFERROR(IF(IFERROR(MATCH(11,'كشف الحساب'!$N$4:$N$203,0),0)=0,"",INDEX('كشف الحساب'!$G$4:$G$203,IFERROR(MATCH(11,'كشف الحساب'!$N$4:$N$203,0),0))),"") | H15: =IFERROR(IF(IFERROR(MATCH(11,'كشف الحساب'!$N$4:$N$203,0),0)=0,"",INDEX('كشف الحساب'!$H$4:$H$203,IFERROR(MATCH(11,'كشف الحساب'!$N$4:$N$203,0),0))),"") | I15: =IFERROR(IF(IFERROR(MATCH(11,'كشف الحساب'!$N$4:$N$203,0),0)=0,"",INDEX('كشف الحساب'!$I$4:$I$203,IFERROR(MATCH(11,'كشف الحساب'!$N$4:$N$203,0),0))),"") | J15: =IFERROR(IF(IFERROR(MATCH(11,'كشف الحساب'!$N$4:$N$203,0),0)=0,"",INDEX('كشف الحساب'!$J$4:$J$203,IFERROR(MATCH(11,'كشف الحساب'!$N$4:$N$203,0),0))),"") | K15: =IFERROR(IF(IFERROR(MATCH(11,'كشف الحساب'!$N$4:$N$203,0),0)=0,"",INDEX('كشف الحساب'!$K$4:$K$203,IFERROR(MATCH(11,'كشف الحساب'!$N$4:$N$203,0),0))),"")
A16: =IFERROR(IF(IFERROR(MATCH(12,'كشف الحساب'!$N$4:$N$203,0),0)=0,"",INDEX('كشف الحساب'!$A$4:$A$203,IFERROR(MATCH(12,'كشف الحساب'!$N$4:$N$203,0),0))),"") | B16: =IFERROR(IF(IFERROR(MATCH(12,'كشف الحساب'!$N$4:$N$203,0),0)=0,"",INDEX('كشف الحساب'!$B$4:$B$203,IFERROR(MATCH(12,'كشف الحساب'!$N$4:$N$203,0),0))),"") | C16: =IFERROR(IF(IFERROR(MATCH(12,'كشف الحساب'!$N$4:$N$203,0),0)=0,"",INDEX('كشف الحساب'!$C$4:$C$203,IFERROR(MATCH(12,'كشف الحساب'!$N$4:$N$203,0),0))),"") | D16: =IFERROR(IF(IFERROR(MATCH(12,'كشف الحساب'!$N$4:$N$203,0),0)=0,"",INDEX('كشف الحساب'!$D$4:$D$203,IFERROR(MATCH(12,'كشف الحساب'!$N$4:$N$203,0),0))),"") | E16: =IFERROR(IF(IFERROR(MATCH(12,'كشف الحساب'!$N$4:$N$203,0),0)=0,"",INDEX('كشف الحساب'!$E$4:$E$203,IFERROR(MATCH(12,'كشف الحساب'!$N$4:$N$203,0),0))),"") | F16: =IFERROR(IF(IFERROR(MATCH(12,'كشف الحساب'!$N$4:$N$203,0),0)=0,"",INDEX('كشف الحساب'!$F$4:$F$203,IFERROR(MATCH(12,'كشف الحساب'!$N$4:$N$203,0),0))),"") | G16: =IFERROR(IF(IFERROR(MATCH(12,'كشف الحساب'!$N$4:$N$203,0),0)=0,"",INDEX('كشف الحساب'!$G$4:$G$203,IFERROR(MATCH(12,'كشف الحساب'!$N$4:$N$203,0),0))),"") | H16: =IFERROR(IF(IFERROR(MATCH(12,'كشف الحساب'!$N$4:$N$203,0),0)=0,"",INDEX('كشف الحساب'!$H$4:$H$203,IFERROR(MATCH(12,'كشف الحساب'!$N$4:$N$203,0),0))),"") | I16: =IFERROR(IF(IFERROR(MATCH(12,'كشف الحساب'!$N$4:$N$203,0),0)=0,"",INDEX('كشف الحساب'!$I$4:$I$203,IFERROR(MATCH(12,'كشف الحساب'!$N$4:$N$203,0),0))),"") | J16: =IFERROR(IF(IFERROR(MATCH(12,'كشف الحساب'!$N$4:$N$203,0),0)=0,"",INDEX('كشف الحساب'!$J$4:$J$203,IFERROR(MATCH(12,'كشف الحساب'!$N$4:$N$203,0),0))),"") | K16: =IFERROR(IF(IFERROR(MATCH(12,'كشف الحساب'!$N$4:$N$203,0),0)=0,"",INDEX('كشف الحساب'!$K$4:$K$203,IFERROR(MATCH(12,'كشف الحساب'!$N$4:$N$203,0),0))),"")
A17: =IFERROR(IF(IFERROR(MATCH(13,'كشف الحساب'!$N$4:$N$203,0),0)=0,"",INDEX('كشف الحساب'!$A$4:$A$203,IFERROR(MATCH(13,'كشف الحساب'!$N$4:$N$203,0),0))),"") | B17: =IFERROR(IF(IFERROR(MATCH(13,'كشف الحساب'!$N$4:$N$203,0),0)=0,"",INDEX('كشف الحساب'!$B$4:$B$203,IFERROR(MATCH(13,'كشف الحساب'!$N$4:$N$203,0),0))),"") | C17: =IFERROR(IF(IFERROR(MATCH(13,'كشف الحساب'!$N$4:$N$203,0),0)=0,"",INDEX('كشف الحساب'!$C$4:$C$203,IFERROR(MATCH(13,'كشف الحساب'!$N$4:$N$203,0),0))),"") | D17: =IFERROR(IF(IFERROR(MATCH(13,'كشف الحساب'!$N$4:$N$203,0),0)=0,"",INDEX('كشف الحساب'!$D$4:$D$203,IFERROR(MATCH(13,'كشف الحساب'!$N$4:$N$203,0),0))),"") | E17: =IFERROR(IF(IFERROR(MATCH(13,'كشف الحساب'!$N$4:$N$203,0),0)=0,"",INDEX('كشف الحساب'!$E$4:$E$203,IFERROR(MATCH(13,'كشف الحساب'!$N$4:$N$203,0),0))),"") | F17: =IFERROR(IF(IFERROR(MATCH(13,'كشف الحساب'!$N$4:$N$203,0),0)=0,"",INDEX('كشف الحساب'!$F$4:$F$203,IFERROR(MATCH(13,'كشف الحساب'!$N$4:$N$203,0),0))),"") | G17: =IFERROR(IF(IFERROR(MATCH(13,'كشف الحساب'!$N$4:$N$203,0),0)=0,"",INDEX('كشف الحساب'!$G$4:$G$203,IFERROR(MATCH(13,'كشف الحساب'!$N$4:$N$203,0),0))),"") | H17: =IFERROR(IF(IFERROR(MATCH(13,'كشف الحساب'!$N$4:$N$203,0),0)=0,"",INDEX('كشف الحساب'!$H$4:$H$203,IFERROR(MATCH(13,'كشف الحساب'!$N$4:$N$203,0),0))),"") | I17: =IFERROR(IF(IFERROR(MATCH(13,'كشف الحساب'!$N$4:$N$203,0),0)=0,"",INDEX('كشف الحساب'!$I$4:$I$203,IFERROR(MATCH(13,'كشف الحساب'!$N$4:$N$203,0),0))),"") | J17: =IFERROR(IF(IFERROR(MATCH(13,'كشف الحساب'!$N$4:$N$203,0),0)=0,"",INDEX('كشف الحساب'!$J$4:$J$203,IFERROR(MATCH(13,'كشف الحساب'!$N$4:$N$203,0),0))),"") | K17: =IFERROR(IF(IFERROR(MATCH(13,'كشف الحساب'!$N$4:$N$203,0),0)=0,"",INDEX('كشف الحساب'!$K$4:$K$203,IFERROR(MATCH(13,'كشف الحساب'!$N$4:$N$203,0),0))),"")
A18: =IFERROR(IF(IFERROR(MATCH(14,'كشف الحساب'!$N$4:$N$203,0),0)=0,"",INDEX('كشف الحساب'!$A$4:$A$203,IFERROR(MATCH(14,'كشف الحساب'!$N$4:$N$203,0),0))),"") | B18: =IFERROR(IF(IFERROR(MATCH(14,'كشف الحساب'!$N$4:$N$203,0),0)=0,"",INDEX('كشف الحساب'!$B$4:$B$203,IFERROR(MATCH(14,'كشف الحساب'!$N$4:$N$203,0),0))),"") | C18: =IFERROR(IF(IFERROR(MATCH(14,'كشف الحساب'!$N$4:$N$203,0),0)=0,"",INDEX('كشف الحساب'!$C$4:$C$203,IFERROR(MATCH(14,'كشف الحساب'!$N$4:$N$203,0),0))),"") | D18: =IFERROR(IF(IFERROR(MATCH(14,'كشف الحساب'!$N$4:$N$203,0),0)=0,"",INDEX('كشف الحساب'!$D$4:$D$203,IFERROR(MATCH(14,'كشف الحساب'!$N$4:$N$203,0),0))),"") | E18: =IFERROR(IF(IFERROR(MATCH(14,'كشف الحساب'!$N$4:$N$203,0),0)=0,"",INDEX('كشف الحساب'!$E$4:$E$203,IFERROR(MATCH(14,'كشف الحساب'!$N$4:$N$203,0),0))),"") | F18: =IFERROR(IF(IFERROR(MATCH(14,'كشف الحساب'!$N$4:$N$203,0),0)=0,"",INDEX('كشف الحساب'!$F$4:$F$203,IFERROR(MATCH(14,'كشف الحساب'!$N$4:$N$203,0),0))),"") | G18: =IFERROR(IF(IFERROR(MATCH(14,'كشف الحساب'!$N$4:$N$203,0),0)=0,"",INDEX('كشف الحساب'!$G$4:$G$203,IFERROR(MATCH(14,'كشف الحساب'!$N$4:$N$203,0),0))),"") | H18: =IFERROR(IF(IFERROR(MATCH(14,'كشف الحساب'!$N$4:$N$203,0),0)=0,"",INDEX('كشف الحساب'!$H$4:$H$203,IFERROR(MATCH(14,'كشف الحساب'!$N$4:$N$203,0),0))),"") | I18: =IFERROR(IF(IFERROR(MATCH(14,'كشف الحساب'!$N$4:$N$203,0),0)=0,"",INDEX('كشف الحساب'!$I$4:$I$203,IFERROR(MATCH(14,'كشف الحساب'!$N$4:$N$203,0),0))),"") | J18: =IFERROR(IF(IFERROR(MATCH(14,'كشف الحساب'!$N$4:$N$203,0),0)=0,"",INDEX('كشف الحساب'!$J$4:$J$203,IFERROR(MATCH(14,'كشف الحساب'!$N$4:$N$203,0),0))),"") | K18: =IFERROR(IF(IFERROR(MATCH(14,'كشف الحساب'!$N$4:$N$203,0),0)=0,"",INDEX('كشف الحساب'!$K$4:$K$203,IFERROR(MATCH(14,'كشف الحساب'!$N$4:$N$203,0),0))),"")
A19: =IFERROR(IF(IFERROR(MATCH(15,'كشف الحساب'!$N$4:$N$203,0),0)=0,"",INDEX('كشف الحساب'!$A$4:$A$203,IFERROR(MATCH(15,'كشف الحساب'!$N$4:$N$203,0),0))),"") | B19: =IFERROR(IF(IFERROR(MATCH(15,'كشف الحساب'!$N$4:$N$203,0),0)=0,"",INDEX('كشف الحساب'!$B$4:$B$203,IFERROR(MATCH(15,'كشف الحساب'!$N$4:$N$203,0),0))),"") | C19: =IFERROR(IF(IFERROR(MATCH(15,'كشف الحساب'!$N$4:$N$203,0),0)=0,"",INDEX('كشف الحساب'!$C$4:$C$203,IFERROR(MATCH(15,'كشف الحساب'!$N$4:$N$203,0),0))),"") | D19: =IFERROR(IF(IFERROR(MATCH(15,'كشف الحساب'!$N$4:$N$203,0),0)=0,"",INDEX('كشف الحساب'!$D$4:$D$203,IFERROR(MATCH(15,'كشف الحساب'!$N$4:$N$203,0),0))),"") | E19: =IFERROR(IF(IFERROR(MATCH(15,'كشف الحساب'!$N$4:$N$203,0),0)=0,"",INDEX('كشف الحساب'!$E$4:$E$203,IFERROR(MATCH(15,'كشف الحساب'!$N$4:$N$203,0),0))),"") | F19: =IFERROR(IF(IFERROR(MATCH(15,'كشف الحساب'!$N$4:$N$203,0),0)=0,"",INDEX('كشف الحساب'!$F$4:$F$203,IFERROR(MATCH(15,'كشف الحساب'!$N$4:$N$203,0),0))),"") | G19: =IFERROR(IF(IFERROR(MATCH(15,'كشف الحساب'!$N$4:$N$203,0),0)=0,"",INDEX('كشف الحساب'!$G$4:$G$203,IFERROR(MATCH(15,'كشف الحساب'!$N$4:$N$203,0),0))),"") | H19: =IFERROR(IF(IFERROR(MATCH(15,'كشف الحساب'!$N$4:$N$203,0),0)=0,"",INDEX('كشف الحساب'!$H$4:$H$203,IFERROR(MATCH(15,'كشف الحساب'!$N$4:$N$203,0),0))),"") | I19: =IFERROR(IF(IFERROR(MATCH(15,'كشف الحساب'!$N$4:$N$203,0),0)=0,"",INDEX('كشف الحساب'!$I$4:$I$203,IFERROR(MATCH(15,'كشف الحساب'!$N$4:$N$203,0),0))),"") | J19: =IFERROR(IF(IFERROR(MATCH(15,'كشف الحساب'!$N$4:$N$203,0),0)=0,"",INDEX('كشف الحساب'!$J$4:$J$203,IFERROR(MATCH(15,'كشف الحساب'!$N$4:$N$203,0),0))),"") | K19: =IFERROR(IF(IFERROR(MATCH(15,'كشف الحساب'!$N$4:$N$203,0),0)=0,"",INDEX('كشف الحساب'!$K$4:$K$203,IFERROR(MATCH(15,'كشف الحساب'!$N$4:$N$203,0),0))),"")
A20: =IFERROR(IF(IFERROR(MATCH(16,'كشف الحساب'!$N$4:$N$203,0),0)=0,"",INDEX('كشف الحساب'!$A$4:$A$203,IFERROR(MATCH(16,'كشف الحساب'!$N$4:$N$203,0),0))),"") | B20: =IFERROR(IF(IFERROR(MATCH(16,'كشف الحساب'!$N$4:$N$203,0),0)=0,"",INDEX('كشف الحساب'!$B$4:$B$203,IFERROR(MATCH(16,'كشف الحساب'!$N$4:$N$203,0),0))),"") | C20: =IFERROR(IF(IFERROR(MATCH(16,'كشف الحساب'!$N$4:$N$203,0),0)=0,"",INDEX('كشف الحساب'!$C$4:$C$203,IFERROR(MATCH(16,'كشف الحساب'!$N$4:$N$203,0),0))),"") | D20: =IFERROR(IF(IFERROR(MATCH(16,'كشف الحساب'!$N$4:$N$203,0),0)=0,"",INDEX('كشف الحساب'!$D$4:$D$203,IFERROR(MATCH(16,'كشف الحساب'!$N$4:$N$203,0),0))),"") | E20: =IFERROR(IF(IFERROR(MATCH(16,'كشف الحساب'!$N$4:$N$203,0),0)=0,"",INDEX('كشف الحساب'!$E$4:$E$203,IFERROR(MATCH(16,'كشف الحساب'!$N$4:$N$203,0),0))),"") | F20: =IFERROR(IF(IFERROR(MATCH(16,'كشف الحساب'!$N$4:$N$203,0),0)=0,"",INDEX('كشف الحساب'!$F$4:$F$203,IFERROR(MATCH(16,'كشف الحساب'!$N$4:$N$203,0),0))),"") | G20: =IFERROR(IF(IFERROR(MATCH(16,'كشف الحساب'!$N$4:$N$203,0),0)=0,"",INDEX('كشف الحساب'!$G$4:$G$203,IFERROR(MATCH(16,'كشف الحساب'!$N$4:$N$203,0),0))),"") | H20: =IFERROR(IF(IFERROR(MATCH(16,'كشف الحساب'!$N$4:$N$203,0),0)=0,"",INDEX('كشف الحساب'!$H$4:$H$203,IFERROR(MATCH(16,'كشف الحساب'!$N$4:$N$203,0),0))),"") | I20: =IFERROR(IF(IFERROR(MATCH(16,'كشف الحساب'!$N$4:$N$203,0),0)=0,"",INDEX('كشف الحساب'!$I$4:$I$203,IFERROR(MATCH(16,'كشف الحساب'!$N$4:$N$203,0),0))),"") | J20: =IFERROR(IF(IFERROR(MATCH(16,'كشف الحساب'!$N$4:$N$203,0),0)=0,"",INDEX('كشف الحساب'!$J$4:$J$203,IFERROR(MATCH(16,'كشف الحساب'!$N$4:$N$203,0),0))),"") | K20: =IFERROR(IF(IFERROR(MATCH(16,'كشف الحساب'!$N$4:$N$203,0),0)=0,"",INDEX('كشف الحساب'!$K$4:$K$203,IFERROR(MATCH(16,'كشف الحساب'!$N$4:$N$203,0),0))),"")
A21: =IFERROR(IF(IFERROR(MATCH(17,'كشف الحساب'!$N$4:$N$203,0),0)=0,"",INDEX('كشف الحساب'!$A$4:$A$203,IFERROR(MATCH(17,'كشف الحساب'!$N$4:$N$203,0),0))),"") | B21: =IFERROR(IF(IFERROR(MATCH(17,'كشف الحساب'!$N$4:$N$203,0),0)=0,"",INDEX('كشف الحساب'!$B$4:$B$203,IFERROR(MATCH(17,'كشف الحساب'!$N$4:$N$203,0),0))),"") | C21: =IFERROR(IF(IFERROR(MATCH(17,'كشف الحساب'!$N$4:$N$203,0),0)=0,"",INDEX('كشف الحساب'!$C$4:$C$203,IFERROR(MATCH(17,'كشف الحساب'!$N$4:$N$203,0),0))),"") | D21: =IFERROR(IF(IFERROR(MATCH(17,'كشف الحساب'!$N$4:$N$203,0),0)=0,"",INDEX('كشف الحساب'!$D$4:$D$203,IFERROR(MATCH(17,'كشف الحساب'!$N$4:$N$203,0),0))),"") | E21: =IFERROR(IF(IFERROR(MATCH(17,'كشف الحساب'!$N$4:$N$203,0),0)=0,"",INDEX('كشف الحساب'!$E$4:$E$203,IFERROR(MATCH(17,'كشف الحساب'!$N$4:$N$203,0),0))),"") | F21: =IFERROR(IF(IFERROR(MATCH(17,'كشف الحساب'!$N$4:$N$203,0),0)=0,"",INDEX('كشف الحساب'!$F$4:$F$203,IFERROR(MATCH(17,'كشف الحساب'!$N$4:$N$203,0),0))),"") | G21: =IFERROR(IF(IFERROR(MATCH(17,'كشف الحساب'!$N$4:$N$203,0),0)=0,"",INDEX('كشف الحساب'!$G$4:$G$203,IFERROR(MATCH(17,'كشف الحساب'!$N$4:$N$203,0),0))),"") | H21: =IFERROR(IF(IFERROR(MATCH(17,'كشف الحساب'!$N$4:$N$203,0),0)=0,"",INDEX('كشف الحساب'!$H$4:$H$203,IFERROR(MATCH(17,'كشف الحساب'!$N$4:$N$203,0),0))),"") | I21: =IFERROR(IF(IFERROR(MATCH(17,'كشف الحساب'!$N$4:$N$203,0),0)=0,"",INDEX('كشف الحساب'!$I$4:$I$203,IFERROR(MATCH(17,'كشف الحساب'!$N$4:$N$203,0),0))),"") | J21: =IFERROR(IF(IFERROR(MATCH(17,'كشف الحساب'!$N$4:$N$203,0),0)=0,"",INDEX('كشف الحساب'!$J$4:$J$203,IFERROR(MATCH(17,'كشف الحساب'!$N$4:$N$203,0),0))),"") | K21: =IFERROR(IF(IFERROR(MATCH(17,'كشف الحساب'!$N$4:$N$203,0),0)=0,"",INDEX('كشف الحساب'!$K$4:$K$203,IFERROR(MATCH(17,'كشف الحساب'!$N$4:$N$203,0),0))),"")
A22: =IFERROR(IF(IFERROR(MATCH(18,'كشف الحساب'!$N$4:$N$203,0),0)=0,"",INDEX('كشف الحساب'!$A$4:$A$203,IFERROR(MATCH(18,'كشف الحساب'!$N$4:$N$203,0),0))),"") | B22: =IFERROR(IF(IFERROR(MATCH(18,'كشف الحساب'!$N$4:$N$203,0),0)=0,"",INDEX('كشف الحساب'!$B$4:$B$203,IFERROR(MATCH(18,'كشف الحساب'!$N$4:$N$203,0),0))),"") | C22: =IFERROR(IF(IFERROR(MATCH(18,'كشف الحساب'!$N$4:$N$203,0),0)=0,"",INDEX('كشف الحساب'!$C$4:$C$203,IFERROR(MATCH(18,'كشف الحساب'!$N$4:$N$203,0),0))),"") | D22: =IFERROR(IF(IFERROR(MATCH(18,'كشف الحساب'!$N$4:$N$203,0),0)=0,"",INDEX('كشف الحساب'!$D$4:$D$203,IFERROR(MATCH(18,'كشف الحساب'!$N$4:$N$203,0),0))),"") | E22: =IFERROR(IF(IFERROR(MATCH(18,'كشف الحساب'!$N$4:$N$203,0),0)=0,"",INDEX('كشف الحساب'!$E$4:$E$203,IFERROR(MATCH(18,'كشف الحساب'!$N$4:$N$203,0),0))),"") | F22: =IFERROR(IF(IFERROR(MATCH(18,'كشف الحساب'!$N$4:$N$203,0),0)=0,"",INDEX('كشف الحساب'!$F$4:$F$203,IFERROR(MATCH(18,'كشف الحساب'!$N$4:$N$203,0),0))),"") | G22: =IFERROR(IF(IFERROR(MATCH(18,'كشف الحساب'!$N$4:$N$203,0),0)=0,"",INDEX('كشف الحساب'!$G$4:$G$203,IFERROR(MATCH(18,'كشف الحساب'!$N$4:$N$203,0),0))),"") | H22: =IFERROR(IF(IFERROR(MATCH(18,'كشف الحساب'!$N$4:$N$203,0),0)=0,"",INDEX('كشف الحساب'!$H$4:$H$203,IFERROR(MATCH(18,'كشف الحساب'!$N$4:$N$203,0),0))),"") | I22: =IFERROR(IF(IFERROR(MATCH(18,'كشف الحساب'!$N$4:$N$203,0),0)=0,"",INDEX('كشف الحساب'!$I$4:$I$203,IFERROR(MATCH(18,'كشف الحساب'!$N$4:$N$203,0),0))),"") | J22: =IFERROR(IF(IFERROR(MATCH(18,'كشف الحساب'!$N$4:$N$203,0),0)=0,"",INDEX('كشف الحساب'!$J$4:$J$203,IFERROR(MATCH(18,'كشف الحساب'!$N$4:$N$203,0),0))),"") | K22: =IFERROR(IF(IFERROR(MATCH(18,'كشف الحساب'!$N$4:$N$203,0),0)=0,"",INDEX('كشف الحساب'!$K$4:$K$203,IFERROR(MATCH(18,'كشف الحساب'!$N$4:$N$203,0),0))),"")
A23: =IFERROR(IF(IFERROR(MATCH(19,'كشف الحساب'!$N$4:$N$203,0),0)=0,"",INDEX('كشف الحساب'!$A$4:$A$203,IFERROR(MATCH(19,'كشف الحساب'!$N$4:$N$203,0),0))),"") | B23: =IFERROR(IF(IFERROR(MATCH(19,'كشف الحساب'!$N$4:$N$203,0),0)=0,"",INDEX('كشف الحساب'!$B$4:$B$203,IFERROR(MATCH(19,'كشف الحساب'!$N$4:$N$203,0),0))),"") | C23: =IFERROR(IF(IFERROR(MATCH(19,'كشف الحساب'!$N$4:$N$203,0),0)=0,"",INDEX('كشف الحساب'!$C$4:$C$203,IFERROR(MATCH(19,'كشف الحساب'!$N$4:$N$203,0),0))),"") | D23: =IFERROR(IF(IFERROR(MATCH(19,'كشف الحساب'!$N$4:$N$203,0),0)=0,"",INDEX('كشف الحساب'!$D$4:$D$203,IFERROR(MATCH(19,'كشف الحساب'!$N$4:$N$203,0),0))),"") | E23: =IFERROR(IF(IFERROR(MATCH(19,'كشف الحساب'!$N$4:$N$203,0),0)=0,"",INDEX('كشف الحساب'!$E$4:$E$203,IFERROR(MATCH(19,'كشف الحساب'!$N$4:$N$203,0),0))),"") | F23: =IFERROR(IF(IFERROR(MATCH(19,'كشف الحساب'!$N$4:$N$203,0),0)=0,"",INDEX('كشف الحساب'!$F$4:$F$203,IFERROR(MATCH(19,'كشف الحساب'!$N$4:$N$203,0),0))),"") | G23: =IFERROR(IF(IFERROR(MATCH(19,'كشف الحساب'!$N$4:$N$203,0),0)=0,"",INDEX('كشف الحساب'!$G$4:$G$203,IFERROR(MATCH(19,'كشف الحساب'!$N$4:$N$203,0),0))),"") | H23: =IFERROR(IF(IFERROR(MATCH(19,'كشف الحساب'!$N$4:$N$203,0),0)=0,"",INDEX('كشف الحساب'!$H$4:$H$203,IFERROR(MATCH(19,'كشف الحساب'!$N$4:$N$203,0),0))),"") | I23: =IFERROR(IF(IFERROR(MATCH(19,'كشف الحساب'!$N$4:$N$203,0),0)=0,"",INDEX('كشف الحساب'!$I$4:$I$203,IFERROR(MATCH(19,'كشف الحساب'!$N$4:$N$203,0),0))),"") | J23: =IFERROR(IF(IFERROR(MATCH(19,'كشف الحساب'!$N$4:$N$203,0),0)=0,"",INDEX('كشف الحساب'!$J$4:$J$203,IFERROR(MATCH(19,'كشف الحساب'!$N$4:$N$203,0),0))),"") | K23: =IFERROR(IF(IFERROR(MATCH(19,'كشف الحساب'!$N$4:$N$203,0),0)=0,"",INDEX('كشف الحساب'!$K$4:$K$203,IFERROR(MATCH(19,'كشف الحساب'!$N$4:$N$203,0),0))),"")
A24: =IFERROR(IF(IFERROR(MATCH(20,'كشف الحساب'!$N$4:$N$203,0),0)=0,"",INDEX('كشف الحساب'!$A$4:$A$203,IFERROR(MATCH(20,'كشف الحساب'!$N$4:$N$203,0),0))),"") | B24: =IFERROR(IF(IFERROR(MATCH(20,'كشف الحساب'!$N$4:$N$203,0),0)=0,"",INDEX('كشف الحساب'!$B$4:$B$203,IFERROR(MATCH(20,'كشف الحساب'!$N$4:$N$203,0),0))),"") | C24: =IFERROR(IF(IFERROR(MATCH(20,'كشف الحساب'!$N$4:$N$203,0),0)=0,"",INDEX('كشف الحساب'!$C$4:$C$203,IFERROR(MATCH(20,'كشف الحساب'!$N$4:$N$203,0),0))),"") | D24: =IFERROR(IF(IFERROR(MATCH(20,'كشف الحساب'!$N$4:$N$203,0),0)=0,"",INDEX('كشف الحساب'!$D$4:$D$203,IFERROR(MATCH(20,'كشف الحساب'!$N$4:$N$203,0),0))),"") | E24: =IFERROR(IF(IFERROR(MATCH(20,'كشف الحساب'!$N$4:$N$203,0),0)=0,"",INDEX('كشف الحساب'!$E$4:$E$203,IFERROR(MATCH(20,'كشف الحساب'!$N$4:$N$203,0),0))),"") | F24: =IFERROR(IF(IFERROR(MATCH(20,'كشف الحساب'!$N$4:$N$203,0),0)=0,"",INDEX('كشف الحساب'!$F$4:$F$203,IFERROR(MATCH(20,'كشف الحساب'!$N$4:$N$203,0),0))),"") | G24: =IFERROR(IF(IFERROR(MATCH(20,'كشف الحساب'!$N$4:$N$203,0),0)=0,"",INDEX('كشف الحساب'!$G$4:$G$203,IFERROR(MATCH(20,'كشف الحساب'!$N$4:$N$203,0),0))),"") | H24: =IFERROR(IF(IFERROR(MATCH(20,'كشف الحساب'!$N$4:$N$203,0),0)=0,"",INDEX('كشف الحساب'!$H$4:$H$203,IFERROR(MATCH(20,'كشف الحساب'!$N$4:$N$203,0),0))),"") | I24: =IFERROR(IF(IFERROR(MATCH(20,'كشف الحساب'!$N$4:$N$203,0),0)=0,"",INDEX('كشف الحساب'!$I$4:$I$203,IFERROR(MATCH(20,'كشف الحساب'!$N$4:$N$203,0),0))),"") | J24: =IFERROR(IF(IFERROR(MATCH(20,'كشف الحساب'!$N$4:$N$203,0),0)=0,"",INDEX('كشف الحساب'!$J$4:$J$203,IFERROR(MATCH(20,'كشف الحساب'!$N$4:$N$203,0),0))),"") | K24: =IFERROR(IF(IFERROR(MATCH(20,'كشف الحساب'!$N$4:$N$203,0),0)=0,"",INDEX('كشف الحساب'!$K$4:$K$203,IFERROR(MATCH(20,'كشف الحساب'!$N$4:$N$203,0),0))),"")
A25: =IFERROR(IF(IFERROR(MATCH(21,'كشف الحساب'!$N$4:$N$203,0),0)=0,"",INDEX('كشف الحساب'!$A$4:$A$203,IFERROR(MATCH(21,'كشف الحساب'!$N$4:$N$203,0),0))),"") | B25: =IFERROR(IF(IFERROR(MATCH(21,'كشف الحساب'!$N$4:$N$203,0),0)=0,"",INDEX('كشف الحساب'!$B$4:$B$203,IFERROR(MATCH(21,'كشف الحساب'!$N$4:$N$203,0),0))),"") | C25: =IFERROR(IF(IFERROR(MATCH(21,'كشف الحساب'!$N$4:$N$203,0),0)=0,"",INDEX('كشف الحساب'!$C$4:$C$203,IFERROR(MATCH(21,'كشف الحساب'!$N$4:$N$203,0),0))),"") | D25: =IFERROR(IF(IFERROR(MATCH(21,'كشف الحساب'!$N$4:$N$203,0),0)=0,"",INDEX('كشف الحساب'!$D$4:$D$203,IFERROR(MATCH(21,'كشف الحساب'!$N$4:$N$203,0),0))),"") | E25: =IFERROR(IF(IFERROR(MATCH(21,'كشف الحساب'!$N$4:$N$203,0),0)=0,"",INDEX('كشف الحساب'!$E$4:$E$203,IFERROR(MATCH(21,'كشف الحساب'!$N$4:$N$203,0),0))),"") | F25: =IFERROR(IF(IFERROR(MATCH(21,'كشف الحساب'!$N$4:$N$203,0),0)=0,"",INDEX('كشف الحساب'!$F$4:$F$203,IFERROR(MATCH(21,'كشف الحساب'!$N$4:$N$203,0),0))),"") | G25: =IFERROR(IF(IFERROR(MATCH(21,'كشف الحساب'!$N$4:$N$203,0),0)=0,"",INDEX('كشف الحساب'!$G$4:$G$203,IFERROR(MATCH(21,'كشف الحساب'!$N$4:$N$203,0),0))),"") | H25: =IFERROR(IF(IFERROR(MATCH(21,'كشف الحساب'!$N$4:$N$203,0),0)=0,"",INDEX('كشف الحساب'!$H$4:$H$203,IFERROR(MATCH(21,'كشف الحساب'!$N$4:$N$203,0),0))),"") | I25: =IFERROR(IF(IFERROR(MATCH(21,'كشف الحساب'!$N$4:$N$203,0),0)=0,"",INDEX('كشف الحساب'!$I$4:$I$203,IFERROR(MATCH(21,'كشف الحساب'!$N$4:$N$203,0),0))),"") | J25: =IFERROR(IF(IFERROR(MATCH(21,'كشف الحساب'!$N$4:$N$203,0),0)=0,"",INDEX('كشف الحساب'!$J$4:$J$203,IFERROR(MATCH(21,'كشف الحساب'!$N$4:$N$203,0),0))),"") | K25: =IFERROR(IF(IFERROR(MATCH(21,'كشف الحساب'!$N$4:$N$203,0),0)=0,"",INDEX('كشف الحساب'!$K$4:$K$203,IFERROR(MATCH(21,'كشف الحساب'!$N$4:$N$203,0),0))),"")
A26: =IFERROR(IF(IFERROR(MATCH(22,'كشف الحساب'!$N$4:$N$203,0),0)=0,"",INDEX('كشف الحساب'!$A$4:$A$203,IFERROR(MATCH(22,'كشف الحساب'!$N$4:$N$203,0),0))),"") | B26: =IFERROR(IF(IFERROR(MATCH(22,'كشف الحساب'!$N$4:$N$203,0),0)=0,"",INDEX('كشف الحساب'!$B$4:$B$203,IFERROR(MATCH(22,'كشف الحساب'!$N$4:$N$203,0),0))),"") | C26: =IFERROR(IF(IFERROR(MATCH(22,'كشف الحساب'!$N$4:$N$203,0),0)=0,"",INDEX('كشف الحساب'!$C$4:$C$203,IFERROR(MATCH(22,'كشف الحساب'!$N$4:$N$203,0),0))),"") | D26: =IFERROR(IF(IFERROR(MATCH(22,'كشف الحساب'!$N$4:$N$203,0),0)=0,"",INDEX('كشف الحساب'!$D$4:$D$203,IFERROR(MATCH(22,'كشف الحساب'!$N$4:$N$203,0),0))),"") | E26: =IFERROR(IF(IFERROR(MATCH(22,'كشف الحساب'!$N$4:$N$203,0),0)=0,"",INDEX('كشف الحساب'!$E$4:$E$203,IFERROR(MATCH(22,'كشف الحساب'!$N$4:$N$203,0),0))),"") | F26: =IFERROR(IF(IFERROR(MATCH(22,'كشف الحساب'!$N$4:$N$203,0),0)=0,"",INDEX('كشف الحساب'!$F$4:$F$203,IFERROR(MATCH(22,'كشف الحساب'!$N$4:$N$203,0),0))),"") | G26: =IFERROR(IF(IFERROR(MATCH(22,'كشف الحساب'!$N$4:$N$203,0),0)=0,"",INDEX('كشف الحساب'!$G$4:$G$203,IFERROR(MATCH(22,'كشف الحساب'!$N$4:$N$203,0),0))),"") | H26: =IFERROR(IF(IFERROR(MATCH(22,'كشف الحساب'!$N$4:$N$203,0),0)=0,"",INDEX('كشف الحساب'!$H$4:$H$203,IFERROR(MATCH(22,'كشف الحساب'!$N$4:$N$203,0),0))),"") | I26: =IFERROR(IF(IFERROR(MATCH(22,'كشف الحساب'!$N$4:$N$203,0),0)=0,"",INDEX('كشف الحساب'!$I$4:$I$203,IFERROR(MATCH(22,'كشف الحساب'!$N$4:$N$203,0),0))),"") | J26: =IFERROR(IF(IFERROR(MATCH(22,'كشف الحساب'!$N$4:$N$203,0),0)=0,"",INDEX('كشف الحساب'!$J$4:$J$203,IFERROR(MATCH(22,'كشف الحساب'!$N$4:$N$203,0),0))),"") | K26: =IFERROR(IF(IFERROR(MATCH(22,'كشف الحساب'!$N$4:$N$203,0),0)=0,"",INDEX('كشف الحساب'!$K$4:$K$203,IFERROR(MATCH(22,'كشف الحساب'!$N$4:$N$203,0),0))),"")
A27: =IFERROR(IF(IFERROR(MATCH(23,'كشف الحساب'!$N$4:$N$203,0),0)=0,"",INDEX('كشف الحساب'!$A$4:$A$203,IFERROR(MATCH(23,'كشف الحساب'!$N$4:$N$203,0),0))),"") | B27: =IFERROR(IF(IFERROR(MATCH(23,'كشف الحساب'!$N$4:$N$203,0),0)=0,"",INDEX('كشف الحساب'!$B$4:$B$203,IFERROR(MATCH(23,'كشف الحساب'!$N$4:$N$203,0),0))),"") | C27: =IFERROR(IF(IFERROR(MATCH(23,'كشف الحساب'!$N$4:$N$203,0),0)=0,"",INDEX('كشف الحساب'!$C$4:$C$203,IFERROR(MATCH(23,'كشف الحساب'!$N$4:$N$203,0),0))),"") | D27: =IFERROR(IF(IFERROR(MATCH(23,'كشف الحساب'!$N$4:$N$203,0),0)=0,"",INDEX('كشف الحساب'!$D$4:$D$203,IFERROR(MATCH(23,'كشف الحساب'!$N$4:$N$203,0),0))),"") | E27: =IFERROR(IF(IFERROR(MATCH(23,'كشف الحساب'!$N$4:$N$203,0),0)=0,"",INDEX('كشف الحساب'!$E$4:$E$203,IFERROR(MATCH(23,'كشف الحساب'!$N$4:$N$203,0),0))),"") | F27: =IFERROR(IF(IFERROR(MATCH(23,'كشف الحساب'!$N$4:$N$203,0),0)=0,"",INDEX('كشف الحساب'!$F$4:$F$203,IFERROR(MATCH(23,'كشف الحساب'!$N$4:$N$203,0),0))),"") | G27: =IFERROR(IF(IFERROR(MATCH(23,'كشف الحساب'!$N$4:$N$203,0),0)=0,"",INDEX('كشف الحساب'!$G$4:$G$203,IFERROR(MATCH(23,'كشف الحساب'!$N$4:$N$203,0),0))),"") | H27: =IFERROR(IF(IFERROR(MATCH(23,'كشف الحساب'!$N$4:$N$203,0),0)=0,"",INDEX('كشف الحساب'!$H$4:$H$203,IFERROR(MATCH(23,'كشف الحساب'!$N$4:$N$203,0),0))),"") | I27: =IFERROR(IF(IFERROR(MATCH(23,'كشف الحساب'!$N$4:$N$203,0),0)=0,"",INDEX('كشف الحساب'!$I$4:$I$203,IFERROR(MATCH(23,'كشف الحساب'!$N$4:$N$203,0),0))),"") | J27: =IFERROR(IF(IFERROR(MATCH(23,'كشف الحساب'!$N$4:$N$203,0),0)=0,"",INDEX('كشف الحساب'!$J$4:$J$203,IFERROR(MATCH(23,'كشف الحساب'!$N$4:$N$203,0),0))),"") | K27: =IFERROR(IF(IFERROR(MATCH(23,'كشف الحساب'!$N$4:$N$203,0),0)=0,"",INDEX('كشف الحساب'!$K$4:$K$203,IFERROR(MATCH(23,'كشف الحساب'!$N$4:$N$203,0),0))),"")
A28: =IFERROR(IF(IFERROR(MATCH(24,'كشف الحساب'!$N$4:$N$203,0),0)=0,"",INDEX('كشف الحساب'!$A$4:$A$203,IFERROR(MATCH(24,'كشف الحساب'!$N$4:$N$203,0),0))),"") | B28: =IFERROR(IF(IFERROR(MATCH(24,'كشف الحساب'!$N$4:$N$203,0),0)=0,"",INDEX('كشف الحساب'!$B$4:$B$203,IFERROR(MATCH(24,'كشف الحساب'!$N$4:$N$203,0),0))),"") | C28: =IFERROR(IF(IFERROR(MATCH(24,'كشف الحساب'!$N$4:$N$203,0),0)=0,"",INDEX('كشف الحساب'!$C$4:$C$203,IFERROR(MATCH(24,'كشف الحساب'!$N$4:$N$203,0),0))),"") | D28: =IFERROR(IF(IFERROR(MATCH(24,'كشف الحساب'!$N$4:$N$203,0),0)=0,"",INDEX('كشف الحساب'!$D$4:$D$203,IFERROR(MATCH(24,'كشف الحساب'!$N$4:$N$203,0),0))),"") | E28: =IFERROR(IF(IFERROR(MATCH(24,'كشف الحساب'!$N$4:$N$203,0),0)=0,"",INDEX('كشف الحساب'!$E$4:$E$203,IFERROR(MATCH(24,'كشف الحساب'!$N$4:$N$203,0),0))),"") | F28: =IFERROR(IF(IFERROR(MATCH(24,'كشف الحساب'!$N$4:$N$203,0),0)=0,"",INDEX('كشف الحساب'!$F$4:$F$203,IFERROR(MATCH(24,'كشف الحساب'!$N$4:$N$203,0),0))),"") | G28: =IFERROR(IF(IFERROR(MATCH(24,'كشف الحساب'!$N$4:$N$203,0),0)=0,"",INDEX('كشف الحساب'!$G$4:$G$203,IFERROR(MATCH(24,'كشف الحساب'!$N$4:$N$203,0),0))),"") | H28: =IFERROR(IF(IFERROR(MATCH(24,'كشف الحساب'!$N$4:$N$203,0),0)=0,"",INDEX('كشف الحساب'!$H$4:$H$203,IFERROR(MATCH(24,'كشف الحساب'!$N$4:$N$203,0),0))),"") | I28: =IFERROR(IF(IFERROR(MATCH(24,'كشف الحساب'!$N$4:$N$203,0),0)=0,"",INDEX('كشف الحساب'!$I$4:$I$203,IFERROR(MATCH(24,'كشف الحساب'!$N$4:$N$203,0),0))),"") | J28: =IFERROR(IF(IFERROR(MATCH(24,'كشف الحساب'!$N$4:$N$203,0),0)=0,"",INDEX('كشف الحساب'!$J$4:$J$203,IFERROR(MATCH(24,'كشف الحساب'!$N$4:$N$203,0),0))),"") | K28: =IFERROR(IF(IFERROR(MATCH(24,'كشف الحساب'!$N$4:$N$203,0),0)=0,"",INDEX('كشف الحساب'!$K$4:$K$203,IFERROR(MATCH(24,'كشف الحساب'!$N$4:$N$203,0),0))),"")
A29: =IFERROR(IF(IFERROR(MATCH(25,'كشف الحساب'!$N$4:$N$203,0),0)=0,"",INDEX('كشف الحساب'!$A$4:$A$203,IFERROR(MATCH(25,'كشف الحساب'!$N$4:$N$203,0),0))),"") | B29: =IFERROR(IF(IFERROR(MATCH(25,'كشف الحساب'!$N$4:$N$203,0),0)=0,"",INDEX('كشف الحساب'!$B$4:$B$203,IFERROR(MATCH(25,'كشف الحساب'!$N$4:$N$203,0),0))),"") | C29: =IFERROR(IF(IFERROR(MATCH(25,'كشف الحساب'!$N$4:$N$203,0),0)=0,"",INDEX('كشف الحساب'!$C$4:$C$203,IFERROR(MATCH(25,'كشف الحساب'!$N$4:$N$203,0),0))),"") | D29: =IFERROR(IF(IFERROR(MATCH(25,'كشف الحساب'!$N$4:$N$203,0),0)=0,"",INDEX('كشف الحساب'!$D$4:$D$203,IFERROR(MATCH(25,'كشف الحساب'!$N$4:$N$203,0),0))),"") | E29: =IFERROR(IF(IFERROR(MATCH(25,'كشف الحساب'!$N$4:$N$203,0),0)=0,"",INDEX('كشف الحساب'!$E$4:$E$203,IFERROR(MATCH(25,'كشف الحساب'!$N$4:$N$203,0),0))),"") | F29: =IFERROR(IF(IFERROR(MATCH(25,'كشف الحساب'!$N$4:$N$203,0),0)=0,"",INDEX('كشف الحساب'!$F$4:$F$203,IFERROR(MATCH(25,'كشف الحساب'!$N$4:$N$203,0),0))),"") | G29: =IFERROR(IF(IFERROR(MATCH(25,'كشف الحساب'!$N$4:$N$203,0),0)=0,"",INDEX('كشف الحساب'!$G$4:$G$203,IFERROR(MATCH(25,'كشف الحساب'!$N$4:$N$203,0),0))),"") | H29: =IFERROR(IF(IFERROR(MATCH(25,'كشف الحساب'!$N$4:$N$203,0),0)=0,"",INDEX('كشف الحساب'!$H$4:$H$203,IFERROR(MATCH(25,'كشف الحساب'!$N$4:$N$203,0),0))),"") | I29: =IFERROR(IF(IFERROR(MATCH(25,'كشف الحساب'!$N$4:$N$203,0),0)=0,"",INDEX('كشف الحساب'!$I$4:$I$203,IFERROR(MATCH(25,'كشف الحساب'!$N$4:$N$203,0),0))),"") | J29: =IFERROR(IF(IFERROR(MATCH(25,'كشف الحساب'!$N$4:$N$203,0),0)=0,"",INDEX('كشف الحساب'!$J$4:$J$203,IFERROR(MATCH(25,'كشف الحساب'!$N$4:$N$203,0),0))),"") | K29: =IFERROR(IF(IFERROR(MATCH(25,'كشف الحساب'!$N$4:$N$203,0),0)=0,"",INDEX('كشف الحساب'!$K$4:$K$203,IFERROR(MATCH(25,'كشف الحساب'!$N$4:$N$203,0),0))),"")
A30: =IFERROR(IF(IFERROR(MATCH(26,'كشف الحساب'!$N$4:$N$203,0),0)=0,"",INDEX('كشف الحساب'!$A$4:$A$203,IFERROR(MATCH(26,'كشف الحساب'!$N$4:$N$203,0),0))),"") | B30: =IFERROR(IF(IFERROR(MATCH(26,'كشف الحساب'!$N$4:$N$203,0),0)=0,"",INDEX('كشف الحساب'!$B$4:$B$203,IFERROR(MATCH(26,'كشف الحساب'!$N$4:$N$203,0),0))),"") | C30: =IFERROR(IF(IFERROR(MATCH(26,'كشف الحساب'!$N$4:$N$203,0),0)=0,"",INDEX('كشف الحساب'!$C$4:$C$203,IFERROR(MATCH(26,'كشف الحساب'!$N$4:$N$203,0),0))),"") | D30: =IFERROR(IF(IFERROR(MATCH(26,'كشف الحساب'!$N$4:$N$203,0),0)=0,"",INDEX('كشف الحساب'!$D$4:$D$203,IFERROR(MATCH(26,'كشف الحساب'!$N$4:$N$203,0),0))),"") | E30: =IFERROR(IF(IFERROR(MATCH(26,'كشف الحساب'!$N$4:$N$203,0),0)=0,"",INDEX('كشف الحساب'!$E$4:$E$203,IFERROR(MATCH(26,'كشف الحساب'!$N$4:$N$203,0),0))),"") | F30: =IFERROR(IF(IFERROR(MATCH(26,'كشف الحساب'!$N$4:$N$203,0),0)=0,"",INDEX('كشف الحساب'!$F$4:$F$203,IFERROR(MATCH(26,'كشف الحساب'!$N$4:$N$203,0),0))),"") | G30: =IFERROR(IF(IFERROR(MATCH(26,'كشف الحساب'!$N$4:$N$203,0),0)=0,"",INDEX('كشف الحساب'!$G$4:$G$203,IFERROR(MATCH(26,'كشف الحساب'!$N$4:$N$203,0),0))),"") | H30: =IFERROR(IF(IFERROR(MATCH(26,'كشف الحساب'!$N$4:$N$203,0),0)=0,"",INDEX('كشف الحساب'!$H$4:$H$203,IFERROR(MATCH(26,'كشف الحساب'!$N$4:$N$203,0),0))),"") | I30: =IFERROR(IF(IFERROR(MATCH(26,'كشف الحساب'!$N$4:$N$203,0),0)=0,"",INDEX('كشف الحساب'!$I$4:$I$203,IFERROR(MATCH(26,'كشف الحساب'!$N$4:$N$203,0),0))),"") | J30: =IFERROR(IF(IFERROR(MATCH(26,'كشف الحساب'!$N$4:$N$203,0),0)=0,"",INDEX('كشف الحساب'!$J$4:$J$203,IFERROR(MATCH(26,'كشف الحساب'!$N$4:$N$203,0),0))),"") | K30: =IFERROR(IF(IFERROR(MATCH(26,'كشف الحساب'!$N$4:$N$203,0),0)=0,"",INDEX('كشف الحساب'!$K$4:$K$203,IFERROR(MATCH(26,'كشف الحساب'!$N$4:$N$203,0),0))),"")
A31: =IFERROR(IF(IFERROR(MATCH(27,'كشف الحساب'!$N$4:$N$203,0),0)=0,"",INDEX('كشف الحساب'!$A$4:$A$203,IFERROR(MATCH(27,'كشف الحساب'!$N$4:$N$203,0),0))),"") | B31: =IFERROR(IF(IFERROR(MATCH(27,'كشف الحساب'!$N$4:$N$203,0),0)=0,"",INDEX('كشف الحساب'!$B$4:$B$203,IFERROR(MATCH(27,'كشف الحساب'!$N$4:$N$203,0),0))),"") | C31: =IFERROR(IF(IFERROR(MATCH(27,'كشف الحساب'!$N$4:$N$203,0),0)=0,"",INDEX('كشف الحساب'!$C$4:$C$203,IFERROR(MATCH(27,'كشف الحساب'!$N$4:$N$203,0),0))),"") | D31: =IFERROR(IF(IFERROR(MATCH(27,'كشف الحساب'!$N$4:$N$203,0),0)=0,"",INDEX('كشف الحساب'!$D$4:$D$203,IFERROR(MATCH(27,'كشف الحساب'!$N$4:$N$203,0),0))),"") | E31: =IFERROR(IF(IFERROR(MATCH(27,'كشف الحساب'!$N$4:$N$203,0),0)=0,"",INDEX('كشف الحساب'!$E$4:$E$203,IFERROR(MATCH(27,'كشف الحساب'!$N$4:$N$203,0),0))),"") | F31: =IFERROR(IF(IFERROR(MATCH(27,'كشف الحساب'!$N$4:$N$203,0),0)=0,"",INDEX('كشف الحساب'!$F$4:$F$203,IFERROR(MATCH(27,'كشف الحساب'!$N$4:$N$203,0),0))),"") | G31: =IFERROR(IF(IFERROR(MATCH(27,'كشف الحساب'!$N$4:$N$203,0),0)=0,"",INDEX('كشف الحساب'!$G$4:$G$203,IFERROR(MATCH(27,'كشف الحساب'!$N$4:$N$203,0),0))),"") | H31: =IFERROR(IF(IFERROR(MATCH(27,'كشف الحساب'!$N$4:$N$203,0),0)=0,"",INDEX('كشف الحساب'!$H$4:$H$203,IFERROR(MATCH(27,'كشف الحساب'!$N$4:$N$203,0),0))),"") | I31: =IFERROR(IF(IFERROR(MATCH(27,'كشف الحساب'!$N$4:$N$203,0),0)=0,"",INDEX('كشف الحساب'!$I$4:$I$203,IFERROR(MATCH(27,'كشف الحساب'!$N$4:$N$203,0),0))),"") | J31: =IFERROR(IF(IFERROR(MATCH(27,'كشف الحساب'!$N$4:$N$203,0),0)=0,"",INDEX('كشف الحساب'!$J$4:$J$203,IFERROR(MATCH(27,'كشف الحساب'!$N$4:$N$203,0),0))),"") | K31: =IFERROR(IF(IFERROR(MATCH(27,'كشف الحساب'!$N$4:$N$203,0),0)=0,"",INDEX('كشف الحساب'!$K$4:$K$203,IFERROR(MATCH(27,'كشف الحساب'!$N$4:$N$203,0),0))),"")
A32: =IFERROR(IF(IFERROR(MATCH(28,'كشف الحساب'!$N$4:$N$203,0),0)=0,"",INDEX('كشف الحساب'!$A$4:$A$203,IFERROR(MATCH(28,'كشف الحساب'!$N$4:$N$203,0),0))),"") | B32: =IFERROR(IF(IFERROR(MATCH(28,'كشف الحساب'!$N$4:$N$203,0),0)=0,"",INDEX('كشف الحساب'!$B$4:$B$203,IFERROR(MATCH(28,'كشف الحساب'!$N$4:$N$203,0),0))),"") | C32: =IFERROR(IF(IFERROR(MATCH(28,'كشف الحساب'!$N$4:$N$203,0),0)=0,"",INDEX('كشف الحساب'!$C$4:$C$203,IFERROR(MATCH(28,'كشف الحساب'!$N$4:$N$203,0),0))),"") | D32: =IFERROR(IF(IFERROR(MATCH(28,'كشف الحساب'!$N$4:$N$203,0),0)=0,"",INDEX('كشف الحساب'!$D$4:$D$203,IFERROR(MATCH(28,'كشف الحساب'!$N$4:$N$203,0),0))),"") | E32: =IFERROR(IF(IFERROR(MATCH(28,'كشف الحساب'!$N$4:$N$203,0),0)=0,"",INDEX('كشف الحساب'!$E$4:$E$203,IFERROR(MATCH(28,'كشف الحساب'!$N$4:$N$203,0),0))),"") | F32: =IFERROR(IF(IFERROR(MATCH(28,'كشف الحساب'!$N$4:$N$203,0),0)=0,"",INDEX('كشف الحساب'!$F$4:$F$203,IFERROR(MATCH(28,'كشف الحساب'!$N$4:$N$203,0),0))),"") | G32: =IFERROR(IF(IFERROR(MATCH(28,'كشف الحساب'!$N$4:$N$203,0),0)=0,"",INDEX('كشف الحساب'!$G$4:$G$203,IFERROR(MATCH(28,'كشف الحساب'!$N$4:$N$203,0),0))),"") | H32: =IFERROR(IF(IFERROR(MATCH(28,'كشف الحساب'!$N$4:$N$203,0),0)=0,"",INDEX('كشف الحساب'!$H$4:$H$203,IFERROR(MATCH(28,'كشف الحساب'!$N$4:$N$203,0),0))),"") | I32: =IFERROR(IF(IFERROR(MATCH(28,'كشف الحساب'!$N$4:$N$203,0),0)=0,"",INDEX('كشف الحساب'!$I$4:$I$203,IFERROR(MATCH(28,'كشف الحساب'!$N$4:$N$203,0),0))),"") | J32: =IFERROR(IF(IFERROR(MATCH(28,'كشف الحساب'!$N$4:$N$203,0),0)=0,"",INDEX('كشف الحساب'!$J$4:$J$203,IFERROR(MATCH(28,'كشف الحساب'!$N$4:$N$203,0),0))),"") | K32: =IFERROR(IF(IFERROR(MATCH(28,'كشف الحساب'!$N$4:$N$203,0),0)=0,"",INDEX('كشف الحساب'!$K$4:$K$203,IFERROR(MATCH(28,'كشف الحساب'!$N$4:$N$203,0),0))),"")
A33: =IFERROR(IF(IFERROR(MATCH(29,'كشف الحساب'!$N$4:$N$203,0),0)=0,"",INDEX('كشف الحساب'!$A$4:$A$203,IFERROR(MATCH(29,'كشف الحساب'!$N$4:$N$203,0),0))),"") | B33: =IFERROR(IF(IFERROR(MATCH(29,'كشف الحساب'!$N$4:$N$203,0),0)=0,"",INDEX('كشف الحساب'!$B$4:$B$203,IFERROR(MATCH(29,'كشف الحساب'!$N$4:$N$203,0),0))),"") | C33: =IFERROR(IF(IFERROR(MATCH(29,'كشف الحساب'!$N$4:$N$203,0),0)=0,"",INDEX('كشف الحساب'!$C$4:$C$203,IFERROR(MATCH(29,'كشف الحساب'!$N$4:$N$203,0),0))),"") | D33: =IFERROR(IF(IFERROR(MATCH(29,'كشف الحساب'!$N$4:$N$203,0),0)=0,"",INDEX('كشف الحساب'!$D$4:$D$203,IFERROR(MATCH(29,'كشف الحساب'!$N$4:$N$203,0),0))),"") | E33: =IFERROR(IF(IFERROR(MATCH(29,'كشف الحساب'!$N$4:$N$203,0),0)=0,"",INDEX('كشف الحساب'!$E$4:$E$203,IFERROR(MATCH(29,'كشف الحساب'!$N$4:$N$203,0),0))),"") | F33: =IFERROR(IF(IFERROR(MATCH(29,'كشف الحساب'!$N$4:$N$203,0),0)=0,"",INDEX('كشف الحساب'!$F$4:$F$203,IFERROR(MATCH(29,'كشف الحساب'!$N$4:$N$203,0),0))),"") | G33: =IFERROR(IF(IFERROR(MATCH(29,'كشف الحساب'!$N$4:$N$203,0),0)=0,"",INDEX('كشف الحساب'!$G$4:$G$203,IFERROR(MATCH(29,'كشف الحساب'!$N$4:$N$203,0),0))),"") | H33: =IFERROR(IF(IFERROR(MATCH(29,'كشف الحساب'!$N$4:$N$203,0),0)=0,"",INDEX('كشف الحساب'!$H$4:$H$203,IFERROR(MATCH(29,'كشف الحساب'!$N$4:$N$203,0),0))),"") | I33: =IFERROR(IF(IFERROR(MATCH(29,'كشف الحساب'!$N$4:$N$203,0),0)=0,"",INDEX('كشف الحساب'!$I$4:$I$203,IFERROR(MATCH(29,'كشف الحساب'!$N$4:$N$203,0),0))),"") | J33: =IFERROR(IF(IFERROR(MATCH(29,'كشف الحساب'!$N$4:$N$203,0),0)=0,"",INDEX('كشف الحساب'!$J$4:$J$203,IFERROR(MATCH(29,'كشف الحساب'!$N$4:$N$203,0),0))),"") | K33: =IFERROR(IF(IFERROR(MATCH(29,'كشف الحساب'!$N$4:$N$203,0),0)=0,"",INDEX('كشف الحساب'!$K$4:$K$203,IFERROR(MATCH(29,'كشف الحساب'!$N$4:$N$203,0),0))),"")
A34: =IFERROR(IF(IFERROR(MATCH(30,'كشف الحساب'!$N$4:$N$203,0),0)=0,"",INDEX('كشف الحساب'!$A$4:$A$203,IFERROR(MATCH(30,'كشف الحساب'!$N$4:$N$203,0),0))),"") | B34: =IFERROR(IF(IFERROR(MATCH(30,'كشف الحساب'!$N$4:$N$203,0),0)=0,"",INDEX('كشف الحساب'!$B$4:$B$203,IFERROR(MATCH(30,'كشف الحساب'!$N$4:$N$203,0),0))),"") | C34: =IFERROR(IF(IFERROR(MATCH(30,'كشف الحساب'!$N$4:$N$203,0),0)=0,"",INDEX('كشف الحساب'!$C$4:$C$203,IFERROR(MATCH(30,'كشف الحساب'!$N$4:$N$203,0),0))),"") | D34: =IFERROR(IF(IFERROR(MATCH(30,'كشف الحساب'!$N$4:$N$203,0),0)=0,"",INDEX('كشف الحساب'!$D$4:$D$203,IFERROR(MATCH(30,'كشف الحساب'!$N$4:$N$203,0),0))),"") | E34: =IFERROR(IF(IFERROR(MATCH(30,'كشف الحساب'!$N$4:$N$203,0),0)=0,"",INDEX('كشف الحساب'!$E$4:$E$203,IFERROR(MATCH(30,'كشف الحساب'!$N$4:$N$203,0),0))),"") | F34: =IFERROR(IF(IFERROR(MATCH(30,'كشف الحساب'!$N$4:$N$203,0),0)=0,"",INDEX('كشف الحساب'!$F$4:$F$203,IFERROR(MATCH(30,'كشف الحساب'!$N$4:$N$203,0),0))),"") | G34: =IFERROR(IF(IFERROR(MATCH(30,'كشف الحساب'!$N$4:$N$203,0),0)=0,"",INDEX('كشف الحساب'!$G$4:$G$203,IFERROR(MATCH(30,'كشف الحساب'!$N$4:$N$203,0),0))),"") | H34: =IFERROR(IF(IFERROR(MATCH(30,'كشف الحساب'!$N$4:$N$203,0),0)=0,"",INDEX('كشف الحساب'!$H$4:$H$203,IFERROR(MATCH(30,'كشف الحساب'!$N$4:$N$203,0),0))),"") | I34: =IFERROR(IF(IFERROR(MATCH(30,'كشف الحساب'!$N$4:$N$203,0),0)=0,"",INDEX('كشف الحساب'!$I$4:$I$203,IFERROR(MATCH(30,'كشف الحساب'!$N$4:$N$203,0),0))),"") | J34: =IFERROR(IF(IFERROR(MATCH(30,'كشف الحساب'!$N$4:$N$203,0),0)=0,"",INDEX('كشف الحساب'!$J$4:$J$203,IFERROR(MATCH(30,'كشف الحساب'!$N$4:$N$203,0),0))),"") | K34: =IFERROR(IF(IFERROR(MATCH(30,'كشف الحساب'!$N$4:$N$203,0),0)=0,"",INDEX('كشف الحساب'!$K$4:$K$203,IFERROR(MATCH(30,'كشف الحساب'!$N$4:$N$203,0),0))),"")
A35: =IFERROR(IF(IFERROR(MATCH(31,'كشف الحساب'!$N$4:$N$203,0),0)=0,"",INDEX('كشف الحساب'!$A$4:$A$203,IFERROR(MATCH(31,'كشف الحساب'!$N$4:$N$203,0),0))),"") | B35: =IFERROR(IF(IFERROR(MATCH(31,'كشف الحساب'!$N$4:$N$203,0),0)=0,"",INDEX('كشف الحساب'!$B$4:$B$203,IFERROR(MATCH(31,'كشف الحساب'!$N$4:$N$203,0),0))),"") | C35: =IFERROR(IF(IFERROR(MATCH(31,'كشف الحساب'!$N$4:$N$203,0),0)=0,"",INDEX('كشف الحساب'!$C$4:$C$203,IFERROR(MATCH(31,'كشف الحساب'!$N$4:$N$203,0),0))),"") | D35: =IFERROR(IF(IFERROR(MATCH(31,'كشف الحساب'!$N$4:$N$203,0),0)=0,"",INDEX('كشف الحساب'!$D$4:$D$203,IFERROR(MATCH(31,'كشف الحساب'!$N$4:$N$203,0),0))),"") | E35: =IFERROR(IF(IFERROR(MATCH(31,'كشف الحساب'!$N$4:$N$203,0),0)=0,"",INDEX('كشف الحساب'!$E$4:$E$203,IFERROR(MATCH(31,'كشف الحساب'!$N$4:$N$203,0),0))),"") | F35: =IFERROR(IF(IFERROR(MATCH(31,'كشف الحساب'!$N$4:$N$203,0),0)=0,"",INDEX('كشف الحساب'!$F$4:$F$203,IFERROR(MATCH(31,'كشف الحساب'!$N$4:$N$203,0),0))),"") | G35: =IFERROR(IF(IFERROR(MATCH(31,'كشف الحساب'!$N$4:$N$203,0),0)=0,"",INDEX('كشف الحساب'!$G$4:$G$203,IFERROR(MATCH(31,'كشف الحساب'!$N$4:$N$203,0),0))),"") | H35: =IFERROR(IF(IFERROR(MATCH(31,'كشف الحساب'!$N$4:$N$203,0),0)=0,"",INDEX('كشف الحساب'!$H$4:$H$203,IFERROR(MATCH(31,'كشف الحساب'!$N$4:$N$203,0),0))),"") | I35: =IFERROR(IF(IFERROR(MATCH(31,'كشف الحساب'!$N$4:$N$203,0),0)=0,"",INDEX('كشف الحساب'!$I$4:$I$203,IFERROR(MATCH(31,'كشف الحساب'!$N$4:$N$203,0),0))),"") | J35: =IFERROR(IF(IFERROR(MATCH(31,'كشف الحساب'!$N$4:$N$203,0),0)=0,"",INDEX('كشف الحساب'!$J$4:$J$203,IFERROR(MATCH(31,'كشف الحساب'!$N$4:$N$203,0),0))),"") | K35: =IFERROR(IF(IFERROR(MATCH(31,'كشف الحساب'!$N$4:$N$203,0),0)=0,"",INDEX('كشف الحساب'!$K$4:$K$203,IFERROR(MATCH(31,'كشف الحساب'!$N$4:$N$203,0),0))),"")
A36: =IFERROR(IF(IFERROR(MATCH(32,'كشف الحساب'!$N$4:$N$203,0),0)=0,"",INDEX('كشف الحساب'!$A$4:$A$203,IFERROR(MATCH(32,'كشف الحساب'!$N$4:$N$203,0),0))),"") | B36: =IFERROR(IF(IFERROR(MATCH(32,'كشف الحساب'!$N$4:$N$203,0),0)=0,"",INDEX('كشف الحساب'!$B$4:$B$203,IFERROR(MATCH(32,'كشف الحساب'!$N$4:$N$203,0),0))),"") | C36: =IFERROR(IF(IFERROR(MATCH(32,'كشف الحساب'!$N$4:$N$203,0),0)=0,"",INDEX('كشف الحساب'!$C$4:$C$203,IFERROR(MATCH(32,'كشف الحساب'!$N$4:$N$203,0),0))),"") | D36: =IFERROR(IF(IFERROR(MATCH(32,'كشف الحساب'!$N$4:$N$203,0),0)=0,"",INDEX('كشف الحساب'!$D$4:$D$203,IFERROR(MATCH(32,'كشف الحساب'!$N$4:$N$203,0),0))),"") | E36: =IFERROR(IF(IFERROR(MATCH(32,'كشف الحساب'!$N$4:$N$203,0),0)=0,"",INDEX('كشف الحساب'!$E$4:$E$203,IFERROR(MATCH(32,'كشف الحساب'!$N$4:$N$203,0),0))),"") | F36: =IFERROR(IF(IFERROR(MATCH(32,'كشف الحساب'!$N$4:$N$203,0),0)=0,"",INDEX('كشف الحساب'!$F$4:$F$203,IFERROR(MATCH(32,'كشف الحساب'!$N$4:$N$203,0),0))),"") | G36: =IFERROR(IF(IFERROR(MATCH(32,'كشف الحساب'!$N$4:$N$203,0),0)=0,"",INDEX('كشف الحساب'!$G$4:$G$203,IFERROR(MATCH(32,'كشف الحساب'!$N$4:$N$203,0),0))),"") | H36: =IFERROR(IF(IFERROR(MATCH(32,'كشف الحساب'!$N$4:$N$203,0),0)=0,"",INDEX('كشف الحساب'!$H$4:$H$203,IFERROR(MATCH(32,'كشف الحساب'!$N$4:$N$203,0),0))),"") | I36: =IFERROR(IF(IFERROR(MATCH(32,'كشف الحساب'!$N$4:$N$203,0),0)=0,"",INDEX('كشف الحساب'!$I$4:$I$203,IFERROR(MATCH(32,'كشف الحساب'!$N$4:$N$203,0),0))),"") | J36: =IFERROR(IF(IFERROR(MATCH(32,'كشف الحساب'!$N$4:$N$203,0),0)=0,"",INDEX('كشف الحساب'!$J$4:$J$203,IFERROR(MATCH(32,'كشف الحساب'!$N$4:$N$203,0),0))),"") | K36: =IFERROR(IF(IFERROR(MATCH(32,'كشف الحساب'!$N$4:$N$203,0),0)=0,"",INDEX('كشف الحساب'!$K$4:$K$203,IFERROR(MATCH(32,'كشف الحساب'!$N$4:$N$203,0),0))),"")
A37: =IFERROR(IF(IFERROR(MATCH(33,'كشف الحساب'!$N$4:$N$203,0),0)=0,"",INDEX('كشف الحساب'!$A$4:$A$203,IFERROR(MATCH(33,'كشف الحساب'!$N$4:$N$203,0),0))),"") | B37: =IFERROR(IF(IFERROR(MATCH(33,'كشف الحساب'!$N$4:$N$203,0),0)=0,"",INDEX('كشف الحساب'!$B$4:$B$203,IFERROR(MATCH(33,'كشف الحساب'!$N$4:$N$203,0),0))),"") | C37: =IFERROR(IF(IFERROR(MATCH(33,'كشف الحساب'!$N$4:$N$203,0),0)=0,"",INDEX('كشف الحساب'!$C$4:$C$203,IFERROR(MATCH(33,'كشف الحساب'!$N$4:$N$203,0),0))),"") | D37: =IFERROR(IF(IFERROR(MATCH(33,'كشف الحساب'!$N$4:$N$203,0),0)=0,"",INDEX('كشف الحساب'!$D$4:$D$203,IFERROR(MATCH(33,'كشف الحساب'!$N$4:$N$203,0),0))),"") | E37: =IFERROR(IF(IFERROR(MATCH(33,'كشف الحساب'!$N$4:$N$203,0),0)=0,"",INDEX('كشف الحساب'!$E$4:$E$203,IFERROR(MATCH(33,'كشف الحساب'!$N$4:$N$203,0),0))),"") | F37: =IFERROR(IF(IFERROR(MATCH(33,'كشف الحساب'!$N$4:$N$203,0),0)=0,"",INDEX('كشف الحساب'!$F$4:$F$203,IFERROR(MATCH(33,'كشف الحساب'!$N$4:$N$203,0),0))),"") | G37: =IFERROR(IF(IFERROR(MATCH(33,'كشف الحساب'!$N$4:$N$203,0),0)=0,"",INDEX('كشف الحساب'!$G$4:$G$203,IFERROR(MATCH(33,'كشف الحساب'!$N$4:$N$203,0),0))),"") | H37: =IFERROR(IF(IFERROR(MATCH(33,'كشف الحساب'!$N$4:$N$203,0),0)=0,"",INDEX('كشف الحساب'!$H$4:$H$203,IFERROR(MATCH(33,'كشف الحساب'!$N$4:$N$203,0),0))),"") | I37: =IFERROR(IF(IFERROR(MATCH(33,'كشف الحساب'!$N$4:$N$203,0),0)=0,"",INDEX('كشف الحساب'!$I$4:$I$203,IFERROR(MATCH(33,'كشف الحساب'!$N$4:$N$203,0),0))),"") | J37: =IFERROR(IF(IFERROR(MATCH(33,'كشف الحساب'!$N$4:$N$203,0),0)=0,"",INDEX('كشف الحساب'!$J$4:$J$203,IFERROR(MATCH(33,'كشف الحساب'!$N$4:$N$203,0),0))),"") | K37: =IFERROR(IF(IFERROR(MATCH(33,'كشف الحساب'!$N$4:$N$203,0),0)=0,"",INDEX('كشف الحساب'!$K$4:$K$203,IFERROR(MATCH(33,'كشف الحساب'!$N$4:$N$203,0),0))),"")
A38: =IFERROR(IF(IFERROR(MATCH(34,'كشف الحساب'!$N$4:$N$203,0),0)=0,"",INDEX('كشف الحساب'!$A$4:$A$203,IFERROR(MATCH(34,'كشف الحساب'!$N$4:$N$203,0),0))),"") | B38: =IFERROR(IF(IFERROR(MATCH(34,'كشف الحساب'!$N$4:$N$203,0),0)=0,"",INDEX('كشف الحساب'!$B$4:$B$203,IFERROR(MATCH(34,'كشف الحساب'!$N$4:$N$203,0),0))),"") | C38: =IFERROR(IF(IFERROR(MATCH(34,'كشف الحساب'!$N$4:$N$203,0),0)=0,"",INDEX('كشف الحساب'!$C$4:$C$203,IFERROR(MATCH(34,'كشف الحساب'!$N$4:$N$203,0),0))),"") | D38: =IFERROR(IF(IFERROR(MATCH(34,'كشف الحساب'!$N$4:$N$203,0),0)=0,"",INDEX('كشف الحساب'!$D$4:$D$203,IFERROR(MATCH(34,'كشف الحساب'!$N$4:$N$203,0),0))),"") | E38: =IFERROR(IF(IFERROR(MATCH(34,'كشف الحساب'!$N$4:$N$203,0),0)=0,"",INDEX('كشف الحساب'!$E$4:$E$203,IFERROR(MATCH(34,'كشف الحساب'!$N$4:$N$203,0),0))),"") | F38: =IFERROR(IF(IFERROR(MATCH(34,'كشف الحساب'!$N$4:$N$203,0),0)=0,"",INDEX('كشف الحساب'!$F$4:$F$203,IFERROR(MATCH(34,'كشف الحساب'!$N$4:$N$203,0),0))),"") | G38: =IFERROR(IF(IFERROR(MATCH(34,'كشف الحساب'!$N$4:$N$203,0),0)=0,"",INDEX('كشف الحساب'!$G$4:$G$203,IFERROR(MATCH(34,'كشف الحساب'!$N$4:$N$203,0),0))),"") | H38: =IFERROR(IF(IFERROR(MATCH(34,'كشف الحساب'!$N$4:$N$203,0),0)=0,"",INDEX('كشف الحساب'!$H$4:$H$203,IFERROR(MATCH(34,'كشف الحساب'!$N$4:$N$203,0),0))),"") | I38: =IFERROR(IF(IFERROR(MATCH(34,'كشف الحساب'!$N$4:$N$203,0),0)=0,"",INDEX('كشف الحساب'!$I$4:$I$203,IFERROR(MATCH(34,'كشف الحساب'!$N$4:$N$203,0),0))),"") | J38: =IFERROR(IF(IFERROR(MATCH(34,'كشف الحساب'!$N$4:$N$203,0),0)=0,"",INDEX('كشف الحساب'!$J$4:$J$203,IFERROR(MATCH(34,'كشف الحساب'!$N$4:$N$203,0),0))),"") | K38: =IFERROR(IF(IFERROR(MATCH(34,'كشف الحساب'!$N$4:$N$203,0),0)=0,"",INDEX('كشف الحساب'!$K$4:$K$203,IFERROR(MATCH(34,'كشف الحساب'!$N$4:$N$203,0),0))),"")
A39: =IFERROR(IF(IFERROR(MATCH(35,'كشف الحساب'!$N$4:$N$203,0),0)=0,"",INDEX('كشف الحساب'!$A$4:$A$203,IFERROR(MATCH(35,'كشف الحساب'!$N$4:$N$203,0),0))),"") | B39: =IFERROR(IF(IFERROR(MATCH(35,'كشف الحساب'!$N$4:$N$203,0),0)=0,"",INDEX('كشف الحساب'!$B$4:$B$203,IFERROR(MATCH(35,'كشف الحساب'!$N$4:$N$203,0),0))),"") | C39: =IFERROR(IF(IFERROR(MATCH(35,'كشف الحساب'!$N$4:$N$203,0),0)=0,"",INDEX('كشف الحساب'!$C$4:$C$203,IFERROR(MATCH(35,'كشف الحساب'!$N$4:$N$203,0),0))),"") | D39: =IFERROR(IF(IFERROR(MATCH(35,'كشف الحساب'!$N$4:$N$203,0),0)=0,"",INDEX('كشف الحساب'!$D$4:$D$203,IFERROR(MATCH(35,'كشف الحساب'!$N$4:$N$203,0),0))),"") | E39: =IFERROR(IF(IFERROR(MATCH(35,'كشف الحساب'!$N$4:$N$203,0),0)=0,"",INDEX('كشف الحساب'!$E$4:$E$203,IFERROR(MATCH(35,'كشف الحساب'!$N$4:$N$203,0),0))),"") | F39: =IFERROR(IF(IFERROR(MATCH(35,'كشف الحساب'!$N$4:$N$203,0),0)=0,"",INDEX('كشف الحساب'!$F$4:$F$203,IFERROR(MATCH(35,'كشف الحساب'!$N$4:$N$203,0),0))),"") | G39: =IFERROR(IF(IFERROR(MATCH(35,'كشف الحساب'!$N$4:$N$203,0),0)=0,"",INDEX('كشف الحساب'!$G$4:$G$203,IFERROR(MATCH(35,'كشف الحساب'!$N$4:$N$203,0),0))),"") | H39: =IFERROR(IF(IFERROR(MATCH(35,'كشف الحساب'!$N$4:$N$203,0),0)=0,"",INDEX('كشف الحساب'!$H$4:$H$203,IFERROR(MATCH(35,'كشف الحساب'!$N$4:$N$203,0),0))),"") | I39: =IFERROR(IF(IFERROR(MATCH(35,'كشف الحساب'!$N$4:$N$203,0),0)=0,"",INDEX('كشف الحساب'!$I$4:$I$203,IFERROR(MATCH(35,'كشف الحساب'!$N$4:$N$203,0),0))),"") | J39: =IFERROR(IF(IFERROR(MATCH(35,'كشف الحساب'!$N$4:$N$203,0),0)=0,"",INDEX('كشف الحساب'!$J$4:$J$203,IFERROR(MATCH(35,'كشف الحساب'!$N$4:$N$203,0),0))),"") | K39: =IFERROR(IF(IFERROR(MATCH(35,'كشف الحساب'!$N$4:$N$203,0),0)=0,"",INDEX('كشف الحساب'!$K$4:$K$203,IFERROR(MATCH(35,'كشف الحساب'!$N$4:$N$203,0),0))),"")
A40: =IFERROR(IF(IFERROR(MATCH(36,'كشف الحساب'!$N$4:$N$203,0),0)=0,"",INDEX('كشف الحساب'!$A$4:$A$203,IFERROR(MATCH(36,'كشف الحساب'!$N$4:$N$203,0),0))),"") | B40: =IFERROR(IF(IFERROR(MATCH(36,'كشف الحساب'!$N$4:$N$203,0),0)=0,"",INDEX('كشف الحساب'!$B$4:$B$203,IFERROR(MATCH(36,'كشف الحساب'!$N$4:$N$203,0),0))),"") | C40: =IFERROR(IF(IFERROR(MATCH(36,'كشف الحساب'!$N$4:$N$203,0),0)=0,"",INDEX('كشف الحساب'!$C$4:$C$203,IFERROR(MATCH(36,'كشف الحساب'!$N$4:$N$203,0),0))),"") | D40: =IFERROR(IF(IFERROR(MATCH(36,'كشف الحساب'!$N$4:$N$203,0),0)=0,"",INDEX('كشف الحساب'!$D$4:$D$203,IFERROR(MATCH(36,'كشف الحساب'!$N$4:$N$203,0),0))),"") | E40: =IFERROR(IF(IFERROR(MATCH(36,'كشف الحساب'!$N$4:$N$203,0),0)=0,"",INDEX('كشف الحساب'!$E$4:$E$203,IFERROR(MATCH(36,'كشف الحساب'!$N$4:$N$203,0),0))),"") | F40: =IFERROR(IF(IFERROR(MATCH(36,'كشف الحساب'!$N$4:$N$203,0),0)=0,"",INDEX('كشف الحساب'!$F$4:$F$203,IFERROR(MATCH(36,'كشف الحساب'!$N$4:$N$203,0),0))),"") | G40: =IFERROR(IF(IFERROR(MATCH(36,'كشف الحساب'!$N$4:$N$203,0),0)=0,"",INDEX('كشف الحساب'!$G$4:$G$203,IFERROR(MATCH(36,'كشف الحساب'!$N$4:$N$203,0),0))),"") | H40: =IFERROR(IF(IFERROR(MATCH(36,'كشف الحساب'!$N$4:$N$203,0),0)=0,"",INDEX('كشف الحساب'!$H$4:$H$203,IFERROR(MATCH(36,'كشف الحساب'!$N$4:$N$203,0),0))),"") | I40: =IFERROR(IF(IFERROR(MATCH(36,'كشف الحساب'!$N$4:$N$203,0),0)=0,"",INDEX('كشف الحساب'!$I$4:$I$203,IFERROR(MATCH(36,'كشف الحساب'!$N$4:$N$203,0),0))),"") | J40: =IFERROR(IF(IFERROR(MATCH(36,'كشف الحساب'!$N$4:$N$203,0),0)=0,"",INDEX('كشف الحساب'!$J$4:$J$203,IFERROR(MATCH(36,'كشف الحساب'!$N$4:$N$203,0),0))),"") | K40: =IFERROR(IF(IFERROR(MATCH(36,'كشف الحساب'!$N$4:$N$203,0),0)=0,"",INDEX('كشف الحساب'!$K$4:$K$203,IFERROR(MATCH(36,'كشف الحساب'!$N$4:$N$203,0),0))),"")
A41: =IFERROR(IF(IFERROR(MATCH(37,'كشف الحساب'!$N$4:$N$203,0),0)=0,"",INDEX('كشف الحساب'!$A$4:$A$203,IFERROR(MATCH(37,'كشف الحساب'!$N$4:$N$203,0),0))),"") | B41: =IFERROR(IF(IFERROR(MATCH(37,'كشف الحساب'!$N$4:$N$203,0),0)=0,"",INDEX('كشف الحساب'!$B$4:$B$203,IFERROR(MATCH(37,'كشف الحساب'!$N$4:$N$203,0),0))),"") | C41: =IFERROR(IF(IFERROR(MATCH(37,'كشف الحساب'!$N$4:$N$203,0),0)=0,"",INDEX('كشف الحساب'!$C$4:$C$203,IFERROR(MATCH(37,'كشف الحساب'!$N$4:$N$203,0),0))),"") | D41: =IFERROR(IF(IFERROR(MATCH(37,'كشف الحساب'!$N$4:$N$203,0),0)=0,"",INDEX('كشف الحساب'!$D$4:$D$203,IFERROR(MATCH(37,'كشف الحساب'!$N$4:$N$203,0),0))),"") | E41: =IFERROR(IF(IFERROR(MATCH(37,'كشف الحساب'!$N$4:$N$203,0),0)=0,"",INDEX('كشف الحساب'!$E$4:$E$203,IFERROR(MATCH(37,'كشف الحساب'!$N$4:$N$203,0),0))),"") | F41: =IFERROR(IF(IFERROR(MATCH(37,'كشف الحساب'!$N$4:$N$203,0),0)=0,"",INDEX('كشف الحساب'!$F$4:$F$203,IFERROR(MATCH(37,'كشف الحساب'!$N$4:$N$203,0),0))),"") | G41: =IFERROR(IF(IFERROR(MATCH(37,'كشف الحساب'!$N$4:$N$203,0),0)=0,"",INDEX('كشف الحساب'!$G$4:$G$203,IFERROR(MATCH(37,'كشف الحساب'!$N$4:$N$203,0),0))),"") | H41: =IFERROR(IF(IFERROR(MATCH(37,'كشف الحساب'!$N$4:$N$203,0),0)=0,"",INDEX('كشف الحساب'!$H$4:$H$203,IFERROR(MATCH(37,'كشف الحساب'!$N$4:$N$203,0),0))),"") | I41: =IFERROR(IF(IFERROR(MATCH(37,'كشف الحساب'!$N$4:$N$203,0),0)=0,"",INDEX('كشف الحساب'!$I$4:$I$203,IFERROR(MATCH(37,'كشف الحساب'!$N$4:$N$203,0),0))),"") | J41: =IFERROR(IF(IFERROR(MATCH(37,'كشف الحساب'!$N$4:$N$203,0),0)=0,"",INDEX('كشف الحساب'!$J$4:$J$203,IFERROR(MATCH(37,'كشف الحساب'!$N$4:$N$203,0),0))),"") | K41: =IFERROR(IF(IFERROR(MATCH(37,'كشف الحساب'!$N$4:$N$203,0),0)=0,"",INDEX('كشف الحساب'!$K$4:$K$203,IFERROR(MATCH(37,'كشف الحساب'!$N$4:$N$203,0),0))),"")
A42: =IFERROR(IF(IFERROR(MATCH(38,'كشف الحساب'!$N$4:$N$203,0),0)=0,"",INDEX('كشف الحساب'!$A$4:$A$203,IFERROR(MATCH(38,'كشف الحساب'!$N$4:$N$203,0),0))),"") | B42: =IFERROR(IF(IFERROR(MATCH(38,'كشف الحساب'!$N$4:$N$203,0),0)=0,"",INDEX('كشف الحساب'!$B$4:$B$203,IFERROR(MATCH(38,'كشف الحساب'!$N$4:$N$203,0),0))),"") | C42: =IFERROR(IF(IFERROR(MATCH(38,'كشف الحساب'!$N$4:$N$203,0),0)=0,"",INDEX('كشف الحساب'!$C$4:$C$203,IFERROR(MATCH(38,'كشف الحساب'!$N$4:$N$203,0),0))),"") | D42: =IFERROR(IF(IFERROR(MATCH(38,'كشف الحساب'!$N$4:$N$203,0),0)=0,"",INDEX('كشف الحساب'!$D$4:$D$203,IFERROR(MATCH(38,'كشف الحساب'!$N$4:$N$203,0),0))),"") | E42: =IFERROR(IF(IFERROR(MATCH(38,'كشف الحساب'!$N$4:$N$203,0),0)=0,"",INDEX('كشف الحساب'!$E$4:$E$203,IFERROR(MATCH(38,'كشف الحساب'!$N$4:$N$203,0),0))),"") | F42: =IFERROR(IF(IFERROR(MATCH(38,'كشف الحساب'!$N$4:$N$203,0),0)=0,"",INDEX('كشف الحساب'!$F$4:$F$203,IFERROR(MATCH(38,'كشف الحساب'!$N$4:$N$203,0),0))),"") | G42: =IFERROR(IF(IFERROR(MATCH(38,'كشف الحساب'!$N$4:$N$203,0),0)=0,"",INDEX('كشف الحساب'!$G$4:$G$203,IFERROR(MATCH(38,'كشف الحساب'!$N$4:$N$203,0),0))),"") | H42: =IFERROR(IF(IFERROR(MATCH(38,'كشف الحساب'!$N$4:$N$203,0),0)=0,"",INDEX('كشف الحساب'!$H$4:$H$203,IFERROR(MATCH(38,'كشف الحساب'!$N$4:$N$203,0),0))),"") | I42: =IFERROR(IF(IFERROR(MATCH(38,'كشف الحساب'!$N$4:$N$203,0),0)=0,"",INDEX('كشف الحساب'!$I$4:$I$203,IFERROR(MATCH(38,'كشف الحساب'!$N$4:$N$203,0),0))),"") | J42: =IFERROR(IF(IFERROR(MATCH(38,'كشف الحساب'!$N$4:$N$203,0),0)=0,"",INDEX('كشف الحساب'!$J$4:$J$203,IFERROR(MATCH(38,'كشف الحساب'!$N$4:$N$203,0),0))),"") | K42: =IFERROR(IF(IFERROR(MATCH(38,'كشف الحساب'!$N$4:$N$203,0),0)=0,"",INDEX('كشف الحساب'!$K$4:$K$203,IFERROR(MATCH(38,'كشف الحساب'!$N$4:$N$203,0),0))),"")
A43: =IFERROR(IF(IFERROR(MATCH(39,'كشف الحساب'!$N$4:$N$203,0),0)=0,"",INDEX('كشف الحساب'!$A$4:$A$203,IFERROR(MATCH(39,'كشف الحساب'!$N$4:$N$203,0),0))),"") | B43: =IFERROR(IF(IFERROR(MATCH(39,'كشف الحساب'!$N$4:$N$203,0),0)=0,"",INDEX('كشف الحساب'!$B$4:$B$203,IFERROR(MATCH(39,'كشف الحساب'!$N$4:$N$203,0),0))),"") | C43: =IFERROR(IF(IFERROR(MATCH(39,'كشف الحساب'!$N$4:$N$203,0),0)=0,"",INDEX('كشف الحساب'!$C$4:$C$203,IFERROR(MATCH(39,'كشف الحساب'!$N$4:$N$203,0),0))),"") | D43: =IFERROR(IF(IFERROR(MATCH(39,'كشف الحساب'!$N$4:$N$203,0),0)=0,"",INDEX('كشف الحساب'!$D$4:$D$203,IFERROR(MATCH(39,'كشف الحساب'!$N$4:$N$203,0),0))),"") | E43: =IFERROR(IF(IFERROR(MATCH(39,'كشف الحساب'!$N$4:$N$203,0),0)=0,"",INDEX('كشف الحساب'!$E$4:$E$203,IFERROR(MATCH(39,'كشف الحساب'!$N$4:$N$203,0),0))),"") | F43: =IFERROR(IF(IFERROR(MATCH(39,'كشف الحساب'!$N$4:$N$203,0),0)=0,"",INDEX('كشف الحساب'!$F$4:$F$203,IFERROR(MATCH(39,'كشف الحساب'!$N$4:$N$203,0),0))),"") | G43: =IFERROR(IF(IFERROR(MATCH(39,'كشف الحساب'!$N$4:$N$203,0),0)=0,"",INDEX('كشف الحساب'!$G$4:$G$203,IFERROR(MATCH(39,'كشف الحساب'!$N$4:$N$203,0),0))),"") | H43: =IFERROR(IF(IFERROR(MATCH(39,'كشف الحساب'!$N$4:$N$203,0),0)=0,"",INDEX('كشف الحساب'!$H$4:$H$203,IFERROR(MATCH(39,'كشف الحساب'!$N$4:$N$203,0),0))),"") | I43: =IFERROR(IF(IFERROR(MATCH(39,'كشف الحساب'!$N$4:$N$203,0),0)=0,"",INDEX('كشف الحساب'!$I$4:$I$203,IFERROR(MATCH(39,'كشف الحساب'!$N$4:$N$203,0),0))),"") | J43: =IFERROR(IF(IFERROR(MATCH(39,'كشف الحساب'!$N$4:$N$203,0),0)=0,"",INDEX('كشف الحساب'!$J$4:$J$203,IFERROR(MATCH(39,'كشف الحساب'!$N$4:$N$203,0),0))),"") | K43: =IFERROR(IF(IFERROR(MATCH(39,'كشف الحساب'!$N$4:$N$203,0),0)=0,"",INDEX('كشف الحساب'!$K$4:$K$203,IFERROR(MATCH(39,'كشف الحساب'!$N$4:$N$203,0),0))),"")
A44: =IFERROR(IF(IFERROR(MATCH(40,'كشف الحساب'!$N$4:$N$203,0),0)=0,"",INDEX('كشف الحساب'!$A$4:$A$203,IFERROR(MATCH(40,'كشف الحساب'!$N$4:$N$203,0),0))),"") | B44: =IFERROR(IF(IFERROR(MATCH(40,'كشف الحساب'!$N$4:$N$203,0),0)=0,"",INDEX('كشف الحساب'!$B$4:$B$203,IFERROR(MATCH(40,'كشف الحساب'!$N$4:$N$203,0),0))),"") | C44: =IFERROR(IF(IFERROR(MATCH(40,'كشف الحساب'!$N$4:$N$203,0),0)=0,"",INDEX('كشف الحساب'!$C$4:$C$203,IFERROR(MATCH(40,'كشف الحساب'!$N$4:$N$203,0),0))),"") | D44: =IFERROR(IF(IFERROR(MATCH(40,'كشف الحساب'!$N$4:$N$203,0),0)=0,"",INDEX('كشف الحساب'!$D$4:$D$203,IFERROR(MATCH(40,'كشف الحساب'!$N$4:$N$203,0),0))),"") | E44: =IFERROR(IF(IFERROR(MATCH(40,'كشف الحساب'!$N$4:$N$203,0),0)=0,"",INDEX('كشف الحساب'!$E$4:$E$203,IFERROR(MATCH(40,'كشف الحساب'!$N$4:$N$203,0),0))),"") | F44: =IFERROR(IF(IFERROR(MATCH(40,'كشف الحساب'!$N$4:$N$203,0),0)=0,"",INDEX('كشف الحساب'!$F$4:$F$203,IFERROR(MATCH(40,'كشف الحساب'!$N$4:$N$203,0),0))),"") | G44: =IFERROR(IF(IFERROR(MATCH(40,'كشف الحساب'!$N$4:$N$203,0),0)=0,"",INDEX('كشف الحساب'!$G$4:$G$203,IFERROR(MATCH(40,'كشف الحساب'!$N$4:$N$203,0),0))),"") | H44: =IFERROR(IF(IFERROR(MATCH(40,'كشف الحساب'!$N$4:$N$203,0),0)=0,"",INDEX('كشف الحساب'!$H$4:$H$203,IFERROR(MATCH(40,'كشف الحساب'!$N$4:$N$203,0),0))),"") | I44: =IFERROR(IF(IFERROR(MATCH(40,'كشف الحساب'!$N$4:$N$203,0),0)=0,"",INDEX('كشف الحساب'!$I$4:$I$203,IFERROR(MATCH(40,'كشف الحساب'!$N$4:$N$203,0),0))),"") | J44: =IFERROR(IF(IFERROR(MATCH(40,'كشف الحساب'!$N$4:$N$203,0),0)=0,"",INDEX('كشف الحساب'!$J$4:$J$203,IFERROR(MATCH(40,'كشف الحساب'!$N$4:$N$203,0),0))),"") | K44: =IFERROR(IF(IFERROR(MATCH(40,'كشف الحساب'!$N$4:$N$203,0),0)=0,"",INDEX('كشف الحساب'!$K$4:$K$203,IFERROR(MATCH(40,'كشف الحساب'!$N$4:$N$203,0),0))),"")
A45: =IFERROR(IF(IFERROR(MATCH(41,'كشف الحساب'!$N$4:$N$203,0),0)=0,"",INDEX('كشف الحساب'!$A$4:$A$203,IFERROR(MATCH(41,'كشف الحساب'!$N$4:$N$203,0),0))),"") | B45: =IFERROR(IF(IFERROR(MATCH(41,'كشف الحساب'!$N$4:$N$203,0),0)=0,"",INDEX('كشف الحساب'!$B$4:$B$203,IFERROR(MATCH(41,'كشف الحساب'!$N$4:$N$203,0),0))),"") | C45: =IFERROR(IF(IFERROR(MATCH(41,'كشف الحساب'!$N$4:$N$203,0),0)=0,"",INDEX('كشف الحساب'!$C$4:$C$203,IFERROR(MATCH(41,'كشف الحساب'!$N$4:$N$203,0),0))),"") | D45: =IFERROR(IF(IFERROR(MATCH(41,'كشف الحساب'!$N$4:$N$203,0),0)=0,"",INDEX('كشف الحساب'!$D$4:$D$203,IFERROR(MATCH(41,'كشف الحساب'!$N$4:$N$203,0),0))),"") | E45: =IFERROR(IF(IFERROR(MATCH(41,'كشف الحساب'!$N$4:$N$203,0),0)=0,"",INDEX('كشف الحساب'!$E$4:$E$203,IFERROR(MATCH(41,'كشف الحساب'!$N$4:$N$203,0),0))),"") | F45: =IFERROR(IF(IFERROR(MATCH(41,'كشف الحساب'!$N$4:$N$203,0),0)=0,"",INDEX('كشف الحساب'!$F$4:$F$203,IFERROR(MATCH(41,'كشف الحساب'!$N$4:$N$203,0),0))),"") | G45: =IFERROR(IF(IFERROR(MATCH(41,'كشف الحساب'!$N$4:$N$203,0),0)=0,"",INDEX('كشف الحساب'!$G$4:$G$203,IFERROR(MATCH(41,'كشف الحساب'!$N$4:$N$203,0),0))),"") | H45: =IFERROR(IF(IFERROR(MATCH(41,'كشف الحساب'!$N$4:$N$203,0),0)=0,"",INDEX('كشف الحساب'!$H$4:$H$203,IFERROR(MATCH(41,'كشف الحساب'!$N$4:$N$203,0),0))),"") | I45: =IFERROR(IF(IFERROR(MATCH(41,'كشف الحساب'!$N$4:$N$203,0),0)=0,"",INDEX('كشف الحساب'!$I$4:$I$203,IFERROR(MATCH(41,'كشف الحساب'!$N$4:$N$203,0),0))),"") | J45: =IFERROR(IF(IFERROR(MATCH(41,'كشف الحساب'!$N$4:$N$203,0),0)=0,"",INDEX('كشف الحساب'!$J$4:$J$203,IFERROR(MATCH(41,'كشف الحساب'!$N$4:$N$203,0),0))),"") | K45: =IFERROR(IF(IFERROR(MATCH(41,'كشف الحساب'!$N$4:$N$203,0),0)=0,"",INDEX('كشف الحساب'!$K$4:$K$203,IFERROR(MATCH(41,'كشف الحساب'!$N$4:$N$203,0),0))),"")
A46: =IFERROR(IF(IFERROR(MATCH(42,'كشف الحساب'!$N$4:$N$203,0),0)=0,"",INDEX('كشف الحساب'!$A$4:$A$203,IFERROR(MATCH(42,'كشف الحساب'!$N$4:$N$203,0),0))),"") | B46: =IFERROR(IF(IFERROR(MATCH(42,'كشف الحساب'!$N$4:$N$203,0),0)=0,"",INDEX('كشف الحساب'!$B$4:$B$203,IFERROR(MATCH(42,'كشف الحساب'!$N$4:$N$203,0),0))),"") | C46: =IFERROR(IF(IFERROR(MATCH(42,'كشف الحساب'!$N$4:$N$203,0),0)=0,"",INDEX('كشف الحساب'!$C$4:$C$203,IFERROR(MATCH(42,'كشف الحساب'!$N$4:$N$203,0),0))),"") | D46: =IFERROR(IF(IFERROR(MATCH(42,'كشف الحساب'!$N$4:$N$203,0),0)=0,"",INDEX('كشف الحساب'!$D$4:$D$203,IFERROR(MATCH(42,'كشف الحساب'!$N$4:$N$203,0),0))),"") | E46: =IFERROR(IF(IFERROR(MATCH(42,'كشف الحساب'!$N$4:$N$203,0),0)=0,"",INDEX('كشف الحساب'!$E$4:$E$203,IFERROR(MATCH(42,'كشف الحساب'!$N$4:$N$203,0),0))),"") | F46: =IFERROR(IF(IFERROR(MATCH(42,'كشف الحساب'!$N$4:$N$203,0),0)=0,"",INDEX('كشف الحساب'!$F$4:$F$203,IFERROR(MATCH(42,'كشف الحساب'!$N$4:$N$203,0),0))),"") | G46: =IFERROR(IF(IFERROR(MATCH(42,'كشف الحساب'!$N$4:$N$203,0),0)=0,"",INDEX('كشف الحساب'!$G$4:$G$203,IFERROR(MATCH(42,'كشف الحساب'!$N$4:$N$203,0),0))),"") | H46: =IFERROR(IF(IFERROR(MATCH(42,'كشف الحساب'!$N$4:$N$203,0),0)=0,"",INDEX('كشف الحساب'!$H$4:$H$203,IFERROR(MATCH(42,'كشف الحساب'!$N$4:$N$203,0),0))),"") | I46: =IFERROR(IF(IFERROR(MATCH(42,'كشف الحساب'!$N$4:$N$203,0),0)=0,"",INDEX('كشف الحساب'!$I$4:$I$203,IFERROR(MATCH(42,'كشف الحساب'!$N$4:$N$203,0),0))),"") | J46: =IFERROR(IF(IFERROR(MATCH(42,'كشف الحساب'!$N$4:$N$203,0),0)=0,"",INDEX('كشف الحساب'!$J$4:$J$203,IFERROR(MATCH(42,'كشف الحساب'!$N$4:$N$203,0),0))),"") | K46: =IFERROR(IF(IFERROR(MATCH(42,'كشف الحساب'!$N$4:$N$203,0),0)=0,"",INDEX('كشف الحساب'!$K$4:$K$203,IFERROR(MATCH(42,'كشف الحساب'!$N$4:$N$203,0),0))),"")
A47: =IFERROR(IF(IFERROR(MATCH(43,'كشف الحساب'!$N$4:$N$203,0),0)=0,"",INDEX('كشف الحساب'!$A$4:$A$203,IFERROR(MATCH(43,'كشف الحساب'!$N$4:$N$203,0),0))),"") | B47: =IFERROR(IF(IFERROR(MATCH(43,'كشف الحساب'!$N$4:$N$203,0),0)=0,"",INDEX('كشف الحساب'!$B$4:$B$203,IFERROR(MATCH(43,'كشف الحساب'!$N$4:$N$203,0),0))),"") | C47: =IFERROR(IF(IFERROR(MATCH(43,'كشف الحساب'!$N$4:$N$203,0),0)=0,"",INDEX('كشف الحساب'!$C$4:$C$203,IFERROR(MATCH(43,'كشف الحساب'!$N$4:$N$203,0),0))),"") | D47: =IFERROR(IF(IFERROR(MATCH(43,'كشف الحساب'!$N$4:$N$203,0),0)=0,"",INDEX('كشف الحساب'!$D$4:$D$203,IFERROR(MATCH(43,'كشف الحساب'!$N$4:$N$203,0),0))),"") | E47: =IFERROR(IF(IFERROR(MATCH(43,'كشف الحساب'!$N$4:$N$203,0),0)=0,"",INDEX('كشف الحساب'!$E$4:$E$203,IFERROR(MATCH(43,'كشف الحساب'!$N$4:$N$203,0),0))),"") | F47: =IFERROR(IF(IFERROR(MATCH(43,'كشف الحساب'!$N$4:$N$203,0),0)=0,"",INDEX('كشف الحساب'!$F$4:$F$203,IFERROR(MATCH(43,'كشف الحساب'!$N$4:$N$203,0),0))),"") | G47: =IFERROR(IF(IFERROR(MATCH(43,'كشف الحساب'!$N$4:$N$203,0),0)=0,"",INDEX('كشف الحساب'!$G$4:$G$203,IFERROR(MATCH(43,'كشف الحساب'!$N$4:$N$203,0),0))),"") | H47: =IFERROR(IF(IFERROR(MATCH(43,'كشف الحساب'!$N$4:$N$203,0),0)=0,"",INDEX('كشف الحساب'!$H$4:$H$203,IFERROR(MATCH(43,'كشف الحساب'!$N$4:$N$203,0),0))),"") | I47: =IFERROR(IF(IFERROR(MATCH(43,'كشف الحساب'!$N$4:$N$203,0),0)=0,"",INDEX('كشف الحساب'!$I$4:$I$203,IFERROR(MATCH(43,'كشف الحساب'!$N$4:$N$203,0),0))),"") | J47: =IFERROR(IF(IFERROR(MATCH(43,'كشف الحساب'!$N$4:$N$203,0),0)=0,"",INDEX('كشف الحساب'!$J$4:$J$203,IFERROR(MATCH(43,'كشف الحساب'!$N$4:$N$203,0),0))),"") | K47: =IFERROR(IF(IFERROR(MATCH(43,'كشف الحساب'!$N$4:$N$203,0),0)=0,"",INDEX('كشف الحساب'!$K$4:$K$203,IFERROR(MATCH(43,'كشف الحساب'!$N$4:$N$203,0),0))),"")
A48: =IFERROR(IF(IFERROR(MATCH(44,'كشف الحساب'!$N$4:$N$203,0),0)=0,"",INDEX('كشف الحساب'!$A$4:$A$203,IFERROR(MATCH(44,'كشف الحساب'!$N$4:$N$203,0),0))),"") | B48: =IFERROR(IF(IFERROR(MATCH(44,'كشف الحساب'!$N$4:$N$203,0),0)=0,"",INDEX('كشف الحساب'!$B$4:$B$203,IFERROR(MATCH(44,'كشف الحساب'!$N$4:$N$203,0),0))),"") | C48: =IFERROR(IF(IFERROR(MATCH(44,'كشف الحساب'!$N$4:$N$203,0),0)=0,"",INDEX('كشف الحساب'!$C$4:$C$203,IFERROR(MATCH(44,'كشف الحساب'!$N$4:$N$203,0),0))),"") | D48: =IFERROR(IF(IFERROR(MATCH(44,'كشف الحساب'!$N$4:$N$203,0),0)=0,"",INDEX('كشف الحساب'!$D$4:$D$203,IFERROR(MATCH(44,'كشف الحساب'!$N$4:$N$203,0),0))),"") | E48: =IFERROR(IF(IFERROR(MATCH(44,'كشف الحساب'!$N$4:$N$203,0),0)=0,"",INDEX('كشف الحساب'!$E$4:$E$203,IFERROR(MATCH(44,'كشف الحساب'!$N$4:$N$203,0),0))),"") | F48: =IFERROR(IF(IFERROR(MATCH(44,'كشف الحساب'!$N$4:$N$203,0),0)=0,"",INDEX('كشف الحساب'!$F$4:$F$203,IFERROR(MATCH(44,'كشف الحساب'!$N$4:$N$203,0),0))),"") | G48: =IFERROR(IF(IFERROR(MATCH(44,'كشف الحساب'!$N$4:$N$203,0),0)=0,"",INDEX('كشف الحساب'!$G$4:$G$203,IFERROR(MATCH(44,'كشف الحساب'!$N$4:$N$203,0),0))),"") | H48: =IFERROR(IF(IFERROR(MATCH(44,'كشف الحساب'!$N$4:$N$203,0),0)=0,"",INDEX('كشف الحساب'!$H$4:$H$203,IFERROR(MATCH(44,'كشف الحساب'!$N$4:$N$203,0),0))),"") | I48: =IFERROR(IF(IFERROR(MATCH(44,'كشف الحساب'!$N$4:$N$203,0),0)=0,"",INDEX('كشف الحساب'!$I$4:$I$203,IFERROR(MATCH(44,'كشف الحساب'!$N$4:$N$203,0),0))),"") | J48: =IFERROR(IF(IFERROR(MATCH(44,'كشف الحساب'!$N$4:$N$203,0),0)=0,"",INDEX('كشف الحساب'!$J$4:$J$203,IFERROR(MATCH(44,'كشف الحساب'!$N$4:$N$203,0),0))),"") | K48: =IFERROR(IF(IFERROR(MATCH(44,'كشف الحساب'!$N$4:$N$203,0),0)=0,"",INDEX('كشف الحساب'!$K$4:$K$203,IFERROR(MATCH(44,'كشف الحساب'!$N$4:$N$203,0),0))),"")
A49: =IFERROR(IF(IFERROR(MATCH(45,'كشف الحساب'!$N$4:$N$203,0),0)=0,"",INDEX('كشف الحساب'!$A$4:$A$203,IFERROR(MATCH(45,'كشف الحساب'!$N$4:$N$203,0),0))),"") | B49: =IFERROR(IF(IFERROR(MATCH(45,'كشف الحساب'!$N$4:$N$203,0),0)=0,"",INDEX('كشف الحساب'!$B$4:$B$203,IFERROR(MATCH(45,'كشف الحساب'!$N$4:$N$203,0),0))),"") | C49: =IFERROR(IF(IFERROR(MATCH(45,'كشف الحساب'!$N$4:$N$203,0),0)=0,"",INDEX('كشف الحساب'!$C$4:$C$203,IFERROR(MATCH(45,'كشف الحساب'!$N$4:$N$203,0),0))),"") | D49: =IFERROR(IF(IFERROR(MATCH(45,'كشف الحساب'!$N$4:$N$203,0),0)=0,"",INDEX('كشف الحساب'!$D$4:$D$203,IFERROR(MATCH(45,'كشف الحساب'!$N$4:$N$203,0),0))),"") | E49: =IFERROR(IF(IFERROR(MATCH(45,'كشف الحساب'!$N$4:$N$203,0),0)=0,"",INDEX('كشف الحساب'!$E$4:$E$203,IFERROR(MATCH(45,'كشف الحساب'!$N$4:$N$203,0),0))),"") | F49: =IFERROR(IF(IFERROR(MATCH(45,'كشف الحساب'!$N$4:$N$203,0),0)=0,"",INDEX('كشف الحساب'!$F$4:$F$203,IFERROR(MATCH(45,'كشف الحساب'!$N$4:$N$203,0),0))),"") | G49: =IFERROR(IF(IFERROR(MATCH(45,'كشف الحساب'!$N$4:$N$203,0),0)=0,"",INDEX('كشف الحساب'!$G$4:$G$203,IFERROR(MATCH(45,'كشف الحساب'!$N$4:$N$203,0),0))),"") | H49: =IFERROR(IF(IFERROR(MATCH(45,'كشف الحساب'!$N$4:$N$203,0),0)=0,"",INDEX('كشف الحساب'!$H$4:$H$203,IFERROR(MATCH(45,'كشف الحساب'!$N$4:$N$203,0),0))),"") | I49: =IFERROR(IF(IFERROR(MATCH(45,'كشف الحساب'!$N$4:$N$203,0),0)=0,"",INDEX('كشف الحساب'!$I$4:$I$203,IFERROR(MATCH(45,'كشف الحساب'!$N$4:$N$203,0),0))),"") | J49: =IFERROR(IF(IFERROR(MATCH(45,'كشف الحساب'!$N$4:$N$203,0),0)=0,"",INDEX('كشف الحساب'!$J$4:$J$203,IFERROR(MATCH(45,'كشف الحساب'!$N$4:$N$203,0),0))),"") | K49: =IFERROR(IF(IFERROR(MATCH(45,'كشف الحساب'!$N$4:$N$203,0),0)=0,"",INDEX('كشف الحساب'!$K$4:$K$203,IFERROR(MATCH(45,'كشف الحساب'!$N$4:$N$203,0),0))),"")
A50: =IFERROR(IF(IFERROR(MATCH(46,'كشف الحساب'!$N$4:$N$203,0),0)=0,"",INDEX('كشف الحساب'!$A$4:$A$203,IFERROR(MATCH(46,'كشف الحساب'!$N$4:$N$203,0),0))),"") | B50: =IFERROR(IF(IFERROR(MATCH(46,'كشف الحساب'!$N$4:$N$203,0),0)=0,"",INDEX('كشف الحساب'!$B$4:$B$203,IFERROR(MATCH(46,'كشف الحساب'!$N$4:$N$203,0),0))),"") | C50: =IFERROR(IF(IFERROR(MATCH(46,'كشف الحساب'!$N$4:$N$203,0),0)=0,"",INDEX('كشف الحساب'!$C$4:$C$203,IFERROR(MATCH(46,'كشف الحساب'!$N$4:$N$203,0),0))),"") | D50: =IFERROR(IF(IFERROR(MATCH(46,'كشف الحساب'!$N$4:$N$203,0),0)=0,"",INDEX('كشف الحساب'!$D$4:$D$203,IFERROR(MATCH(46,'كشف الحساب'!$N$4:$N$203,0),0))),"") | E50: =IFERROR(IF(IFERROR(MATCH(46,'كشف الحساب'!$N$4:$N$203,0),0)=0,"",INDEX('كشف الحساب'!$E$4:$E$203,IFERROR(MATCH(46,'كشف الحساب'!$N$4:$N$203,0),0))),"") | F50: =IFERROR(IF(IFERROR(MATCH(46,'كشف الحساب'!$N$4:$N$203,0),0)=0,"",INDEX('كشف الحساب'!$F$4:$F$203,IFERROR(MATCH(46,'كشف الحساب'!$N$4:$N$203,0),0))),"") | G50: =IFERROR(IF(IFERROR(MATCH(46,'كشف الحساب'!$N$4:$N$203,0),0)=0,"",INDEX('كشف الحساب'!$G$4:$G$203,IFERROR(MATCH(46,'كشف الحساب'!$N$4:$N$203,0),0))),"") | H50: =IFERROR(IF(IFERROR(MATCH(46,'كشف الحساب'!$N$4:$N$203,0),0)=0,"",INDEX('كشف الحساب'!$H$4:$H$203,IFERROR(MATCH(46,'كشف الحساب'!$N$4:$N$203,0),0))),"") | I50: =IFERROR(IF(IFERROR(MATCH(46,'كشف الحساب'!$N$4:$N$203,0),0)=0,"",INDEX('كشف الحساب'!$I$4:$I$203,IFERROR(MATCH(46,'كشف الحساب'!$N$4:$N$203,0),0))),"") | J50: =IFERROR(IF(IFERROR(MATCH(46,'كشف الحساب'!$N$4:$N$203,0),0)=0,"",INDEX('كشف الحساب'!$J$4:$J$203,IFERROR(MATCH(46,'كشف الحساب'!$N$4:$N$203,0),0))),"") | K50: =IFERROR(IF(IFERROR(MATCH(46,'كشف الحساب'!$N$4:$N$203,0),0)=0,"",INDEX('كشف الحساب'!$K$4:$K$203,IFERROR(MATCH(46,'كشف الحساب'!$N$4:$N$203,0),0))),"")
A51: =IFERROR(IF(IFERROR(MATCH(47,'كشف الحساب'!$N$4:$N$203,0),0)=0,"",INDEX('كشف الحساب'!$A$4:$A$203,IFERROR(MATCH(47,'كشف الحساب'!$N$4:$N$203,0),0))),"") | B51: =IFERROR(IF(IFERROR(MATCH(47,'كشف الحساب'!$N$4:$N$203,0),0)=0,"",INDEX('كشف الحساب'!$B$4:$B$203,IFERROR(MATCH(47,'كشف الحساب'!$N$4:$N$203,0),0))),"") | C51: =IFERROR(IF(IFERROR(MATCH(47,'كشف الحساب'!$N$4:$N$203,0),0)=0,"",INDEX('كشف الحساب'!$C$4:$C$203,IFERROR(MATCH(47,'كشف الحساب'!$N$4:$N$203,0),0))),"") | D51: =IFERROR(IF(IFERROR(MATCH(47,'كشف الحساب'!$N$4:$N$203,0),0)=0,"",INDEX('كشف الحساب'!$D$4:$D$203,IFERROR(MATCH(47,'كشف الحساب'!$N$4:$N$203,0),0))),"") | E51: =IFERROR(IF(IFERROR(MATCH(47,'كشف الحساب'!$N$4:$N$203,0),0)=0,"",INDEX('كشف الحساب'!$E$4:$E$203,IFERROR(MATCH(47,'كشف الحساب'!$N$4:$N$203,0),0))),"") | F51: =IFERROR(IF(IFERROR(MATCH(47,'كشف الحساب'!$N$4:$N$203,0),0)=0,"",INDEX('كشف الحساب'!$F$4:$F$203,IFERROR(MATCH(47,'كشف الحساب'!$N$4:$N$203,0),0))),"") | G51: =IFERROR(IF(IFERROR(MATCH(47,'كشف الحساب'!$N$4:$N$203,0),0)=0,"",INDEX('كشف الحساب'!$G$4:$G$203,IFERROR(MATCH(47,'كشف الحساب'!$N$4:$N$203,0),0))),"") | H51: =IFERROR(IF(IFERROR(MATCH(47,'كشف الحساب'!$N$4:$N$203,0),0)=0,"",INDEX('كشف الحساب'!$H$4:$H$203,IFERROR(MATCH(47,'كشف الحساب'!$N$4:$N$203,0),0))),"") | I51: =IFERROR(IF(IFERROR(MATCH(47,'كشف الحساب'!$N$4:$N$203,0),0)=0,"",INDEX('كشف الحساب'!$I$4:$I$203,IFERROR(MATCH(47,'كشف الحساب'!$N$4:$N$203,0),0))),"") | J51: =IFERROR(IF(IFERROR(MATCH(47,'كشف الحساب'!$N$4:$N$203,0),0)=0,"",INDEX('كشف الحساب'!$J$4:$J$203,IFERROR(MATCH(47,'كشف الحساب'!$N$4:$N$203,0),0))),"") | K51: =IFERROR(IF(IFERROR(MATCH(47,'كشف الحساب'!$N$4:$N$203,0),0)=0,"",INDEX('كشف الحساب'!$K$4:$K$203,IFERROR(MATCH(47,'كشف الحساب'!$N$4:$N$203,0),0))),"")
A52: =IFERROR(IF(IFERROR(MATCH(48,'كشف الحساب'!$N$4:$N$203,0),0)=0,"",INDEX('كشف الحساب'!$A$4:$A$203,IFERROR(MATCH(48,'كشف الحساب'!$N$4:$N$203,0),0))),"") | B52: =IFERROR(IF(IFERROR(MATCH(48,'كشف الحساب'!$N$4:$N$203,0),0)=0,"",INDEX('كشف الحساب'!$B$4:$B$203,IFERROR(MATCH(48,'كشف الحساب'!$N$4:$N$203,0),0))),"") | C52: =IFERROR(IF(IFERROR(MATCH(48,'كشف الحساب'!$N$4:$N$203,0),0)=0,"",INDEX('كشف الحساب'!$C$4:$C$203,IFERROR(MATCH(48,'كشف الحساب'!$N$4:$N$203,0),0))),"") | D52: =IFERROR(IF(IFERROR(MATCH(48,'كشف الحساب'!$N$4:$N$203,0),0)=0,"",INDEX('كشف الحساب'!$D$4:$D$203,IFERROR(MATCH(48,'كشف الحساب'!$N$4:$N$203,0),0))),"") | E52: =IFERROR(IF(IFERROR(MATCH(48,'كشف الحساب'!$N$4:$N$203,0),0)=0,"",INDEX('كشف الحساب'!$E$4:$E$203,IFERROR(MATCH(48,'كشف الحساب'!$N$4:$N$203,0),0))),"") | F52: =IFERROR(IF(IFERROR(MATCH(48,'كشف الحساب'!$N$4:$N$203,0),0)=0,"",INDEX('كشف الحساب'!$F$4:$F$203,IFERROR(MATCH(48,'كشف الحساب'!$N$4:$N$203,0),0))),"") | G52: =IFERROR(IF(IFERROR(MATCH(48,'كشف الحساب'!$N$4:$N$203,0),0)=0,"",INDEX('كشف الحساب'!$G$4:$G$203,IFERROR(MATCH(48,'كشف الحساب'!$N$4:$N$203,0),0))),"") | H52: =IFERROR(IF(IFERROR(MATCH(48,'كشف الحساب'!$N$4:$N$203,0),0)=0,"",INDEX('كشف الحساب'!$H$4:$H$203,IFERROR(MATCH(48,'كشف الحساب'!$N$4:$N$203,0),0))),"") | I52: =IFERROR(IF(IFERROR(MATCH(48,'كشف الحساب'!$N$4:$N$203,0),0)=0,"",INDEX('كشف الحساب'!$I$4:$I$203,IFERROR(MATCH(48,'كشف الحساب'!$N$4:$N$203,0),0))),"") | J52: =IFERROR(IF(IFERROR(MATCH(48,'كشف الحساب'!$N$4:$N$203,0),0)=0,"",INDEX('كشف الحساب'!$J$4:$J$203,IFERROR(MATCH(48,'كشف الحساب'!$N$4:$N$203,0),0))),"") | K52: =IFERROR(IF(IFERROR(MATCH(48,'كشف الحساب'!$N$4:$N$203,0),0)=0,"",INDEX('كشف الحساب'!$K$4:$K$203,IFERROR(MATCH(48,'كشف الحساب'!$N$4:$N$203,0),0))),"")
A53: =IFERROR(IF(IFERROR(MATCH(49,'كشف الحساب'!$N$4:$N$203,0),0)=0,"",INDEX('كشف الحساب'!$A$4:$A$203,IFERROR(MATCH(49,'كشف الحساب'!$N$4:$N$203,0),0))),"") | B53: =IFERROR(IF(IFERROR(MATCH(49,'كشف الحساب'!$N$4:$N$203,0),0)=0,"",INDEX('كشف الحساب'!$B$4:$B$203,IFERROR(MATCH(49,'كشف الحساب'!$N$4:$N$203,0),0))),"") | C53: =IFERROR(IF(IFERROR(MATCH(49,'كشف الحساب'!$N$4:$N$203,0),0)=0,"",INDEX('كشف الحساب'!$C$4:$C$203,IFERROR(MATCH(49,'كشف الحساب'!$N$4:$N$203,0),0))),"") | D53: =IFERROR(IF(IFERROR(MATCH(49,'كشف الحساب'!$N$4:$N$203,0),0)=0,"",INDEX('كشف الحساب'!$D$4:$D$203,IFERROR(MATCH(49,'كشف الحساب'!$N$4:$N$203,0),0))),"") | E53: =IFERROR(IF(IFERROR(MATCH(49,'كشف الحساب'!$N$4:$N$203,0),0)=0,"",INDEX('كشف الحساب'!$E$4:$E$203,IFERROR(MATCH(49,'كشف الحساب'!$N$4:$N$203,0),0))),"") | F53: =IFERROR(IF(IFERROR(MATCH(49,'كشف الحساب'!$N$4:$N$203,0),0)=0,"",INDEX('كشف الحساب'!$F$4:$F$203,IFERROR(MATCH(49,'كشف الحساب'!$N$4:$N$203,0),0))),"") | G53: =IFERROR(IF(IFERROR(MATCH(49,'كشف الحساب'!$N$4:$N$203,0),0)=0,"",INDEX('كشف الحساب'!$G$4:$G$203,IFERROR(MATCH(49,'كشف الحساب'!$N$4:$N$203,0),0))),"") | H53: =IFERROR(IF(IFERROR(MATCH(49,'كشف الحساب'!$N$4:$N$203,0),0)=0,"",INDEX('كشف الحساب'!$H$4:$H$203,IFERROR(MATCH(49,'كشف الحساب'!$N$4:$N$203,0),0))),"") | I53: =IFERROR(IF(IFERROR(MATCH(49,'كشف الحساب'!$N$4:$N$203,0),0)=0,"",INDEX('كشف الحساب'!$I$4:$I$203,IFERROR(MATCH(49,'كشف الحساب'!$N$4:$N$203,0),0))),"") | J53: =IFERROR(IF(IFERROR(MATCH(49,'كشف الحساب'!$N$4:$N$203,0),0)=0,"",INDEX('كشف الحساب'!$J$4:$J$203,IFERROR(MATCH(49,'كشف الحساب'!$N$4:$N$203,0),0))),"") | K53: =IFERROR(IF(IFERROR(MATCH(49,'كشف الحساب'!$N$4:$N$203,0),0)=0,"",INDEX('كشف الحساب'!$K$4:$K$203,IFERROR(MATCH(49,'كشف الحساب'!$N$4:$N$203,0),0))),"")
A54: =IFERROR(IF(IFERROR(MATCH(50,'كشف الحساب'!$N$4:$N$203,0),0)=0,"",INDEX('كشف الحساب'!$A$4:$A$203,IFERROR(MATCH(50,'كشف الحساب'!$N$4:$N$203,0),0))),"") | B54: =IFERROR(IF(IFERROR(MATCH(50,'كشف الحساب'!$N$4:$N$203,0),0)=0,"",INDEX('كشف الحساب'!$B$4:$B$203,IFERROR(MATCH(50,'كشف الحساب'!$N$4:$N$203,0),0))),"") | C54: =IFERROR(IF(IFERROR(MATCH(50,'كشف الحساب'!$N$4:$N$203,0),0)=0,"",INDEX('كشف الحساب'!$C$4:$C$203,IFERROR(MATCH(50,'كشف الحساب'!$N$4:$N$203,0),0))),"") | D54: =IFERROR(IF(IFERROR(MATCH(50,'كشف الحساب'!$N$4:$N$203,0),0)=0,"",INDEX('كشف الحساب'!$D$4:$D$203,IFERROR(MATCH(50,'كشف الحساب'!$N$4:$N$203,0),0))),"") | E54: =IFERROR(IF(IFERROR(MATCH(50,'كشف الحساب'!$N$4:$N$203,0),0)=0,"",INDEX('كشف الحساب'!$E$4:$E$203,IFERROR(MATCH(50,'كشف الحساب'!$N$4:$N$203,0),0))),"") | F54: =IFERROR(IF(IFERROR(MATCH(50,'كشف الحساب'!$N$4:$N$203,0),0)=0,"",INDEX('كشف الحساب'!$F$4:$F$203,IFERROR(MATCH(50,'كشف الحساب'!$N$4:$N$203,0),0))),"") | G54: =IFERROR(IF(IFERROR(MATCH(50,'كشف الحساب'!$N$4:$N$203,0),0)=0,"",INDEX('كشف الحساب'!$G$4:$G$203,IFERROR(MATCH(50,'كشف الحساب'!$N$4:$N$203,0),0))),"") | H54: =IFERROR(IF(IFERROR(MATCH(50,'كشف الحساب'!$N$4:$N$203,0),0)=0,"",INDEX('كشف الحساب'!$H$4:$H$203,IFERROR(MATCH(50,'كشف الحساب'!$N$4:$N$203,0),0))),"") | I54: =IFERROR(IF(IFERROR(MATCH(50,'كشف الحساب'!$N$4:$N$203,0),0)=0,"",INDEX('كشف الحساب'!$I$4:$I$203,IFERROR(MATCH(50,'كشف الحساب'!$N$4:$N$203,0),0))),"") | J54: =IFERROR(IF(IFERROR(MATCH(50,'كشف الحساب'!$N$4:$N$203,0),0)=0,"",INDEX('كشف الحساب'!$J$4:$J$203,IFERROR(MATCH(50,'كشف الحساب'!$N$4:$N$203,0),0))),"") | K54: =IFERROR(IF(IFERROR(MATCH(50,'كشف الحساب'!$N$4:$N$203,0),0)=0,"",INDEX('كشف الحساب'!$K$4:$K$203,IFERROR(MATCH(50,'كشف الحساب'!$N$4:$N$203,0),0))),"")
A55: =IFERROR(IF(IFERROR(MATCH(51,'كشف الحساب'!$N$4:$N$203,0),0)=0,"",INDEX('كشف الحساب'!$A$4:$A$203,IFERROR(MATCH(51,'كشف الحساب'!$N$4:$N$203,0),0))),"") | B55: =IFERROR(IF(IFERROR(MATCH(51,'كشف الحساب'!$N$4:$N$203,0),0)=0,"",INDEX('كشف الحساب'!$B$4:$B$203,IFERROR(MATCH(51,'كشف الحساب'!$N$4:$N$203,0),0))),"") | C55: =IFERROR(IF(IFERROR(MATCH(51,'كشف الحساب'!$N$4:$N$203,0),0)=0,"",INDEX('كشف الحساب'!$C$4:$C$203,IFERROR(MATCH(51,'كشف الحساب'!$N$4:$N$203,0),0))),"") | D55: =IFERROR(IF(IFERROR(MATCH(51,'كشف الحساب'!$N$4:$N$203,0),0)=0,"",INDEX('كشف الحساب'!$D$4:$D$203,IFERROR(MATCH(51,'كشف الحساب'!$N$4:$N$203,0),0))),"") | E55: =IFERROR(IF(IFERROR(MATCH(51,'كشف الحساب'!$N$4:$N$203,0),0)=0,"",INDEX('كشف الحساب'!$E$4:$E$203,IFERROR(MATCH(51,'كشف الحساب'!$N$4:$N$203,0),0))),"") | F55: =IFERROR(IF(IFERROR(MATCH(51,'كشف الحساب'!$N$4:$N$203,0),0)=0,"",INDEX('كشف الحساب'!$F$4:$F$203,IFERROR(MATCH(51,'كشف الحساب'!$N$4:$N$203,0),0))),"") | G55: =IFERROR(IF(IFERROR(MATCH(51,'كشف الحساب'!$N$4:$N$203,0),0)=0,"",INDEX('كشف الحساب'!$G$4:$G$203,IFERROR(MATCH(51,'كشف الحساب'!$N$4:$N$203,0),0))),"") | H55: =IFERROR(IF(IFERROR(MATCH(51,'كشف الحساب'!$N$4:$N$203,0),0)=0,"",INDEX('كشف الحساب'!$H$4:$H$203,IFERROR(MATCH(51,'كشف الحساب'!$N$4:$N$203,0),0))),"") | I55: =IFERROR(IF(IFERROR(MATCH(51,'كشف الحساب'!$N$4:$N$203,0),0)=0,"",INDEX('كشف الحساب'!$I$4:$I$203,IFERROR(MATCH(51,'كشف الحساب'!$N$4:$N$203,0),0))),"") | J55: =IFERROR(IF(IFERROR(MATCH(51,'كشف الحساب'!$N$4:$N$203,0),0)=0,"",INDEX('كشف الحساب'!$J$4:$J$203,IFERROR(MATCH(51,'كشف الحساب'!$N$4:$N$203,0),0))),"") | K55: =IFERROR(IF(IFERROR(MATCH(51,'كشف الحساب'!$N$4:$N$203,0),0)=0,"",INDEX('كشف الحساب'!$K$4:$K$203,IFERROR(MATCH(51,'كشف الحساب'!$N$4:$N$203,0),0))),"")
A56: =IFERROR(IF(IFERROR(MATCH(52,'كشف الحساب'!$N$4:$N$203,0),0)=0,"",INDEX('كشف الحساب'!$A$4:$A$203,IFERROR(MATCH(52,'كشف الحساب'!$N$4:$N$203,0),0))),"") | B56: =IFERROR(IF(IFERROR(MATCH(52,'كشف الحساب'!$N$4:$N$203,0),0)=0,"",INDEX('كشف الحساب'!$B$4:$B$203,IFERROR(MATCH(52,'كشف الحساب'!$N$4:$N$203,0),0))),"") | C56: =IFERROR(IF(IFERROR(MATCH(52,'كشف الحساب'!$N$4:$N$203,0),0)=0,"",INDEX('كشف الحساب'!$C$4:$C$203,IFERROR(MATCH(52,'كشف الحساب'!$N$4:$N$203,0),0))),"") | D56: =IFERROR(IF(IFERROR(MATCH(52,'كشف الحساب'!$N$4:$N$203,0),0)=0,"",INDEX('كشف الحساب'!$D$4:$D$203,IFERROR(MATCH(52,'كشف الحساب'!$N$4:$N$203,0),0))),"") | E56: =IFERROR(IF(IFERROR(MATCH(52,'كشف الحساب'!$N$4:$N$203,0),0)=0,"",INDEX('كشف الحساب'!$E$4:$E$203,IFERROR(MATCH(52,'كشف الحساب'!$N$4:$N$203,0),0))),"") | F56: =IFERROR(IF(IFERROR(MATCH(52,'كشف الحساب'!$N$4:$N$203,0),0)=0,"",INDEX('كشف الحساب'!$F$4:$F$203,IFERROR(MATCH(52,'كشف الحساب'!$N$4:$N$203,0),0))),"") | G56: =IFERROR(IF(IFERROR(MATCH(52,'كشف الحساب'!$N$4:$N$203,0),0)=0,"",INDEX('كشف الحساب'!$G$4:$G$203,IFERROR(MATCH(52,'كشف الحساب'!$N$4:$N$203,0),0))),"") | H56: =IFERROR(IF(IFERROR(MATCH(52,'كشف الحساب'!$N$4:$N$203,0),0)=0,"",INDEX('كشف الحساب'!$H$4:$H$203,IFERROR(MATCH(52,'كشف الحساب'!$N$4:$N$203,0),0))),"") | I56: =IFERROR(IF(IFERROR(MATCH(52,'كشف الحساب'!$N$4:$N$203,0),0)=0,"",INDEX('كشف الحساب'!$I$4:$I$203,IFERROR(MATCH(52,'كشف الحساب'!$N$4:$N$203,0),0))),"") | J56: =IFERROR(IF(IFERROR(MATCH(52,'كشف الحساب'!$N$4:$N$203,0),0)=0,"",INDEX('كشف الحساب'!$J$4:$J$203,IFERROR(MATCH(52,'كشف الحساب'!$N$4:$N$203,0),0))),"") | K56: =IFERROR(IF(IFERROR(MATCH(52,'كشف الحساب'!$N$4:$N$203,0),0)=0,"",INDEX('كشف الحساب'!$K$4:$K$203,IFERROR(MATCH(52,'كشف الحساب'!$N$4:$N$203,0),0))),"")
A57: =IFERROR(IF(IFERROR(MATCH(53,'كشف الحساب'!$N$4:$N$203,0),0)=0,"",INDEX('كشف الحساب'!$A$4:$A$203,IFERROR(MATCH(53,'كشف الحساب'!$N$4:$N$203,0),0))),"") | B57: =IFERROR(IF(IFERROR(MATCH(53,'كشف الحساب'!$N$4:$N$203,0),0)=0,"",INDEX('كشف الحساب'!$B$4:$B$203,IFERROR(MATCH(53,'كشف الحساب'!$N$4:$N$203,0),0))),"") | C57: =IFERROR(IF(IFERROR(MATCH(53,'كشف الحساب'!$N$4:$N$203,0),0)=0,"",INDEX('كشف الحساب'!$C$4:$C$203,IFERROR(MATCH(53,'كشف الحساب'!$N$4:$N$203,0),0))),"") | D57: =IFERROR(IF(IFERROR(MATCH(53,'كشف الحساب'!$N$4:$N$203,0),0)=0,"",INDEX('كشف الحساب'!$D$4:$D$203,IFERROR(MATCH(53,'كشف الحساب'!$N$4:$N$203,0),0))),"") | E57: =IFERROR(IF(IFERROR(MATCH(53,'كشف الحساب'!$N$4:$N$203,0),0)=0,"",INDEX('كشف الحساب'!$E$4:$E$203,IFERROR(MATCH(53,'كشف الحساب'!$N$4:$N$203,0),0))),"") | F57: =IFERROR(IF(IFERROR(MATCH(53,'كشف الحساب'!$N$4:$N$203,0),0)=0,"",INDEX('كشف الحساب'!$F$4:$F$203,IFERROR(MATCH(53,'كشف الحساب'!$N$4:$N$203,0),0))),"") | G57: =IFERROR(IF(IFERROR(MATCH(53,'كشف الحساب'!$N$4:$N$203,0),0)=0,"",INDEX('كشف الحساب'!$G$4:$G$203,IFERROR(MATCH(53,'كشف الحساب'!$N$4:$N$203,0),0))),"") | H57: =IFERROR(IF(IFERROR(MATCH(53,'كشف الحساب'!$N$4:$N$203,0),0)=0,"",INDEX('كشف الحساب'!$H$4:$H$203,IFERROR(MATCH(53,'كشف الحساب'!$N$4:$N$203,0),0))),"") | I57: =IFERROR(IF(IFERROR(MATCH(53,'كشف الحساب'!$N$4:$N$203,0),0)=0,"",INDEX('كشف الحساب'!$I$4:$I$203,IFERROR(MATCH(53,'كشف الحساب'!$N$4:$N$203,0),0))),"") | J57: =IFERROR(IF(IFERROR(MATCH(53,'كشف الحساب'!$N$4:$N$203,0),0)=0,"",INDEX('كشف الحساب'!$J$4:$J$203,IFERROR(MATCH(53,'كشف الحساب'!$N$4:$N$203,0),0))),"") | K57: =IFERROR(IF(IFERROR(MATCH(53,'كشف الحساب'!$N$4:$N$203,0),0)=0,"",INDEX('كشف الحساب'!$K$4:$K$203,IFERROR(MATCH(53,'كشف الحساب'!$N$4:$N$203,0),0))),"")
A58: =IFERROR(IF(IFERROR(MATCH(54,'كشف الحساب'!$N$4:$N$203,0),0)=0,"",INDEX('كشف الحساب'!$A$4:$A$203,IFERROR(MATCH(54,'كشف الحساب'!$N$4:$N$203,0),0))),"") | B58: =IFERROR(IF(IFERROR(MATCH(54,'كشف الحساب'!$N$4:$N$203,0),0)=0,"",INDEX('كشف الحساب'!$B$4:$B$203,IFERROR(MATCH(54,'كشف الحساب'!$N$4:$N$203,0),0))),"") | C58: =IFERROR(IF(IFERROR(MATCH(54,'كشف الحساب'!$N$4:$N$203,0),0)=0,"",INDEX('كشف الحساب'!$C$4:$C$203,IFERROR(MATCH(54,'كشف الحساب'!$N$4:$N$203,0),0))),"") | D58: =IFERROR(IF(IFERROR(MATCH(54,'كشف الحساب'!$N$4:$N$203,0),0)=0,"",INDEX('كشف الحساب'!$D$4:$D$203,IFERROR(MATCH(54,'كشف الحساب'!$N$4:$N$203,0),0))),"") | E58: =IFERROR(IF(IFERROR(MATCH(54,'كشف الحساب'!$N$4:$N$203,0),0)=0,"",INDEX('كشف الحساب'!$E$4:$E$203,IFERROR(MATCH(54,'كشف الحساب'!$N$4:$N$203,0),0))),"") | F58: =IFERROR(IF(IFERROR(MATCH(54,'كشف الحساب'!$N$4:$N$203,0),0)=0,"",INDEX('كشف الحساب'!$F$4:$F$203,IFERROR(MATCH(54,'كشف الحساب'!$N$4:$N$203,0),0))),"") | G58: =IFERROR(IF(IFERROR(MATCH(54,'كشف الحساب'!$N$4:$N$203,0),0)=0,"",INDEX('كشف الحساب'!$G$4:$G$203,IFERROR(MATCH(54,'كشف الحساب'!$N$4:$N$203,0),0))),"") | H58: =IFERROR(IF(IFERROR(MATCH(54,'كشف الحساب'!$N$4:$N$203,0),0)=0,"",INDEX('كشف الحساب'!$H$4:$H$203,IFERROR(MATCH(54,'كشف الحساب'!$N$4:$N$203,0),0))),"") | I58: =IFERROR(IF(IFERROR(MATCH(54,'كشف الحساب'!$N$4:$N$203,0),0)=0,"",INDEX('كشف الحساب'!$I$4:$I$203,IFERROR(MATCH(54,'كشف الحساب'!$N$4:$N$203,0),0))),"") | J58: =IFERROR(IF(IFERROR(MATCH(54,'كشف الحساب'!$N$4:$N$203,0),0)=0,"",INDEX('كشف الحساب'!$J$4:$J$203,IFERROR(MATCH(54,'كشف الحساب'!$N$4:$N$203,0),0))),"") | K58: =IFERROR(IF(IFERROR(MATCH(54,'كشف الحساب'!$N$4:$N$203,0),0)=0,"",INDEX('كشف الحساب'!$K$4:$K$203,IFERROR(MATCH(54,'كشف الحساب'!$N$4:$N$203,0),0))),"")
A59: =IFERROR(IF(IFERROR(MATCH(55,'كشف الحساب'!$N$4:$N$203,0),0)=0,"",INDEX('كشف الحساب'!$A$4:$A$203,IFERROR(MATCH(55,'كشف الحساب'!$N$4:$N$203,0),0))),"") | B59: =IFERROR(IF(IFERROR(MATCH(55,'كشف الحساب'!$N$4:$N$203,0),0)=0,"",INDEX('كشف الحساب'!$B$4:$B$203,IFERROR(MATCH(55,'كشف الحساب'!$N$4:$N$203,0),0))),"") | C59: =IFERROR(IF(IFERROR(MATCH(55,'كشف الحساب'!$N$4:$N$203,0),0)=0,"",INDEX('كشف الحساب'!$C$4:$C$203,IFERROR(MATCH(55,'كشف الحساب'!$N$4:$N$203,0),0))),"") | D59: =IFERROR(IF(IFERROR(MATCH(55,'كشف الحساب'!$N$4:$N$203,0),0)=0,"",INDEX('كشف الحساب'!$D$4:$D$203,IFERROR(MATCH(55,'كشف الحساب'!$N$4:$N$203,0),0))),"") | E59: =IFERROR(IF(IFERROR(MATCH(55,'كشف الحساب'!$N$4:$N$203,0),0)=0,"",INDEX('كشف الحساب'!$E$4:$E$203,IFERROR(MATCH(55,'كشف الحساب'!$N$4:$N$203,0),0))),"") | F59: =IFERROR(IF(IFERROR(MATCH(55,'كشف الحساب'!$N$4:$N$203,0),0)=0,"",INDEX('كشف الحساب'!$F$4:$F$203,IFERROR(MATCH(55,'كشف الحساب'!$N$4:$N$203,0),0))),"") | G59: =IFERROR(IF(IFERROR(MATCH(55,'كشف الحساب'!$N$4:$N$203,0),0)=0,"",INDEX('كشف الحساب'!$G$4:$G$203,IFERROR(MATCH(55,'كشف الحساب'!$N$4:$N$203,0),0))),"") | H59: =IFERROR(IF(IFERROR(MATCH(55,'كشف الحساب'!$N$4:$N$203,0),0)=0,"",INDEX('كشف الحساب'!$H$4:$H$203,IFERROR(MATCH(55,'كشف الحساب'!$N$4:$N$203,0),0))),"") | I59: =IFERROR(IF(IFERROR(MATCH(55,'كشف الحساب'!$N$4:$N$203,0),0)=0,"",INDEX('كشف الحساب'!$I$4:$I$203,IFERROR(MATCH(55,'كشف الحساب'!$N$4:$N$203,0),0))),"") | J59: =IFERROR(IF(IFERROR(MATCH(55,'كشف الحساب'!$N$4:$N$203,0),0)=0,"",INDEX('كشف الحساب'!$J$4:$J$203,IFERROR(MATCH(55,'كشف الحساب'!$N$4:$N$203,0),0))),"") | K59: =IFERROR(IF(IFERROR(MATCH(55,'كشف الحساب'!$N$4:$N$203,0),0)=0,"",INDEX('كشف الحساب'!$K$4:$K$203,IFERROR(MATCH(55,'كشف الحساب'!$N$4:$N$203,0),0))),"")
A60: =IFERROR(IF(IFERROR(MATCH(56,'كشف الحساب'!$N$4:$N$203,0),0)=0,"",INDEX('كشف الحساب'!$A$4:$A$203,IFERROR(MATCH(56,'كشف الحساب'!$N$4:$N$203,0),0))),"") | B60: =IFERROR(IF(IFERROR(MATCH(56,'كشف الحساب'!$N$4:$N$203,0),0)=0,"",INDEX('كشف الحساب'!$B$4:$B$203,IFERROR(MATCH(56,'كشف الحساب'!$N$4:$N$203,0),0))),"") | C60: =IFERROR(IF(IFERROR(MATCH(56,'كشف الحساب'!$N$4:$N$203,0),0)=0,"",INDEX('كشف الحساب'!$C$4:$C$203,IFERROR(MATCH(56,'كشف الحساب'!$N$4:$N$203,0),0))),"") | D60: =IFERROR(IF(IFERROR(MATCH(56,'كشف الحساب'!$N$4:$N$203,0),0)=0,"",INDEX('كشف الحساب'!$D$4:$D$203,IFERROR(MATCH(56,'كشف الحساب'!$N$4:$N$203,0),0))),"") | E60: =IFERROR(IF(IFERROR(MATCH(56,'كشف الحساب'!$N$4:$N$203,0),0)=0,"",INDEX('كشف الحساب'!$E$4:$E$203,IFERROR(MATCH(56,'كشف الحساب'!$N$4:$N$203,0),0))),"") | F60: =IFERROR(IF(IFERROR(MATCH(56,'كشف الحساب'!$N$4:$N$203,0),0)=0,"",INDEX('كشف الحساب'!$F$4:$F$203,IFERROR(MATCH(56,'كشف الحساب'!$N$4:$N$203,0),0))),"") | G60: =IFERROR(IF(IFERROR(MATCH(56,'كشف الحساب'!$N$4:$N$203,0),0)=0,"",INDEX('كشف الحساب'!$G$4:$G$203,IFERROR(MATCH(56,'كشف الحساب'!$N$4:$N$203,0),0))),"") | H60: =IFERROR(IF(IFERROR(MATCH(56,'كشف الحساب'!$N$4:$N$203,0),0)=0,"",INDEX('كشف الحساب'!$H$4:$H$203,IFERROR(MATCH(56,'كشف الحساب'!$N$4:$N$203,0),0))),"") | I60: =IFERROR(IF(IFERROR(MATCH(56,'كشف الحساب'!$N$4:$N$203,0),0)=0,"",INDEX('كشف الحساب'!$I$4:$I$203,IFERROR(MATCH(56,'كشف الحساب'!$N$4:$N$203,0),0))),"") | J60: =IFERROR(IF(IFERROR(MATCH(56,'كشف الحساب'!$N$4:$N$203,0),0)=0,"",INDEX('كشف الحساب'!$J$4:$J$203,IFERROR(MATCH(56,'كشف الحساب'!$N$4:$N$203,0),0))),"") | K60: =IFERROR(IF(IFERROR(MATCH(56,'كشف الحساب'!$N$4:$N$203,0),0)=0,"",INDEX('كشف الحساب'!$K$4:$K$203,IFERROR(MATCH(56,'كشف الحساب'!$N$4:$N$203,0),0))),"")
A61: =IFERROR(IF(IFERROR(MATCH(57,'كشف الحساب'!$N$4:$N$203,0),0)=0,"",INDEX('كشف الحساب'!$A$4:$A$203,IFERROR(MATCH(57,'كشف الحساب'!$N$4:$N$203,0),0))),"") | B61: =IFERROR(IF(IFERROR(MATCH(57,'كشف الحساب'!$N$4:$N$203,0),0)=0,"",INDEX('كشف الحساب'!$B$4:$B$203,IFERROR(MATCH(57,'كشف الحساب'!$N$4:$N$203,0),0))),"") | C61: =IFERROR(IF(IFERROR(MATCH(57,'كشف الحساب'!$N$4:$N$203,0),0)=0,"",INDEX('كشف الحساب'!$C$4:$C$203,IFERROR(MATCH(57,'كشف الحساب'!$N$4:$N$203,0),0))),"") | D61: =IFERROR(IF(IFERROR(MATCH(57,'كشف الحساب'!$N$4:$N$203,0),0)=0,"",INDEX('كشف الحساب'!$D$4:$D$203,IFERROR(MATCH(57,'كشف الحساب'!$N$4:$N$203,0),0))),"") | E61: =IFERROR(IF(IFERROR(MATCH(57,'كشف الحساب'!$N$4:$N$203,0),0)=0,"",INDEX('كشف الحساب'!$E$4:$E$203,IFERROR(MATCH(57,'كشف الحساب'!$N$4:$N$203,0),0))),"") | F61: =IFERROR(IF(IFERROR(MATCH(57,'كشف الحساب'!$N$4:$N$203,0),0)=0,"",INDEX('كشف الحساب'!$F$4:$F$203,IFERROR(MATCH(57,'كشف الحساب'!$N$4:$N$203,0),0))),"") | G61: =IFERROR(IF(IFERROR(MATCH(57,'كشف الحساب'!$N$4:$N$203,0),0)=0,"",INDEX('كشف الحساب'!$G$4:$G$203,IFERROR(MATCH(57,'كشف الحساب'!$N$4:$N$203,0),0))),"") | H61: =IFERROR(IF(IFERROR(MATCH(57,'كشف الحساب'!$N$4:$N$203,0),0)=0,"",INDEX('كشف الحساب'!$H$4:$H$203,IFERROR(MATCH(57,'كشف الحساب'!$N$4:$N$203,0),0))),"") | I61: =IFERROR(IF(IFERROR(MATCH(57,'كشف الحساب'!$N$4:$N$203,0),0)=0,"",INDEX('كشف الحساب'!$I$4:$I$203,IFERROR(MATCH(57,'كشف الحساب'!$N$4:$N$203,0),0))),"") | J61: =IFERROR(IF(IFERROR(MATCH(57,'كشف الحساب'!$N$4:$N$203,0),0)=0,"",INDEX('كشف الحساب'!$J$4:$J$203,IFERROR(MATCH(57,'كشف الحساب'!$N$4:$N$203,0),0))),"") | K61: =IFERROR(IF(IFERROR(MATCH(57,'كشف الحساب'!$N$4:$N$203,0),0)=0,"",INDEX('كشف الحساب'!$K$4:$K$203,IFERROR(MATCH(57,'كشف الحساب'!$N$4:$N$203,0),0))),"")
A62: =IFERROR(IF(IFERROR(MATCH(58,'كشف الحساب'!$N$4:$N$203,0),0)=0,"",INDEX('كشف الحساب'!$A$4:$A$203,IFERROR(MATCH(58,'كشف الحساب'!$N$4:$N$203,0),0))),"") | B62: =IFERROR(IF(IFERROR(MATCH(58,'كشف الحساب'!$N$4:$N$203,0),0)=0,"",INDEX('كشف الحساب'!$B$4:$B$203,IFERROR(MATCH(58,'كشف الحساب'!$N$4:$N$203,0),0))),"") | C62: =IFERROR(IF(IFERROR(MATCH(58,'كشف الحساب'!$N$4:$N$203,0),0)=0,"",INDEX('كشف الحساب'!$C$4:$C$203,IFERROR(MATCH(58,'كشف الحساب'!$N$4:$N$203,0),0))),"") | D62: =IFERROR(IF(IFERROR(MATCH(58,'كشف الحساب'!$N$4:$N$203,0),0)=0,"",INDEX('كشف الحساب'!$D$4:$D$203,IFERROR(MATCH(58,'كشف الحساب'!$N$4:$N$203,0),0))),"") | E62: =IFERROR(IF(IFERROR(MATCH(58,'كشف الحساب'!$N$4:$N$203,0),0)=0,"",INDEX('كشف الحساب'!$E$4:$E$203,IFERROR(MATCH(58,'كشف الحساب'!$N$4:$N$203,0),0))),"") | F62: =IFERROR(IF(IFERROR(MATCH(58,'كشف الحساب'!$N$4:$N$203,0),0)=0,"",INDEX('كشف الحساب'!$F$4:$F$203,IFERROR(MATCH(58,'كشف الحساب'!$N$4:$N$203,0),0))),"") | G62: =IFERROR(IF(IFERROR(MATCH(58,'كشف الحساب'!$N$4:$N$203,0),0)=0,"",INDEX('كشف الحساب'!$G$4:$G$203,IFERROR(MATCH(58,'كشف الحساب'!$N$4:$N$203,0),0))),"") | H62: =IFERROR(IF(IFERROR(MATCH(58,'كشف الحساب'!$N$4:$N$203,0),0)=0,"",INDEX('كشف الحساب'!$H$4:$H$203,IFERROR(MATCH(58,'كشف الحساب'!$N$4:$N$203,0),0))),"") | I62: =IFERROR(IF(IFERROR(MATCH(58,'كشف الحساب'!$N$4:$N$203,0),0)=0,"",INDEX('كشف الحساب'!$I$4:$I$203,IFERROR(MATCH(58,'كشف الحساب'!$N$4:$N$203,0),0))),"") | J62: =IFERROR(IF(IFERROR(MATCH(58,'كشف الحساب'!$N$4:$N$203,0),0)=0,"",INDEX('كشف الحساب'!$J$4:$J$203,IFERROR(MATCH(58,'كشف الحساب'!$N$4:$N$203,0),0))),"") | K62: =IFERROR(IF(IFERROR(MATCH(58,'كشف الحساب'!$N$4:$N$203,0),0)=0,"",INDEX('كشف الحساب'!$K$4:$K$203,IFERROR(MATCH(58,'كشف الحساب'!$N$4:$N$203,0),0))),"")
A63: =IFERROR(IF(IFERROR(MATCH(59,'كشف الحساب'!$N$4:$N$203,0),0)=0,"",INDEX('كشف الحساب'!$A$4:$A$203,IFERROR(MATCH(59,'كشف الحساب'!$N$4:$N$203,0),0))),"") | B63: =IFERROR(IF(IFERROR(MATCH(59,'كشف الحساب'!$N$4:$N$203,0),0)=0,"",INDEX('كشف الحساب'!$B$4:$B$203,IFERROR(MATCH(59,'كشف الحساب'!$N$4:$N$203,0),0))),"") | C63: =IFERROR(IF(IFERROR(MATCH(59,'كشف الحساب'!$N$4:$N$203,0),0)=0,"",INDEX('كشف الحساب'!$C$4:$C$203,IFERROR(MATCH(59,'كشف الحساب'!$N$4:$N$203,0),0))),"") | D63: =IFERROR(IF(IFERROR(MATCH(59,'كشف الحساب'!$N$4:$N$203,0),0)=0,"",INDEX('كشف الحساب'!$D$4:$D$203,IFERROR(MATCH(59,'كشف الحساب'!$N$4:$N$203,0),0))),"") | E63: =IFERROR(IF(IFERROR(MATCH(59,'كشف الحساب'!$N$4:$N$203,0),0)=0,"",INDEX('كشف الحساب'!$E$4:$E$203,IFERROR(MATCH(59,'كشف الحساب'!$N$4:$N$203,0),0))),"") | F63: =IFERROR(IF(IFERROR(MATCH(59,'كشف الحساب'!$N$4:$N$203,0),0)=0,"",INDEX('كشف الحساب'!$F$4:$F$203,IFERROR(MATCH(59,'كشف الحساب'!$N$4:$N$203,0),0))),"") | G63: =IFERROR(IF(IFERROR(MATCH(59,'كشف الحساب'!$N$4:$N$203,0),0)=0,"",INDEX('كشف الحساب'!$G$4:$G$203,IFERROR(MATCH(59,'كشف الحساب'!$N$4:$N$203,0),0))),"") | H63: =IFERROR(IF(IFERROR(MATCH(59,'كشف الحساب'!$N$4:$N$203,0),0)=0,"",INDEX('كشف الحساب'!$H$4:$H$203,IFERROR(MATCH(59,'كشف الحساب'!$N$4:$N$203,0),0))),"") | I63: =IFERROR(IF(IFERROR(MATCH(59,'كشف الحساب'!$N$4:$N$203,0),0)=0,"",INDEX('كشف الحساب'!$I$4:$I$203,IFERROR(MATCH(59,'كشف الحساب'!$N$4:$N$203,0),0))),"") | J63: =IFERROR(IF(IFERROR(MATCH(59,'كشف الحساب'!$N$4:$N$203,0),0)=0,"",INDEX('كشف الحساب'!$J$4:$J$203,IFERROR(MATCH(59,'كشف الحساب'!$N$4:$N$203,0),0))),"") | K63: =IFERROR(IF(IFERROR(MATCH(59,'كشف الحساب'!$N$4:$N$203,0),0)=0,"",INDEX('كشف الحساب'!$K$4:$K$203,IFERROR(MATCH(59,'كشف الحساب'!$N$4:$N$203,0),0))),"")
A64: =IFERROR(IF(IFERROR(MATCH(60,'كشف الحساب'!$N$4:$N$203,0),0)=0,"",INDEX('كشف الحساب'!$A$4:$A$203,IFERROR(MATCH(60,'كشف الحساب'!$N$4:$N$203,0),0))),"") | B64: =IFERROR(IF(IFERROR(MATCH(60,'كشف الحساب'!$N$4:$N$203,0),0)=0,"",INDEX('كشف الحساب'!$B$4:$B$203,IFERROR(MATCH(60,'كشف الحساب'!$N$4:$N$203,0),0))),"") | C64: =IFERROR(IF(IFERROR(MATCH(60,'كشف الحساب'!$N$4:$N$203,0),0)=0,"",INDEX('كشف الحساب'!$C$4:$C$203,IFERROR(MATCH(60,'كشف الحساب'!$N$4:$N$203,0),0))),"") | D64: =IFERROR(IF(IFERROR(MATCH(60,'كشف الحساب'!$N$4:$N$203,0),0)=0,"",INDEX('كشف الحساب'!$D$4:$D$203,IFERROR(MATCH(60,'كشف الحساب'!$N$4:$N$203,0),0))),"") | E64: =IFERROR(IF(IFERROR(MATCH(60,'كشف الحساب'!$N$4:$N$203,0),0)=0,"",INDEX('كشف الحساب'!$E$4:$E$203,IFERROR(MATCH(60,'كشف الحساب'!$N$4:$N$203,0),0))),"") | F64: =IFERROR(IF(IFERROR(MATCH(60,'كشف الحساب'!$N$4:$N$203,0),0)=0,"",INDEX('كشف الحساب'!$F$4:$F$203,IFERROR(MATCH(60,'كشف الحساب'!$N$4:$N$203,0),0))),"") | G64: =IFERROR(IF(IFERROR(MATCH(60,'كشف الحساب'!$N$4:$N$203,0),0)=0,"",INDEX('كشف الحساب'!$G$4:$G$203,IFERROR(MATCH(60,'كشف الحساب'!$N$4:$N$203,0),0))),"") | H64: =IFERROR(IF(IFERROR(MATCH(60,'كشف الحساب'!$N$4:$N$203,0),0)=0,"",INDEX('كشف الحساب'!$H$4:$H$203,IFERROR(MATCH(60,'كشف الحساب'!$N$4:$N$203,0),0))),"") | I64: =IFERROR(IF(IFERROR(MATCH(60,'كشف الحساب'!$N$4:$N$203,0),0)=0,"",INDEX('كشف الحساب'!$I$4:$I$203,IFERROR(MATCH(60,'كشف الحساب'!$N$4:$N$203,0),0))),"") | J64: =IFERROR(IF(IFERROR(MATCH(60,'كشف الحساب'!$N$4:$N$203,0),0)=0,"",INDEX('كشف الحساب'!$J$4:$J$203,IFERROR(MATCH(60,'كشف الحساب'!$N$4:$N$203,0),0))),"") | K64: =IFERROR(IF(IFERROR(MATCH(60,'كشف الحساب'!$N$4:$N$203,0),0)=0,"",INDEX('كشف الحساب'!$K$4:$K$203,IFERROR(MATCH(60,'كشف الحساب'!$N$4:$N$203,0),0))),"")
A65: =IFERROR(IF(IFERROR(MATCH(61,'كشف الحساب'!$N$4:$N$203,0),0)=0,"",INDEX('كشف الحساب'!$A$4:$A$203,IFERROR(MATCH(61,'كشف الحساب'!$N$4:$N$203,0),0))),"") | B65: =IFERROR(IF(IFERROR(MATCH(61,'كشف الحساب'!$N$4:$N$203,0),0)=0,"",INDEX('كشف الحساب'!$B$4:$B$203,IFERROR(MATCH(61,'كشف الحساب'!$N$4:$N$203,0),0))),"") | C65: =IFERROR(IF(IFERROR(MATCH(61,'كشف الحساب'!$N$4:$N$203,0),0)=0,"",INDEX('كشف الحساب'!$C$4:$C$203,IFERROR(MATCH(61,'كشف الحساب'!$N$4:$N$203,0),0))),"") | D65: =IFERROR(IF(IFERROR(MATCH(61,'كشف الحساب'!$N$4:$N$203,0),0)=0,"",INDEX('كشف الحساب'!$D$4:$D$203,IFERROR(MATCH(61,'كشف الحساب'!$N$4:$N$203,0),0))),"") | E65: =IFERROR(IF(IFERROR(MATCH(61,'كشف الحساب'!$N$4:$N$203,0),0)=0,"",INDEX('كشف الحساب'!$E$4:$E$203,IFERROR(MATCH(61,'كشف الحساب'!$N$4:$N$203,0),0))),"") | F65: =IFERROR(IF(IFERROR(MATCH(61,'كشف الحساب'!$N$4:$N$203,0),0)=0,"",INDEX('كشف الحساب'!$F$4:$F$203,IFERROR(MATCH(61,'كشف الحساب'!$N$4:$N$203,0),0))),"") | G65: =IFERROR(IF(IFERROR(MATCH(61,'كشف الحساب'!$N$4:$N$203,0),0)=0,"",INDEX('كشف الحساب'!$G$4:$G$203,IFERROR(MATCH(61,'كشف الحساب'!$N$4:$N$203,0),0))),"") | H65: =IFERROR(IF(IFERROR(MATCH(61,'كشف الحساب'!$N$4:$N$203,0),0)=0,"",INDEX('كشف الحساب'!$H$4:$H$203,IFERROR(MATCH(61,'كشف الحساب'!$N$4:$N$203,0),0))),"") | I65: =IFERROR(IF(IFERROR(MATCH(61,'كشف الحساب'!$N$4:$N$203,0),0)=0,"",INDEX('كشف الحساب'!$I$4:$I$203,IFERROR(MATCH(61,'كشف الحساب'!$N$4:$N$203,0),0))),"") | J65: =IFERROR(IF(IFERROR(MATCH(61,'كشف الحساب'!$N$4:$N$203,0),0)=0,"",INDEX('كشف الحساب'!$J$4:$J$203,IFERROR(MATCH(61,'كشف الحساب'!$N$4:$N$203,0),0))),"") | K65: =IFERROR(IF(IFERROR(MATCH(61,'كشف الحساب'!$N$4:$N$203,0),0)=0,"",INDEX('كشف الحساب'!$K$4:$K$203,IFERROR(MATCH(61,'كشف الحساب'!$N$4:$N$203,0),0))),"")
A66: =IFERROR(IF(IFERROR(MATCH(62,'كشف الحساب'!$N$4:$N$203,0),0)=0,"",INDEX('كشف الحساب'!$A$4:$A$203,IFERROR(MATCH(62,'كشف الحساب'!$N$4:$N$203,0),0))),"") | B66: =IFERROR(IF(IFERROR(MATCH(62,'كشف الحساب'!$N$4:$N$203,0),0)=0,"",INDEX('كشف الحساب'!$B$4:$B$203,IFERROR(MATCH(62,'كشف الحساب'!$N$4:$N$203,0),0))),"") | C66: =IFERROR(IF(IFERROR(MATCH(62,'كشف الحساب'!$N$4:$N$203,0),0)=0,"",INDEX('كشف الحساب'!$C$4:$C$203,IFERROR(MATCH(62,'كشف الحساب'!$N$4:$N$203,0),0))),"") | D66: =IFERROR(IF(IFERROR(MATCH(62,'كشف الحساب'!$N$4:$N$203,0),0)=0,"",INDEX('كشف الحساب'!$D$4:$D$203,IFERROR(MATCH(62,'كشف الحساب'!$N$4:$N$203,0),0))),"") | E66: =IFERROR(IF(IFERROR(MATCH(62,'كشف الحساب'!$N$4:$N$203,0),0)=0,"",INDEX('كشف الحساب'!$E$4:$E$203,IFERROR(MATCH(62,'كشف الحساب'!$N$4:$N$203,0),0))),"") | F66: =IFERROR(IF(IFERROR(MATCH(62,'كشف الحساب'!$N$4:$N$203,0),0)=0,"",INDEX('كشف الحساب'!$F$4:$F$203,IFERROR(MATCH(62,'كشف الحساب'!$N$4:$N$203,0),0))),"") | G66: =IFERROR(IF(IFERROR(MATCH(62,'كشف الحساب'!$N$4:$N$203,0),0)=0,"",INDEX('كشف الحساب'!$G$4:$G$203,IFERROR(MATCH(62,'كشف الحساب'!$N$4:$N$203,0),0))),"") | H66: =IFERROR(IF(IFERROR(MATCH(62,'كشف الحساب'!$N$4:$N$203,0),0)=0,"",INDEX('كشف الحساب'!$H$4:$H$203,IFERROR(MATCH(62,'كشف الحساب'!$N$4:$N$203,0),0))),"") | I66: =IFERROR(IF(IFERROR(MATCH(62,'كشف الحساب'!$N$4:$N$203,0),0)=0,"",INDEX('كشف الحساب'!$I$4:$I$203,IFERROR(MATCH(62,'كشف الحساب'!$N$4:$N$203,0),0))),"") | J66: =IFERROR(IF(IFERROR(MATCH(62,'كشف الحساب'!$N$4:$N$203,0),0)=0,"",INDEX('كشف الحساب'!$J$4:$J$203,IFERROR(MATCH(62,'كشف الحساب'!$N$4:$N$203,0),0))),"") | K66: =IFERROR(IF(IFERROR(MATCH(62,'كشف الحساب'!$N$4:$N$203,0),0)=0,"",INDEX('كشف الحساب'!$K$4:$K$203,IFERROR(MATCH(62,'كشف الحساب'!$N$4:$N$203,0),0))),"")
A67: =IFERROR(IF(IFERROR(MATCH(63,'كشف الحساب'!$N$4:$N$203,0),0)=0,"",INDEX('كشف الحساب'!$A$4:$A$203,IFERROR(MATCH(63,'كشف الحساب'!$N$4:$N$203,0),0))),"") | B67: =IFERROR(IF(IFERROR(MATCH(63,'كشف الحساب'!$N$4:$N$203,0),0)=0,"",INDEX('كشف الحساب'!$B$4:$B$203,IFERROR(MATCH(63,'كشف الحساب'!$N$4:$N$203,0),0))),"") | C67: =IFERROR(IF(IFERROR(MATCH(63,'كشف الحساب'!$N$4:$N$203,0),0)=0,"",INDEX('كشف الحساب'!$C$4:$C$203,IFERROR(MATCH(63,'كشف الحساب'!$N$4:$N$203,0),0))),"") | D67: =IFERROR(IF(IFERROR(MATCH(63,'كشف الحساب'!$N$4:$N$203,0),0)=0,"",INDEX('كشف الحساب'!$D$4:$D$203,IFERROR(MATCH(63,'كشف الحساب'!$N$4:$N$203,0),0))),"") | E67: =IFERROR(IF(IFERROR(MATCH(63,'كشف الحساب'!$N$4:$N$203,0),0)=0,"",INDEX('كشف الحساب'!$E$4:$E$203,IFERROR(MATCH(63,'كشف الحساب'!$N$4:$N$203,0),0))),"") | F67: =IFERROR(IF(IFERROR(MATCH(63,'كشف الحساب'!$N$4:$N$203,0),0)=0,"",INDEX('كشف الحساب'!$F$4:$F$203,IFERROR(MATCH(63,'كشف الحساب'!$N$4:$N$203,0),0))),"") | G67: =IFERROR(IF(IFERROR(MATCH(63,'كشف الحساب'!$N$4:$N$203,0),0)=0,"",INDEX('كشف الحساب'!$G$4:$G$203,IFERROR(MATCH(63,'كشف الحساب'!$N$4:$N$203,0),0))),"") | H67: =IFERROR(IF(IFERROR(MATCH(63,'كشف الحساب'!$N$4:$N$203,0),0)=0,"",INDEX('كشف الحساب'!$H$4:$H$203,IFERROR(MATCH(63,'كشف الحساب'!$N$4:$N$203,0),0))),"") | I67: =IFERROR(IF(IFERROR(MATCH(63,'كشف الحساب'!$N$4:$N$203,0),0)=0,"",INDEX('كشف الحساب'!$I$4:$I$203,IFERROR(MATCH(63,'كشف الحساب'!$N$4:$N$203,0),0))),"") | J67: =IFERROR(IF(IFERROR(MATCH(63,'كشف الحساب'!$N$4:$N$203,0),0)=0,"",INDEX('كشف الحساب'!$J$4:$J$203,IFERROR(MATCH(63,'كشف الحساب'!$N$4:$N$203,0),0))),"") | K67: =IFERROR(IF(IFERROR(MATCH(63,'كشف الحساب'!$N$4:$N$203,0),0)=0,"",INDEX('كشف الحساب'!$K$4:$K$203,IFERROR(MATCH(63,'كشف الحساب'!$N$4:$N$203,0),0))),"")
