Workbook

Sheet المحفظة
A1: 💰 محفظة مزرعة هادي إسحاق
A2: رصيد المحفظة الحالي | F2: =F206 -> 921.795
A4: 📋 جدول حركات المحفظة (دخل وصرف)
A5: التاريخ | B5: المرجع | C5: البيان / الوصف | D5: دخل (KD) | E5: صرف (KD) | F5: رصيد (KD)
A6: =IFERROR(INDEX('كشف الحساب'!$A$4:$A$354,MATCH(1,'كشف الحساب'!$P$4:$P$354,0)),"") -> 46121 | B6: =IFERROR(INDEX('كشف الحساب'!$B$4:$B$354,MATCH(1,'كشف الحساب'!$P$4:$P$354,0)),"") -> Inv-001 | C6: =IFERROR(INDEX('كشف الحساب'!$C$4:$C$354,MATCH(1,'كشف الحساب'!$P$4:$P$354,0)),"") -> بيع عدد١ اناناس | D6: =IFERROR(INDEX('كشف الحساب'!$E$4:$E$354,MATCH(1,'كشف الحساب'!$P$4:$P$354,0)),"") -> 5 | E6: =IFERROR(INDEX('كشف الحساب'!$D$4:$D$354,MATCH(1,'كشف الحساب'!$P$4:$P$354,0)),"") -> 0 | F6: =IF($A6="","",0+IF($D6="",0,$D6)-IF($E6="",0,$E6)) -> 5
A7: =IFERROR(INDEX('كشف الحساب'!$A$4:$A$354,MATCH(2,'كشف الحساب'!$P$4:$P$354,0)),"") -> 46134 | B7: =IFERROR(INDEX('كشف الحساب'!$B$4:$B$354,MATCH(2,'كشف الحساب'!$P$4:$P$354,0)),"") -> 8127 | C7: =IFERROR(INDEX('كشف الحساب'!$C$4:$C$354,MATCH(2,'كشف الحساب'!$P$4:$P$354,0)),"") -> تاير لعربة الرش | D7: =IFERROR(INDEX('كشف الحساب'!$E$4:$E$354,MATCH(2,'كشف الحساب'!$P$4:$P$354,0)),"") -> 0 | E7: =IFERROR(INDEX('كشف الحساب'!$D$4:$D$354,MATCH(2,'كشف الحساب'!$P$4:$P$354,0)),"") -> 3 | F7: =IF($A7="","",IF($F6="",0,$F6)+IF($D7="",0,$D7)-IF($E7="",0,$E7)) -> 2
A8: =IFERROR(INDEX('كشف الحساب'!$A$4:$A$354,MATCH(3,'كشف الحساب'!$P$4:$P$354,0)),"") -> 46142 | B8: =IFERROR(INDEX('كشف الحساب'!$B$4:$B$354,MATCH(3,'كشف الحساب'!$P$4:$P$354,0)),"") -> 0 | C8: =IFERROR(INDEX('كشف الحساب'!$C$4:$C$354,MATCH(3,'كشف الحساب'!$P$4:$P$354,0)),"") -> مدخول شهر ابريل | D8: =IFERROR(INDEX('كشف الحساب'!$E$4:$E$354,MATCH(3,'كشف الحساب'!$P$4:$P$354,0)),"") -> 40.5 | E8: =IFERROR(INDEX('كشف الحساب'!$D$4:$D$354,MATCH(3,'كشف الحساب'!$P$4:$P$354,0)),"") -> 0 | F8: =IF($A8="","",IF($F7="",0,$F7)+IF($D8="",0,$D8)-IF($E8="",0,$E8)) -> 42.5
A9: =IFERROR(INDEX('كشف الحساب'!$A$4:$A$354,MATCH(4,'كشف الحساب'!$P$4:$P$354,0)),"") -> 46151 | B9: =IFERROR(INDEX('كشف الحساب'!$B$4:$B$354,MATCH(4,'كشف الحساب'!$P$4:$P$354,0)),"") -> Inv-013 | C9: =IFERROR(INDEX('كشف الحساب'!$C$4:$C$354,MATCH(4,'كشف الحساب'!$P$4:$P$354,0)),"") -> فل عدد 21 سعر الحبه .0.750 | D9: =IFERROR(INDEX('كشف الحساب'!$E$4:$E$354,MATCH(4,'كشف الحساب'!$P$4:$P$354,0)),"") -> 15.75 | E9: =IFERROR(INDEX('كشف الحساب'!$D$4:$D$354,MATCH(4,'كشف الحساب'!$P$4:$P$354,0)),"") -> 0 | F9: =IF($A9="","",IF($F8="",0,$F8)+IF($D9="",0,$D9)-IF($E9="",0,$E9)) -> 58.25
A10: =IFERROR(INDEX('كشف الحساب'!$A$4:$A$354,MATCH(5,'كشف الحساب'!$P$4:$P$354,0)),"") -> 46151 | B10: =IFERROR(INDEX('كشف الحساب'!$B$4:$B$354,MATCH(5,'كشف الحساب'!$P$4:$P$354,0)),"") -> Inv-013A | C10: =IFERROR(INDEX('كشف الحساب'!$C$4:$C$354,MATCH(5,'كشف الحساب'!$P$4:$P$354,0)),"") -> برازيليا عدد 25 سعر الحبه .500 | D10: =IFERROR(INDEX('كشف الحساب'!$E$4:$E$354,MATCH(5,'كشف الحساب'!$P$4:$P$354,0)),"") -> 12.5 | E10: =IFERROR(INDEX('كشف الحساب'!$D$4:$D$354,MATCH(5,'كشف الحساب'!$P$4:$P$354,0)),"") -> 0 | F10: =IF($A10="","",IF($F9="",0,$F9)+IF($D10="",0,$D10)-IF($E10="",0,$E10)) -> 70.75
A11: =IFERROR(INDEX('كشف الحساب'!$A$4:$A$354,MATCH(6,'كشف الحساب'!$P$4:$P$354,0)),"") -> 46152 | B11: =IFERROR(INDEX('كشف الحساب'!$B$4:$B$354,MATCH(6,'كشف الحساب'!$P$4:$P$354,0)),"") -> Inv-016 | C11: =IFERROR(INDEX('كشف الحساب'!$C$4:$C$354,MATCH(6,'كشف الحساب'!$P$4:$P$354,0)),"") -> ودليه عدد 3 الحبه 0.750 | D11: =IFERROR(INDEX('كشف الحساب'!$E$4:$E$354,MATCH(6,'كشف الحساب'!$P$4:$P$354,0)),"") -> 2.25 | E11: =IFERROR(INDEX('كشف الحساب'!$D$4:$D$354,MATCH(6,'كشف الحساب'!$P$4:$P$354,0)),"") -> 0 | F11: =IF($A11="","",IF($F10="",0,$F10)+IF($D11="",0,$D11)-IF($E11="",0,$E11)) -> 73
A12: =IFERROR(INDEX('كشف الحساب'!$A$4:$A$354,MATCH(7,'كشف الحساب'!$P$4:$P$354,0)),"") -> 46155 | B12: =IFERROR(INDEX('كشف الحساب'!$B$4:$B$354,MATCH(7,'كشف الحساب'!$P$4:$P$354,0)),"") -> Inv-017 | C12: =IFERROR(INDEX('كشف الحساب'!$C$4:$C$354,MATCH(7,'كشف الحساب'!$P$4:$P$354,0)),"") -> فل عدد 10 الحبه 0.750 | D12: =IFERROR(INDEX('كشف الحساب'!$E$4:$E$354,MATCH(7,'كشف الحساب'!$P$4:$P$354,0)),"") -> 7.5 | E12: =IFERROR(INDEX('كشف الحساب'!$D$4:$D$354,MATCH(7,'كشف الحساب'!$P$4:$P$354,0)),"") -> 0 | F12: =IF($A12="","",IF($F11="",0,$F11)+IF($D12="",0,$D12)-IF($E12="",0,$E12)) -> 80.5
A13: =IFERROR(INDEX('كشف الحساب'!$A$4:$A$354,MATCH(8,'كشف الحساب'!$P$4:$P$354,0)),"") -> 46156 | B13: =IFERROR(INDEX('كشف الحساب'!$B$4:$B$354,MATCH(8,'كشف الحساب'!$P$4:$P$354,0)),"") -> Inv-18A | C13: =IFERROR(INDEX('كشف الحساب'!$C$4:$C$354,MATCH(8,'كشف الحساب'!$P$4:$P$354,0)),"") -> ربل 4 حبات الحبه 1.500 | D13: =IFERROR(INDEX('كشف الحساب'!$E$4:$E$354,MATCH(8,'كشف الحساب'!$P$4:$P$354,0)),"") -> 6 | E13: =IFERROR(INDEX('كشف الحساب'!$D$4:$D$354,MATCH(8,'كشف الحساب'!$P$4:$P$354,0)),"") -> 0 | F13: =IF($A13="","",IF($F12="",0,$F12)+IF($D13="",0,$D13)-IF($E13="",0,$E13)) -> 86.5
A14: =IFERROR(INDEX('كشف الحساب'!$A$4:$A$354,MATCH(9,'كشف الحساب'!$P$4:$P$354,0)),"") -> 46156 | B14: =IFERROR(INDEX('كشف الحساب'!$B$4:$B$354,MATCH(9,'كشف الحساب'!$P$4:$P$354,0)),"") -> Inv-18 | C14: =IFERROR(INDEX('كشف الحساب'!$C$4:$C$354,MATCH(9,'كشف الحساب'!$P$4:$P$354,0)),"") -> ودليه 8 حبات الحبه 1 | D14: =IFERROR(INDEX('كشف الحساب'!$E$4:$E$354,MATCH(9,'كشف الحساب'!$P$4:$P$354,0)),"") -> 8 | E14: =IFERROR(INDEX('كشف الحساب'!$D$4:$D$354,MATCH(9,'كشف الحساب'!$P$4:$P$354,0)),"") -> 0 | F14: =IF($A14="","",IF($F13="",0,$F13)+IF($D14="",0,$D14)-IF($E14="",0,$E14)) -> 94.5
A15: =IFERROR(INDEX('كشف الحساب'!$A$4:$A$354,MATCH(10,'كشف الحساب'!$P$4:$P$354,0)),"") -> 46158 | B15: =IFERROR(INDEX('كشف الحساب'!$B$4:$B$354,MATCH(10,'كشف الحساب'!$P$4:$P$354,0)),"") -> Inv-19 | C15: =IFERROR(INDEX('كشف الحساب'!$C$4:$C$354,MATCH(10,'كشف الحساب'!$P$4:$P$354,0)),"") -> فل عدد 2 الحبه 0.750 | D15: =IFERROR(INDEX('كشف الحساب'!$E$4:$E$354,MATCH(10,'كشف الحساب'!$P$4:$P$354,0)),"") -> 1.5 | E15: =IFERROR(INDEX('كشف الحساب'!$D$4:$D$354,MATCH(10,'كشف الحساب'!$P$4:$P$354,0)),"") -> 0 | F15: =IF($A15="","",IF($F14="",0,$F14)+IF($D15="",0,$D15)-IF($E15="",0,$E15)) -> 96
A16: =IFERROR(INDEX('كشف الحساب'!$A$4:$A$354,MATCH(11,'كشف الحساب'!$P$4:$P$354,0)),"") -> 46158 | B16: =IFERROR(INDEX('كشف الحساب'!$B$4:$B$354,MATCH(11,'كشف الحساب'!$P$4:$P$354,0)),"") -> Inv-20 | C16: =IFERROR(INDEX('كشف الحساب'!$C$4:$C$354,MATCH(11,'كشف الحساب'!$P$4:$P$354,0)),"") -> صبار اوليفيرا عدد 3 الحبه 0.750 | D16: =IFERROR(INDEX('كشف الحساب'!$E$4:$E$354,MATCH(11,'كشف الحساب'!$P$4:$P$354,0)),"") -> 2.25 | E16: =IFERROR(INDEX('كشف الحساب'!$D$4:$D$354,MATCH(11,'كشف الحساب'!$P$4:$P$354,0)),"") -> 0 | F16: =IF($A16="","",IF($F15="",0,$F15)+IF($D16="",0,$D16)-IF($E16="",0,$E16)) -> 98.25
A17: =IFERROR(INDEX('كشف الحساب'!$A$4:$A$354,MATCH(12,'كشف الحساب'!$P$4:$P$354,0)),"") -> 46158 | B17: =IFERROR(INDEX('كشف الحساب'!$B$4:$B$354,MATCH(12,'كشف الحساب'!$P$4:$P$354,0)),"") -> Inv-21 | C17: =IFERROR(INDEX('كشف الحساب'!$C$4:$C$354,MATCH(12,'كشف الحساب'!$P$4:$P$354,0)),"") -> دارسينا عدد 1 الحبه 2.500 | D17: =IFERROR(INDEX('كشف الحساب'!$E$4:$E$354,MATCH(12,'كشف الحساب'!$P$4:$P$354,0)),"") -> 2.5 | E17: =IFERROR(INDEX('كشف الحساب'!$D$4:$D$354,MATCH(12,'كشف الحساب'!$P$4:$P$354,0)),"") -> 0 | F17: =IF($A17="","",IF($F16="",0,$F16)+IF($D17="",0,$D17)-IF($E17="",0,$E17)) -> 100.75
A18: =IFERROR(INDEX('كشف الحساب'!$A$4:$A$354,MATCH(13,'كشف الحساب'!$P$4:$P$354,0)),"") -> 46159 | B18: =IFERROR(INDEX('كشف الحساب'!$B$4:$B$354,MATCH(13,'كشف الحساب'!$P$4:$P$354,0)),"") -> Inv-22 | C18: =IFERROR(INDEX('كشف الحساب'!$C$4:$C$354,MATCH(13,'كشف الحساب'!$P$4:$P$354,0)),"") -> فل عدد 30 الحبه 0.750 | D18: =IFERROR(INDEX('كشف الحساب'!$E$4:$E$354,MATCH(13,'كشف الحساب'!$P$4:$P$354,0)),"") -> 22.5 | E18: =IFERROR(INDEX('كشف الحساب'!$D$4:$D$354,MATCH(13,'كشف الحساب'!$P$4:$P$354,0)),"") -> 0 | F18: =IF($A18="","",IF($F17="",0,$F17)+IF($D18="",0,$D18)-IF($E18="",0,$E18)) -> 123.25
A19: =IFERROR(INDEX('كشف الحساب'!$A$4:$A$354,MATCH(14,'كشف الحساب'!$P$4:$P$354,0)),"") -> 46159 | B19: =IFERROR(INDEX('كشف الحساب'!$B$4:$B$354,MATCH(14,'كشف الحساب'!$P$4:$P$354,0)),"") -> Inv-23 | C19: =IFERROR(INDEX('كشف الحساب'!$C$4:$C$354,MATCH(14,'كشف الحساب'!$P$4:$P$354,0)),"") -> برازيليا عدد 16 الحبه 0.500 | D19: =IFERROR(INDEX('كشف الحساب'!$E$4:$E$354,MATCH(14,'كشف الحساب'!$P$4:$P$354,0)),"") -> 8 | E19: =IFERROR(INDEX('كشف الحساب'!$D$4:$D$354,MATCH(14,'كشف الحساب'!$P$4:$P$354,0)),"") -> 0 | F19: =IF($A19="","",IF($F18="",0,$F18)+IF($D19="",0,$D19)-IF($E19="",0,$E19)) -> 131.25
A20: =IFERROR(INDEX('كشف الحساب'!$A$4:$A$354,MATCH(15,'كشف الحساب'!$P$4:$P$354,0)),"") -> 46160 | B20: =IFERROR(INDEX('كشف الحساب'!$B$4:$B$354,MATCH(15,'كشف الحساب'!$P$4:$P$354,0)),"") -> Inv-24 | C20: =IFERROR(INDEX('كشف الحساب'!$C$4:$C$354,MATCH(15,'كشف الحساب'!$P$4:$P$354,0)),"") -> فل عدد10 الحبه 0.750 | D20: =IFERROR(INDEX('كشف الحساب'!$E$4:$E$354,MATCH(15,'كشف الحساب'!$P$4:$P$354,0)),"") -> 7.5 | E20: =IFERROR(INDEX('كشف الحساب'!$D$4:$D$354,MATCH(15,'كشف الحساب'!$P$4:$P$354,0)),"") -> 0 | F20: =IF($A20="","",IF($F19="",0,$F19)+IF($D20="",0,$D20)-IF($E20="",0,$E20)) -> 138.75
A21: =IFERROR(INDEX('كشف الحساب'!$A$4:$A$354,MATCH(16,'كشف الحساب'!$P$4:$P$354,0)),"") -> 46160 | B21: =IFERROR(INDEX('كشف الحساب'!$B$4:$B$354,MATCH(16,'كشف الحساب'!$P$4:$P$354,0)),"") -> Inv-25 | C21: =IFERROR(INDEX('كشف الحساب'!$C$4:$C$354,MATCH(16,'كشف الحساب'!$P$4:$P$354,0)),"") -> دارسيناحمراء عدد 1 | D21: =IFERROR(INDEX('كشف الحساب'!$E$4:$E$354,MATCH(16,'كشف الحساب'!$P$4:$P$354,0)),"") -> 5 | E21: =IFERROR(INDEX('كشف الحساب'!$D$4:$D$354,MATCH(16,'كشف الحساب'!$P$4:$P$354,0)),"") -> 0 | F21: =IF($A21="","",IF($F20="",0,$F20)+IF($D21="",0,$D21)-IF($E21="",0,$E21)) -> 143.75
A22: =IFERROR(INDEX('كشف الحساب'!$A$4:$A$354,MATCH(17,'كشف الحساب'!$P$4:$P$354,0)),"") -> 46160 | B22: =IFERROR(INDEX('كشف الحساب'!$B$4:$B$354,MATCH(17,'كشف الحساب'!$P$4:$P$354,0)),"") -> Inv-26 | C22: =IFERROR(INDEX('كشف الحساب'!$C$4:$C$354,MATCH(17,'كشف الحساب'!$P$4:$P$354,0)),"") -> دارسينا خضراء عدد 2 الحبه 1.500 | D22: =IFERROR(INDEX('كشف الحساب'!$E$4:$E$354,MATCH(17,'كشف الحساب'!$P$4:$P$354,0)),"") -> 3 | E22: =IFERROR(INDEX('كشف الحساب'!$D$4:$D$354,MATCH(17,'كشف الحساب'!$P$4:$P$354,0)),"") -> 0 | F22: =IF($A22="","",IF($F21="",0,$F21)+IF($D22="",0,$D22)-IF($E22="",0,$E22)) -> 146.75
A23: =IFERROR(INDEX('كشف الحساب'!$A$4:$A$354,MATCH(18,'كشف الحساب'!$P$4:$P$354,0)),"") -> 46160 | B23: =IFERROR(INDEX('كشف الحساب'!$B$4:$B$354,MATCH(18,'كشف الحساب'!$P$4:$P$354,0)),"") -> Inv-27 | C23: =IFERROR(INDEX('كشف الحساب'!$C$4:$C$354,MATCH(18,'كشف الحساب'!$P$4:$P$354,0)),"") -> ربل عدد 2 الحبه 1.500 | D23: =IFERROR(INDEX('كشف الحساب'!$E$4:$E$354,MATCH(18,'كشف الحساب'!$P$4:$P$354,0)),"") -> 3 | E23: =IFERROR(INDEX('كشف الحساب'!$D$4:$D$354,MATCH(18,'كشف الحساب'!$P$4:$P$354,0)),"") -> 0 | F23: =IF($A23="","",IF($F22="",0,$F22)+IF($D23="",0,$D23)-IF($E23="",0,$E23)) -> 149.75
A24: =IFERROR(INDEX('كشف الحساب'!$A$4:$A$354,MATCH(19,'كشف الحساب'!$P$4:$P$354,0)),"") -> 46160 | B24: =IFERROR(INDEX('كشف الحساب'!$B$4:$B$354,MATCH(19,'كشف الحساب'!$P$4:$P$354,0)),"") -> Inv-28 | C24: =IFERROR(INDEX('كشف الحساب'!$C$4:$C$354,MATCH(19,'كشف الحساب'!$P$4:$P$354,0)),"") -> دارسينا حمراء عدد2 الحبه 2.500 | D24: =IFERROR(INDEX('كشف الحساب'!$E$4:$E$354,MATCH(19,'كشف الحساب'!$P$4:$P$354,0)),"") -> 5 | E24: =IFERROR(INDEX('كشف الحساب'!$D$4:$D$354,MATCH(19,'كشف الحساب'!$P$4:$P$354,0)),"") -> 0 | F24: =IF($A24="","",IF($F23="",0,$F23)+IF($D24="",0,$D24)-IF($E24="",0,$E24)) -> 154.75
A25: =IFERROR(INDEX('كشف الحساب'!$A$4:$A$354,MATCH(20,'كشف الحساب'!$P$4:$P$354,0)),"") -> 46160 | B25: =IFERROR(INDEX('كشف الحساب'!$B$4:$B$354,MATCH(20,'كشف الحساب'!$P$4:$P$354,0)),"") -> Inv-29 | C25: =IFERROR(INDEX('كشف الحساب'!$C$4:$C$354,MATCH(20,'كشف الحساب'!$P$4:$P$354,0)),"") -> برازيليا عدد 10 الحبه 0.500 | D25: =IFERROR(INDEX('كشف الحساب'!$E$4:$E$354,MATCH(20,'كشف الحساب'!$P$4:$P$354,0)),"") -> 5 | E25: =IFERROR(INDEX('كشف الحساب'!$D$4:$D$354,MATCH(20,'كشف الحساب'!$P$4:$P$354,0)),"") -> 0 | F25: =IF($A25="","",IF($F24="",0,$F24)+IF($D25="",0,$D25)-IF($E25="",0,$E25)) -> 159.75
A26: =IFERROR(INDEX('كشف الحساب'!$A$4:$A$354,MATCH(21,'كشف الحساب'!$P$4:$P$354,0)),"") -> 46160 | B26: =IFERROR(INDEX('كشف الحساب'!$B$4:$B$354,MATCH(21,'كشف الحساب'!$P$4:$P$354,0)),"") -> 85164 | C26: =IFERROR(INDEX('كشف الحساب'!$C$4:$C$354,MATCH(21,'كشف الحساب'!$P$4:$P$354,0)),"") -> مبيد اسيتبلان عدد 1 | D26: =IFERROR(INDEX('كشف الحساب'!$E$4:$E$354,MATCH(21,'كشف الحساب'!$P$4:$P$354,0)),"") -> 0 | E26: =IFERROR(INDEX('كشف الحساب'!$D$4:$D$354,MATCH(21,'كشف الحساب'!$P$4:$P$354,0)),"") -> 9 | F26: =IF($A26="","",IF($F25="",0,$F25)+IF($D26="",0,$D26)-IF($E26="",0,$E26)) -> 150.75
A27: =IFERROR(INDEX('كشف الحساب'!$A$4:$A$354,MATCH(22,'كشف الحساب'!$P$4:$P$354,0)),"") -> 46161 | B27: =IFERROR(INDEX('كشف الحساب'!$B$4:$B$354,MATCH(22,'كشف الحساب'!$P$4:$P$354,0)),"") -> Inv-30 | C27: =IFERROR(INDEX('كشف الحساب'!$C$4:$C$354,MATCH(22,'كشف الحساب'!$P$4:$P$354,0)),"") -> فل عدد 30 الحبه 0.750 | D27: =IFERROR(INDEX('كشف الحساب'!$E$4:$E$354,MATCH(22,'كشف الحساب'!$P$4:$P$354,0)),"") -> 22.5 | E27: =IFERROR(INDEX('كشف الحساب'!$D$4:$D$354,MATCH(22,'كشف الحساب'!$P$4:$P$354,0)),"") -> 0 | F27: =IF($A27="","",IF($F26="",0,$F26)+IF($D27="",0,$D27)-IF($E27="",0,$E27)) -> 173.25
A28: =IFERROR(INDEX('كشف الحساب'!$A$4:$A$354,MATCH(23,'كشف الحساب'!$P$4:$P$354,0)),"") -> 46162 | B28: =IFERROR(INDEX('كشف الحساب'!$B$4:$B$354,MATCH(23,'كشف الحساب'!$P$4:$P$354,0)),"") -> Inv-31 | C28: =IFERROR(INDEX('كشف الحساب'!$C$4:$C$354,MATCH(23,'كشف الحساب'!$P$4:$P$354,0)),"") -> فل عدد30 الحبه 0.750 | D28: =IFERROR(INDEX('كشف الحساب'!$E$4:$E$354,MATCH(23,'كشف الحساب'!$P$4:$P$354,0)),"") -> 22.5 | E28: =IFERROR(INDEX('كشف الحساب'!$D$4:$D$354,MATCH(23,'كشف الحساب'!$P$4:$P$354,0)),"") -> 0 | F28: =IF($A28="","",IF($F27="",0,$F27)+IF($D28="",0,$D28)-IF($E28="",0,$E28)) -> 195.75
A29: =IFERROR(INDEX('كشف الحساب'!$A$4:$A$354,MATCH(24,'كشف الحساب'!$P$4:$P$354,0)),"") -> 46162 | B29: =IFERROR(INDEX('كشف الحساب'!$B$4:$B$354,MATCH(24,'كشف الحساب'!$P$4:$P$354,0)),"") -> Inv-32 | C29: =IFERROR(INDEX('كشف الحساب'!$C$4:$C$354,MATCH(24,'كشف الحساب'!$P$4:$P$354,0)),"") -> برازيليا عدد 50 الحبه0.500 | D29: =IFERROR(INDEX('كشف الحساب'!$E$4:$E$354,MATCH(24,'كشف الحساب'!$P$4:$P$354,0)),"") -> 25 | E29: =IFERROR(INDEX('كشف الحساب'!$D$4:$D$354,MATCH(24,'كشف الحساب'!$P$4:$P$354,0)),"") -> 0 | F29: =IF($A29="","",IF($F28="",0,$F28)+IF($D29="",0,$D29)-IF($E29="",0,$E29)) -> 220.75
A30: =IFERROR(INDEX('كشف الحساب'!$A$4:$A$354,MATCH(25,'كشف الحساب'!$P$4:$P$354,0)),"") -> 46163 | B30: =IFERROR(INDEX('كشف الحساب'!$B$4:$B$354,MATCH(25,'كشف الحساب'!$P$4:$P$354,0)),"") -> Inv-33 | C30: =IFERROR(INDEX('كشف الحساب'!$C$4:$C$354,MATCH(25,'كشف الحساب'!$P$4:$P$354,0)),"") -> برازيليا عدد 75 الحبه 0.500 | D30: =IFERROR(INDEX('كشف الحساب'!$E$4:$E$354,MATCH(25,'كشف الحساب'!$P$4:$P$354,0)),"") -> 37.5 | E30: =IFERROR(INDEX('كشف الحساب'!$D$4:$D$354,MATCH(25,'كشف الحساب'!$P$4:$P$354,0)),"") -> 0 | F30: =IF($A30="","",IF($F29="",0,$F29)+IF($D30="",0,$D30)-IF($E30="",0,$E30)) -> 258.25
A31: =IFERROR(INDEX('كشف الحساب'!$A$4:$A$354,MATCH(26,'كشف الحساب'!$P$4:$P$354,0)),"") -> 46163 | B31: =IFERROR(INDEX('كشف الحساب'!$B$4:$B$354,MATCH(26,'كشف الحساب'!$P$4:$P$354,0)),"") -> Inv-34 | C31: =IFERROR(INDEX('كشف الحساب'!$C$4:$C$354,MATCH(26,'كشف الحساب'!$P$4:$P$354,0)),"") -> دارسينيا احمر عدد1 حبه 2.500 | D31: =IFERROR(INDEX('كشف الحساب'!$E$4:$E$354,MATCH(26,'كشف الحساب'!$P$4:$P$354,0)),"") -> 2.5 | E31: =IFERROR(INDEX('كشف الحساب'!$D$4:$D$354,MATCH(26,'كشف الحساب'!$P$4:$P$354,0)),"") -> 0 | F31: =IF($A31="","",IF($F30="",0,$F30)+IF($D31="",0,$D31)-IF($E31="",0,$E31)) -> 260.75
A32: =IFERROR(INDEX('كشف الحساب'!$A$4:$A$354,MATCH(27,'كشف الحساب'!$P$4:$P$354,0)),"") -> 46164 | B32: =IFERROR(INDEX('كشف الحساب'!$B$4:$B$354,MATCH(27,'كشف الحساب'!$P$4:$P$354,0)),"") -> Inv-35 | C32: =IFERROR(INDEX('كشف الحساب'!$C$4:$C$354,MATCH(27,'كشف الحساب'!$P$4:$P$354,0)),"") -> دارسينا حمراء عدد 6 الحبه 2,500 | D32: =IFERROR(INDEX('كشف الحساب'!$E$4:$E$354,MATCH(27,'كشف الحساب'!$P$4:$P$354,0)),"") -> 15 | E32: =IFERROR(INDEX('كشف الحساب'!$D$4:$D$354,MATCH(27,'كشف الحساب'!$P$4:$P$354,0)),"") -> 0 | F32: =IF($A32="","",IF($F31="",0,$F31)+IF($D32="",0,$D32)-IF($E32="",0,$E32)) -> 275.75
A33: =IFERROR(INDEX('كشف الحساب'!$A$4:$A$354,MATCH(28,'كشف الحساب'!$P$4:$P$354,0)),"") -> 46164 | B33: =IFERROR(INDEX('كشف الحساب'!$B$4:$B$354,MATCH(28,'كشف الحساب'!$P$4:$P$354,0)),"") -> Inv-36 | C33: =IFERROR(INDEX('كشف الحساب'!$C$4:$C$354,MATCH(28,'كشف الحساب'!$P$4:$P$354,0)),"") -> ربل عدد4 الحبه 1.500 | D33: =IFERROR(INDEX('كشف الحساب'!$E$4:$E$354,MATCH(28,'كشف الحساب'!$P$4:$P$354,0)),"") -> 6 | E33: =IFERROR(INDEX('كشف الحساب'!$D$4:$D$354,MATCH(28,'كشف الحساب'!$P$4:$P$354,0)),"") -> 0 | F33: =IF($A33="","",IF($F32="",0,$F32)+IF($D33="",0,$D33)-IF($E33="",0,$E33)) -> 281.75
A34: =IFERROR(INDEX('كشف الحساب'!$A$4:$A$354,MATCH(29,'كشف الحساب'!$P$4:$P$354,0)),"") -> 46167 | B34: =IFERROR(INDEX('كشف الحساب'!$B$4:$B$354,MATCH(29,'كشف الحساب'!$P$4:$P$354,0)),"") -> Inv-37 | C34: =IFERROR(INDEX('كشف الحساب'!$C$4:$C$354,MATCH(29,'كشف الحساب'!$P$4:$P$354,0)),"") -> عطره عدد 10 الحبه 0.750 | D34: =IFERROR(INDEX('كشف الحساب'!$E$4:$E$354,MATCH(29,'كشف الحساب'!$P$4:$P$354,0)),"") -> 7.5 | E34: =IFERROR(INDEX('كشف الحساب'!$D$4:$D$354,MATCH(29,'كشف الحساب'!$P$4:$P$354,0)),"") -> 0 | F34: =IF($A34="","",IF($F33="",0,$F33)+IF($D34="",0,$D34)-IF($E34="",0,$E34)) -> 289.25
A35: =IFERROR(INDEX('كشف الحساب'!$A$4:$A$354,MATCH(30,'كشف الحساب'!$P$4:$P$354,0)),"") -> 46167 | B35: =IFERROR(INDEX('كشف الحساب'!$B$4:$B$354,MATCH(30,'كشف الحساب'!$P$4:$P$354,0)),"") -> Inv-38 | C35: =IFERROR(INDEX('كشف الحساب'!$C$4:$C$354,MATCH(30,'كشف الحساب'!$P$4:$P$354,0)),"") -> ودليه عدد 2 الحبه 1 | D35: =IFERROR(INDEX('كشف الحساب'!$E$4:$E$354,MATCH(30,'كشف الحساب'!$P$4:$P$354,0)),"") -> 2 | E35: =IFERROR(INDEX('كشف الحساب'!$D$4:$D$354,MATCH(30,'كشف الحساب'!$P$4:$P$354,0)),"") -> 0 | F35: =IF($A35="","",IF($F34="",0,$F34)+IF($D35="",0,$D35)-IF($E35="",0,$E35)) -> 291.25
A36: =IFERROR(INDEX('كشف الحساب'!$A$4:$A$354,MATCH(31,'كشف الحساب'!$P$4:$P$354,0)),"") -> 46167 | B36: =IFERROR(INDEX('كشف الحساب'!$B$4:$B$354,MATCH(31,'كشف الحساب'!$P$4:$P$354,0)),"") -> Inv-39 | C36: =IFERROR(INDEX('كشف الحساب'!$C$4:$C$354,MATCH(31,'كشف الحساب'!$P$4:$P$354,0)),"") -> داراسينا حمراء عدد4 الحبه 1 | D36: =IFERROR(INDEX('كشف الحساب'!$E$4:$E$354,MATCH(31,'كشف الحساب'!$P$4:$P$354,0)),"") -> 4 | E36: =IFERROR(INDEX('كشف الحساب'!$D$4:$D$354,MATCH(31,'كشف الحساب'!$P$4:$P$354,0)),"") -> 0 | F36: =IF($A36="","",IF($F35="",0,$F35)+IF($D36="",0,$D36)-IF($E36="",0,$E36)) -> 295.25
A37: =IFERROR(INDEX('كشف الحساب'!$A$4:$A$354,MATCH(32,'كشف الحساب'!$P$4:$P$354,0)),"") -> 46146 | B37: =IFERROR(INDEX('كشف الحساب'!$B$4:$B$354,MATCH(32,'كشف الحساب'!$P$4:$P$354,0)),"") -> Inv-40 | C37: =IFERROR(INDEX('كشف الحساب'!$C$4:$C$354,MATCH(32,'كشف الحساب'!$P$4:$P$354,0)),"") -> other | D37: =IFERROR(INDEX('كشف الحساب'!$E$4:$E$354,MATCH(32,'كشف الحساب'!$P$4:$P$354,0)),"") -> 9 | E37: =IFERROR(INDEX('كشف الحساب'!$D$4:$D$354,MATCH(32,'كشف الحساب'!$P$4:$P$354,0)),"") -> 0 | F37: =IF($A37="","",IF($F36="",0,$F36)+IF($D37="",0,$D37)-IF($E37="",0,$E37)) -> 304.25
A38: =IFERROR(INDEX('كشف الحساب'!$A$4:$A$354,MATCH(33,'كشف الحساب'!$P$4:$P$354,0)),"") -> 46146 | B38: =IFERROR(INDEX('كشف الحساب'!$B$4:$B$354,MATCH(33,'كشف الحساب'!$P$4:$P$354,0)),"") -> Inv-41 | C38: =IFERROR(INDEX('كشف الحساب'!$C$4:$C$354,MATCH(33,'كشف الحساب'!$P$4:$P$354,0)),"") -> other | D38: =IFERROR(INDEX('كشف الحساب'!$E$4:$E$354,MATCH(33,'كشف الحساب'!$P$4:$P$354,0)),"") -> 9 | E38: =IFERROR(INDEX('كشف الحساب'!$D$4:$D$354,MATCH(33,'كشف الحساب'!$P$4:$P$354,0)),"") -> 0 | F38: =IF($A38="","",IF($F37="",0,$F37)+IF($D38="",0,$D38)-IF($E38="",0,$E38)) -> 313.25
A39: =IFERROR(INDEX('كشف الحساب'!$A$4:$A$354,MATCH(34,'كشف الحساب'!$P$4:$P$354,0)),"") -> 46146 | B39: =IFERROR(INDEX('كشف الحساب'!$B$4:$B$354,MATCH(34,'كشف الحساب'!$P$4:$P$354,0)),"") -> Inv-42 | C39: =IFERROR(INDEX('كشف الحساب'!$C$4:$C$354,MATCH(34,'كشف الحساب'!$P$4:$P$354,0)),"") -> other | D39: =IFERROR(INDEX('كشف الحساب'!$E$4:$E$354,MATCH(34,'كشف الحساب'!$P$4:$P$354,0)),"") -> 2 | E39: =IFERROR(INDEX('كشف الحساب'!$D$4:$D$354,MATCH(34,'كشف الحساب'!$P$4:$P$354,0)),"") -> 0 | F39: =IF($A39="","",IF($F38="",0,$F38)+IF($D39="",0,$D39)-IF($E39="",0,$E39)) -> 315.25
A40: =IFERROR(INDEX('كشف الحساب'!$A$4:$A$354,MATCH(35,'كشف الحساب'!$P$4:$P$354,0)),"") -> 46147 | B40: =IFERROR(INDEX('كشف الحساب'!$B$4:$B$354,MATCH(35,'كشف الحساب'!$P$4:$P$354,0)),"") -> Inv-43 | C40: =IFERROR(INDEX('كشف الحساب'!$C$4:$C$354,MATCH(35,'كشف الحساب'!$P$4:$P$354,0)),"") -> other | D40: =IFERROR(INDEX('كشف الحساب'!$E$4:$E$354,MATCH(35,'كشف الحساب'!$P$4:$P$354,0)),"") -> 3.75 | E40: =IFERROR(INDEX('كشف الحساب'!$D$4:$D$354,MATCH(35,'كشف الحساب'!$P$4:$P$354,0)),"") -> 0 | F40: =IF($A40="","",IF($F39="",0,$F39)+IF($D40="",0,$D40)-IF($E40="",0,$E40)) -> 319
A41: =IFERROR(INDEX('كشف الحساب'!$A$4:$A$354,MATCH(36,'كشف الحساب'!$P$4:$P$354,0)),"") -> 46149 | B41: =IFERROR(INDEX('كشف الحساب'!$B$4:$B$354,MATCH(36,'كشف الحساب'!$P$4:$P$354,0)),"") -> Inv-44a | C41: =IFERROR(INDEX('كشف الحساب'!$C$4:$C$354,MATCH(36,'كشف الحساب'!$P$4:$P$354,0)),"") -> other | D41: =IFERROR(INDEX('كشف الحساب'!$E$4:$E$354,MATCH(36,'كشف الحساب'!$P$4:$P$354,0)),"") -> 5 | E41: =IFERROR(INDEX('كشف الحساب'!$D$4:$D$354,MATCH(36,'كشف الحساب'!$P$4:$P$354,0)),"") -> 0 | F41: =IF($A41="","",IF($F40="",0,$F40)+IF($D41="",0,$D41)-IF($E41="",0,$E41)) -> 324
A42: =IFERROR(INDEX('كشف الحساب'!$A$4:$A$354,MATCH(37,'كشف الحساب'!$P$4:$P$354,0)),"") -> 46155 | B42: =IFERROR(INDEX('كشف الحساب'!$B$4:$B$354,MATCH(37,'كشف الحساب'!$P$4:$P$354,0)),"") -> Inv-44 | C42: =IFERROR(INDEX('كشف الحساب'!$C$4:$C$354,MATCH(37,'كشف الحساب'!$P$4:$P$354,0)),"") -> other | D42: =IFERROR(INDEX('كشف الحساب'!$E$4:$E$354,MATCH(37,'كشف الحساب'!$P$4:$P$354,0)),"") -> 15 | E42: =IFERROR(INDEX('كشف الحساب'!$D$4:$D$354,MATCH(37,'كشف الحساب'!$P$4:$P$354,0)),"") -> 0 | F42: =IF($A42="","",IF($F41="",0,$F41)+IF($D42="",0,$D42)-IF($E42="",0,$E42)) -> 339
A43: =IFERROR(INDEX('كشف الحساب'!$A$4:$A$354,MATCH(38,'كشف الحساب'!$P$4:$P$354,0)),"") -> 46155 | B43: =IFERROR(INDEX('كشف الحساب'!$B$4:$B$354,MATCH(38,'كشف الحساب'!$P$4:$P$354,0)),"") -> Inv-45 | C43: =IFERROR(INDEX('كشف الحساب'!$C$4:$C$354,MATCH(38,'كشف الحساب'!$P$4:$P$354,0)),"") -> other | D43: =IFERROR(INDEX('كشف الحساب'!$E$4:$E$354,MATCH(38,'كشف الحساب'!$P$4:$P$354,0)),"") -> 4 | E43: =IFERROR(INDEX('كشف الحساب'!$D$4:$D$354,MATCH(38,'كشف الحساب'!$P$4:$P$354,0)),"") -> 0 | F43: =IF($A43="","",IF($F42="",0,$F42)+IF($D43="",0,$D43)-IF($E43="",0,$E43)) -> 343
A44: =IFERROR(INDEX('كشف الحساب'!$A$4:$A$354,MATCH(39,'كشف الحساب'!$P$4:$P$354,0)),"") -> 46155 | B44: =IFERROR(INDEX('كشف الحساب'!$B$4:$B$354,MATCH(39,'كشف الحساب'!$P$4:$P$354,0)),"") -> Inv-46 | C44: =IFERROR(INDEX('كشف الحساب'!$C$4:$C$354,MATCH(39,'كشف الحساب'!$P$4:$P$354,0)),"") -> other | D44: =IFERROR(INDEX('كشف الحساب'!$E$4:$E$354,MATCH(39,'كشف الحساب'!$P$4:$P$354,0)),"") -> 3.6 | E44: =IFERROR(INDEX('كشف الحساب'!$D$4:$D$354,MATCH(39,'كشف الحساب'!$P$4:$P$354,0)),"") -> 0 | F44: =IF($A44="","",IF($F43="",0,$F43)+IF($D44="",0,$D44)-IF($E44="",0,$E44)) -> 346.6
A45: =IFERROR(INDEX('كشف الحساب'!$A$4:$A$354,MATCH(40,'كشف الحساب'!$P$4:$P$354,0)),"") -> 46158 | B45: =IFERROR(INDEX('كشف الحساب'!$B$4:$B$354,MATCH(40,'كشف الحساب'!$P$4:$P$354,0)),"") -> Inv-47 | C45: =IFERROR(INDEX('كشف الحساب'!$C$4:$C$354,MATCH(40,'كشف الحساب'!$P$4:$P$354,0)),"") -> other | D45: =IFERROR(INDEX('كشف الحساب'!$E$4:$E$354,MATCH(40,'كشف الحساب'!$P$4:$P$354,0)),"") -> 3 | E45: =IFERROR(INDEX('كشف الحساب'!$D$4:$D$354,MATCH(40,'كشف الحساب'!$P$4:$P$354,0)),"") -> 0 | F45: =IF($A45="","",IF($F44="",0,$F44)+IF($D45="",0,$D45)-IF($E45="",0,$E45)) -> 349.6
A46: =IFERROR(INDEX('كشف الحساب'!$A$4:$A$354,MATCH(41,'كشف الحساب'!$P$4:$P$354,0)),"") -> 46155 | B46: =IFERROR(INDEX('كشف الحساب'!$B$4:$B$354,MATCH(41,'كشف الحساب'!$P$4:$P$354,0)),"") -> 0 | C46: =IFERROR(INDEX('كشف الحساب'!$C$4:$C$354,MATCH(41,'كشف الحساب'!$P$4:$P$354,0)),"") -> جبس لتغطيه المحميه | D46: =IFERROR(INDEX('كشف الحساب'!$E$4:$E$354,MATCH(41,'كشف الحساب'!$P$4:$P$354,0)),"") -> 0 | E46: =IFERROR(INDEX('كشف الحساب'!$D$4:$D$354,MATCH(41,'كشف الحساب'!$P$4:$P$354,0)),"") -> 2.75 | F46: =IF($A46="","",IF($F45="",0,$F45)+IF($D46="",0,$D46)-IF($E46="",0,$E46)) -> 346.85
A47: =IFERROR(INDEX('كشف الحساب'!$A$4:$A$354,MATCH(42,'كشف الحساب'!$P$4:$P$354,0)),"") -> 46175 | B47: =IFERROR(INDEX('كشف الحساب'!$B$4:$B$354,MATCH(42,'كشف الحساب'!$P$4:$P$354,0)),"") -> Inv-53 | C47: =IFERROR(INDEX('كشف الحساب'!$C$4:$C$354,MATCH(42,'كشف الحساب'!$P$4:$P$354,0)),"") -> فل عدد 24 الحبه .750 | D47: =IFERROR(INDEX('كشف الحساب'!$E$4:$E$354,MATCH(42,'كشف الحساب'!$P$4:$P$354,0)),"") -> 18 | E47: =IFERROR(INDEX('كشف الحساب'!$D$4:$D$354,MATCH(42,'كشف الحساب'!$P$4:$P$354,0)),"") -> 0 | F47: =IF($A47="","",IF($F46="",0,$F46)+IF($D47="",0,$D47)-IF($E47="",0,$E47)) -> 364.85
A48: =IFERROR(INDEX('كشف الحساب'!$A$4:$A$354,MATCH(43,'كشف الحساب'!$P$4:$P$354,0)),"") -> 46175 | B48: =IFERROR(INDEX('كشف الحساب'!$B$4:$B$354,MATCH(43,'كشف الحساب'!$P$4:$P$354,0)),"") -> Inv-54 | C48: =IFERROR(INDEX('كشف الحساب'!$C$4:$C$354,MATCH(43,'كشف الحساب'!$P$4:$P$354,0)),"") -> دارسينا خضراء عدد 1 الحبه 2 | D48: =IFERROR(INDEX('كشف الحساب'!$E$4:$E$354,MATCH(43,'كشف الحساب'!$P$4:$P$354,0)),"") -> 2 | E48: =IFERROR(INDEX('كشف الحساب'!$D$4:$D$354,MATCH(43,'كشف الحساب'!$P$4:$P$354,0)),"") -> 0 | F48: =IF($A48="","",IF($F47="",0,$F47)+IF($D48="",0,$D48)-IF($E48="",0,$E48)) -> 366.85
A49: =IFERROR(INDEX('كشف الحساب'!$A$4:$A$354,MATCH(44,'كشف الحساب'!$P$4:$P$354,0)),"") -> 46175 | B49: =IFERROR(INDEX('كشف الحساب'!$B$4:$B$354,MATCH(44,'كشف الحساب'!$P$4:$P$354,0)),"") -> Inv-55 | C49: =IFERROR(INDEX('كشف الحساب'!$C$4:$C$354,MATCH(44,'كشف الحساب'!$P$4:$P$354,0)),"") -> افوبيا عدد 2 الحبه .750 | D49: =IFERROR(INDEX('كشف الحساب'!$E$4:$E$354,MATCH(44,'كشف الحساب'!$P$4:$P$354,0)),"") -> 1.5 | E49: =IFERROR(INDEX('كشف الحساب'!$D$4:$D$354,MATCH(44,'كشف الحساب'!$P$4:$P$354,0)),"") -> 0 | F49: =IF($A49="","",IF($F48="",0,$F48)+IF($D49="",0,$D49)-IF($E49="",0,$E49)) -> 368.35
A50: =IFERROR(INDEX('كشف الحساب'!$A$4:$A$354,MATCH(45,'كشف الحساب'!$P$4:$P$354,0)),"") -> 46175 | B50: =IFERROR(INDEX('كشف الحساب'!$B$4:$B$354,MATCH(45,'كشف الحساب'!$P$4:$P$354,0)),"") -> Inv-56 | C50: =IFERROR(INDEX('كشف الحساب'!$C$4:$C$354,MATCH(45,'كشف الحساب'!$P$4:$P$354,0)),"") -> دارسينا سوداء عدد 3 الحبه 1 | D50: =IFERROR(INDEX('كشف الحساب'!$E$4:$E$354,MATCH(45,'كشف الحساب'!$P$4:$P$354,0)),"") -> 3 | E50: =IFERROR(INDEX('كشف الحساب'!$D$4:$D$354,MATCH(45,'كشف الحساب'!$P$4:$P$354,0)),"") -> 0 | F50: =IF($A50="","",IF($F49="",0,$F49)+IF($D50="",0,$D50)-IF($E50="",0,$E50)) -> 371.35
A51: =IFERROR(INDEX('كشف الحساب'!$A$4:$A$354,MATCH(46,'كشف الحساب'!$P$4:$P$354,0)),"") -> 46177 | B51: =IFERROR(INDEX('كشف الحساب'!$B$4:$B$354,MATCH(46,'كشف الحساب'!$P$4:$P$354,0)),"") -> inv-57 | C51: =IFERROR(INDEX('كشف الحساب'!$C$4:$C$354,MATCH(46,'كشف الحساب'!$P$4:$P$354,0)),"") -> فوزير عدد1 قيمه 1 | D51: =IFERROR(INDEX('كشف الحساب'!$E$4:$E$354,MATCH(46,'كشف الحساب'!$P$4:$P$354,0)),"") -> 1 | E51: =IFERROR(INDEX('كشف الحساب'!$D$4:$D$354,MATCH(46,'كشف الحساب'!$P$4:$P$354,0)),"") -> 0 | F51: =IF($A51="","",IF($F50="",0,$F50)+IF($D51="",0,$D51)-IF($E51="",0,$E51)) -> 372.35
A52: =IFERROR(INDEX('كشف الحساب'!$A$4:$A$354,MATCH(47,'كشف الحساب'!$P$4:$P$354,0)),"") -> 46177 | B52: =IFERROR(INDEX('كشف الحساب'!$B$4:$B$354,MATCH(47,'كشف الحساب'!$P$4:$P$354,0)),"") -> 0 | C52: =IFERROR(INDEX('كشف الحساب'!$C$4:$C$354,MATCH(47,'كشف الحساب'!$P$4:$P$354,0)),"") -> سماد | D52: =IFERROR(INDEX('كشف الحساب'!$E$4:$E$354,MATCH(47,'كشف الحساب'!$P$4:$P$354,0)),"") -> 0 | E52: =IFERROR(INDEX('كشف الحساب'!$D$4:$D$354,MATCH(47,'كشف الحساب'!$P$4:$P$354,0)),"") -> 10 | F52: =IF($A52="","",IF($F51="",0,$F51)+IF($D52="",0,$D52)-IF($E52="",0,$E52)) -> 362.35
A53: =IFERROR(INDEX('كشف الحساب'!$A$4:$A$354,MATCH(48,'كشف الحساب'!$P$4:$P$354,0)),"") -> 46177 | B53: =IFERROR(INDEX('كشف الحساب'!$B$4:$B$354,MATCH(48,'كشف الحساب'!$P$4:$P$354,0)),"") -> 0 | C53: =IFERROR(INDEX('كشف الحساب'!$C$4:$C$354,MATCH(48,'كشف الحساب'!$P$4:$P$354,0)),"") -> تاير لعربة الرش | D53: =IFERROR(INDEX('كشف الحساب'!$E$4:$E$354,MATCH(48,'كشف الحساب'!$P$4:$P$354,0)),"") -> 0 | E53: =IFERROR(INDEX('كشف الحساب'!$D$4:$D$354,MATCH(48,'كشف الحساب'!$P$4:$P$354,0)),"") -> 3.25 | F53: =IF($A53="","",IF($F52="",0,$F52)+IF($D53="",0,$D53)-IF($E53="",0,$E53)) -> 359.1
A54: =IFERROR(INDEX('كشف الحساب'!$A$4:$A$354,MATCH(49,'كشف الحساب'!$P$4:$P$354,0)),"") -> 46177 | B54: =IFERROR(INDEX('كشف الحساب'!$B$4:$B$354,MATCH(49,'كشف الحساب'!$P$4:$P$354,0)),"") -> 0 | C54: =IFERROR(INDEX('كشف الحساب'!$C$4:$C$354,MATCH(49,'كشف الحساب'!$P$4:$P$354,0)),"") -> حفاره خلط السماد | D54: =IFERROR(INDEX('كشف الحساب'!$E$4:$E$354,MATCH(49,'كشف الحساب'!$P$4:$P$354,0)),"") -> 0 | E54: =IFERROR(INDEX('كشف الحساب'!$D$4:$D$354,MATCH(49,'كشف الحساب'!$P$4:$P$354,0)),"") -> 12 | F54: =IF($A54="","",IF($F53="",0,$F53)+IF($D54="",0,$D54)-IF($E54="",0,$E54)) -> 347.1
A55: =IFERROR(INDEX('كشف الحساب'!$A$4:$A$354,MATCH(50,'كشف الحساب'!$P$4:$P$354,0)),"") -> 46179 | B55: =IFERROR(INDEX('كشف الحساب'!$B$4:$B$354,MATCH(50,'كشف الحساب'!$P$4:$P$354,0)),"") -> Inv-58 | C55: =IFERROR(INDEX('كشف الحساب'!$C$4:$C$354,MATCH(50,'كشف الحساب'!$P$4:$P$354,0)),"") -> دارسينا عدد3 بقيمه 1 للحبه | D55: =IFERROR(INDEX('كشف الحساب'!$E$4:$E$354,MATCH(50,'كشف الحساب'!$P$4:$P$354,0)),"") -> 3 | E55: =IFERROR(INDEX('كشف الحساب'!$D$4:$D$354,MATCH(50,'كشف الحساب'!$P$4:$P$354,0)),"") -> 0 | F55: =IF($A55="","",IF($F54="",0,$F54)+IF($D55="",0,$D55)-IF($E55="",0,$E55)) -> 350.1
A56: =IFERROR(INDEX('كشف الحساب'!$A$4:$A$354,MATCH(51,'كشف الحساب'!$P$4:$P$354,0)),"") -> 46179 | B56: =IFERROR(INDEX('كشف الحساب'!$B$4:$B$354,MATCH(51,'كشف الحساب'!$P$4:$P$354,0)),"") -> Inv-59 | C56: =IFERROR(INDEX('كشف الحساب'!$C$4:$C$354,MATCH(51,'كشف الحساب'!$P$4:$P$354,0)),"") -> ودليه عدد 1 بقيمه 1 | D56: =IFERROR(INDEX('كشف الحساب'!$E$4:$E$354,MATCH(51,'كشف الحساب'!$P$4:$P$354,0)),"") -> 1 | E56: =IFERROR(INDEX('كشف الحساب'!$D$4:$D$354,MATCH(51,'كشف الحساب'!$P$4:$P$354,0)),"") -> 0 | F56: =IF($A56="","",IF($F55="",0,$F55)+IF($D56="",0,$D56)-IF($E56="",0,$E56)) -> 351.1
A57: =IFERROR(INDEX('كشف الحساب'!$A$4:$A$354,MATCH(52,'كشف الحساب'!$P$4:$P$354,0)),"") -> 46179 | B57: =IFERROR(INDEX('كشف الحساب'!$B$4:$B$354,MATCH(52,'كشف الحساب'!$P$4:$P$354,0)),"") -> Inv-60 | C57: =IFERROR(INDEX('كشف الحساب'!$C$4:$C$354,MATCH(52,'كشف الحساب'!$P$4:$P$354,0)),"") -> دارسينا حمراء عدد 1 بقيمه 3 | D57: =IFERROR(INDEX('كشف الحساب'!$E$4:$E$354,MATCH(52,'كشف الحساب'!$P$4:$P$354,0)),"") -> 3 | E57: =IFERROR(INDEX('كشف الحساب'!$D$4:$D$354,MATCH(52,'كشف الحساب'!$P$4:$P$354,0)),"") -> 0 | F57: =IF($A57="","",IF($F56="",0,$F56)+IF($D57="",0,$D57)-IF($E57="",0,$E57)) -> 354.1
A58: =IFERROR(INDEX('كشف الحساب'!$A$4:$A$354,MATCH(53,'كشف الحساب'!$P$4:$P$354,0)),"") -> 46181 | B58: =IFERROR(INDEX('كشف الحساب'!$B$4:$B$354,MATCH(53,'كشف الحساب'!$P$4:$P$354,0)),"") -> Inv-61 | C58: =IFERROR(INDEX('كشف الحساب'!$C$4:$C$354,MATCH(53,'كشف الحساب'!$P$4:$P$354,0)),"") -> فل عدد 20 بقيمه 0.750 | D58: =IFERROR(INDEX('كشف الحساب'!$E$4:$E$354,MATCH(53,'كشف الحساب'!$P$4:$P$354,0)),"") -> 15 | E58: =IFERROR(INDEX('كشف الحساب'!$D$4:$D$354,MATCH(53,'كشف الحساب'!$P$4:$P$354,0)),"") -> 0 | F58: =IF($A58="","",IF($F57="",0,$F57)+IF($D58="",0,$D58)-IF($E58="",0,$E58)) -> 369.1
A59: =IFERROR(INDEX('كشف الحساب'!$A$4:$A$354,MATCH(54,'كشف الحساب'!$P$4:$P$354,0)),"") -> 46181 | B59: =IFERROR(INDEX('كشف الحساب'!$B$4:$B$354,MATCH(54,'كشف الحساب'!$P$4:$P$354,0)),"") -> 0 | C59: =IFERROR(INDEX('كشف الحساب'!$C$4:$C$354,MATCH(54,'كشف الحساب'!$P$4:$P$354,0)),"") -> اسمنت اسود للمحميه الصغيره الجديده | D59: =IFERROR(INDEX('كشف الحساب'!$E$4:$E$354,MATCH(54,'كشف الحساب'!$P$4:$P$354,0)),"") -> 0 | E59: =IFERROR(INDEX('كشف الحساب'!$D$4:$D$354,MATCH(54,'كشف الحساب'!$P$4:$P$354,0)),"") -> 2.8 | F59: =IF($A59="","",IF($F58="",0,$F58)+IF($D59="",0,$D59)-IF($E59="",0,$E59)) -> 366.3
A60: =IFERROR(INDEX('كشف الحساب'!$A$4:$A$354,MATCH(55,'كشف الحساب'!$P$4:$P$354,0)),"") -> 46181 | B60: =IFERROR(INDEX('كشف الحساب'!$B$4:$B$354,MATCH(55,'كشف الحساب'!$P$4:$P$354,0)),"") -> 0 | C60: =IFERROR(INDEX('كشف الحساب'!$C$4:$C$354,MATCH(55,'كشف الحساب'!$P$4:$P$354,0)),"") -> حديد اسود للمحميه الصغيره الجديده | D60: =IFERROR(INDEX('كشف الحساب'!$E$4:$E$354,MATCH(55,'كشف الحساب'!$P$4:$P$354,0)),"") -> 0 | E60: =IFERROR(INDEX('كشف الحساب'!$D$4:$D$354,MATCH(55,'كشف الحساب'!$P$4:$P$354,0)),"") -> 46.75 | F60: =IF($A60="","",IF($F59="",0,$F59)+IF($D60="",0,$D60)-IF($E60="",0,$E60)) -> 319.55
A61: =IFERROR(INDEX('كشف الحساب'!$A$4:$A$354,MATCH(56,'كشف الحساب'!$P$4:$P$354,0)),"") -> 46182 | B61: =IFERROR(INDEX('كشف الحساب'!$B$4:$B$354,MATCH(56,'كشف الحساب'!$P$4:$P$354,0)),"") -> Inv-62 | C61: =IFERROR(INDEX('كشف الحساب'!$C$4:$C$354,MATCH(56,'كشف الحساب'!$P$4:$P$354,0)),"") -> فل عدد 30 الحبه 0.750 | D61: =IFERROR(INDEX('كشف الحساب'!$E$4:$E$354,MATCH(56,'كشف الحساب'!$P$4:$P$354,0)),"") -> 22.5 | E61: =IFERROR(INDEX('كشف الحساب'!$D$4:$D$354,MATCH(56,'كشف الحساب'!$P$4:$P$354,0)),"") -> 0 | F61: =IF($A61="","",IF($F60="",0,$F60)+IF($D61="",0,$D61)-IF($E61="",0,$E61)) -> 342.05
A62: =IFERROR(INDEX('كشف الحساب'!$A$4:$A$354,MATCH(57,'كشف الحساب'!$P$4:$P$354,0)),"") -> 46184 | B62: =IFERROR(INDEX('كشف الحساب'!$B$4:$B$354,MATCH(57,'كشف الحساب'!$P$4:$P$354,0)),"") -> 0 | C62: =IFERROR(INDEX('كشف الحساب'!$C$4:$C$354,MATCH(57,'كشف الحساب'!$P$4:$P$354,0)),"") -> براغي | D62: =IFERROR(INDEX('كشف الحساب'!$E$4:$E$354,MATCH(57,'كشف الحساب'!$P$4:$P$354,0)),"") -> 0 | E62: =IFERROR(INDEX('كشف الحساب'!$D$4:$D$354,MATCH(57,'كشف الحساب'!$P$4:$P$354,0)),"") -> 3.5 | F62: =IF($A62="","",IF($F61="",0,$F61)+IF($D62="",0,$D62)-IF($E62="",0,$E62)) -> 338.55
A63: =IFERROR(INDEX('كشف الحساب'!$A$4:$A$354,MATCH(58,'كشف الحساب'!$P$4:$P$354,0)),"") -> 46185 | B63: =IFERROR(INDEX('كشف الحساب'!$B$4:$B$354,MATCH(58,'كشف الحساب'!$P$4:$P$354,0)),"") -> 0 | C63: =IFERROR(INDEX('كشف الحساب'!$C$4:$C$354,MATCH(58,'كشف الحساب'!$P$4:$P$354,0)),"") -> رول لحيم | D63: =IFERROR(INDEX('كشف الحساب'!$E$4:$E$354,MATCH(58,'كشف الحساب'!$P$4:$P$354,0)),"") -> 0 | E63: =IFERROR(INDEX('كشف الحساب'!$D$4:$D$354,MATCH(58,'كشف الحساب'!$P$4:$P$354,0)),"") -> 2 | F63: =IF($A63="","",IF($F62="",0,$F62)+IF($D63="",0,$D63)-IF($E63="",0,$E63)) -> 336.55
A64: =IFERROR(INDEX('كشف الحساب'!$A$4:$A$354,MATCH(59,'كشف الحساب'!$P$4:$P$354,0)),"") -> 46186 | B64: =IFERROR(INDEX('كشف الحساب'!$B$4:$B$354,MATCH(59,'كشف الحساب'!$P$4:$P$354,0)),"") -> Inv-64 | C64: =IFERROR(INDEX('كشف الحساب'!$C$4:$C$354,MATCH(59,'كشف الحساب'!$P$4:$P$354,0)),"") -> معلقات عدد 10 الحبه 1 | D64: =IFERROR(INDEX('كشف الحساب'!$E$4:$E$354,MATCH(59,'كشف الحساب'!$P$4:$P$354,0)),"") -> 10 | E64: =IFERROR(INDEX('كشف الحساب'!$D$4:$D$354,MATCH(59,'كشف الحساب'!$P$4:$P$354,0)),"") -> 0 | F64: =IF($A64="","",IF($F63="",0,$F63)+IF($D64="",0,$D64)-IF($E64="",0,$E64)) -> 346.55
A65: =IFERROR(INDEX('كشف الحساب'!$A$4:$A$354,MATCH(60,'كشف الحساب'!$P$4:$P$354,0)),"") -> 46186 | B65: =IFERROR(INDEX('كشف الحساب'!$B$4:$B$354,MATCH(60,'كشف الحساب'!$P$4:$P$354,0)),"") -> Inv-65 | C65: =IFERROR(INDEX('كشف الحساب'!$C$4:$C$354,MATCH(60,'كشف الحساب'!$P$4:$P$354,0)),"") -> ودوليه عدد 5 الحبه 1 | D65: =IFERROR(INDEX('كشف الحساب'!$E$4:$E$354,MATCH(60,'كشف الحساب'!$P$4:$P$354,0)),"") -> 5 | E65: =IFERROR(INDEX('كشف الحساب'!$D$4:$D$354,MATCH(60,'كشف الحساب'!$P$4:$P$354,0)),"") -> 0 | F65: =IF($A65="","",IF($F64="",0,$F64)+IF($D65="",0,$D65)-IF($E65="",0,$E65)) -> 351.55
A66: =IFERROR(INDEX('كشف الحساب'!$A$4:$A$354,MATCH(61,'كشف الحساب'!$P$4:$P$354,0)),"") -> 46189 | B66: =IFERROR(INDEX('كشف الحساب'!$B$4:$B$354,MATCH(61,'كشف الحساب'!$P$4:$P$354,0)),"") -> Inv-66 | C66: =IFERROR(INDEX('كشف الحساب'!$C$4:$C$354,MATCH(61,'كشف الحساب'!$P$4:$P$354,0)),"") -> شوكليرا عدد10 الحبه 1.500 | D66: =IFERROR(INDEX('كشف الحساب'!$E$4:$E$354,MATCH(61,'كشف الحساب'!$P$4:$P$354,0)),"") -> 15 | E66: =IFERROR(INDEX('كشف الحساب'!$D$4:$D$354,MATCH(61,'كشف الحساب'!$P$4:$P$354,0)),"") -> 0 | F66: =IF($A66="","",IF($F65="",0,$F65)+IF($D66="",0,$D66)-IF($E66="",0,$E66)) -> 366.55
A67: =IFERROR(INDEX('كشف الحساب'!$A$4:$A$354,MATCH(62,'كشف الحساب'!$P$4:$P$354,0)),"") -> 46189 | B67: =IFERROR(INDEX('كشف الحساب'!$B$4:$B$354,MATCH(62,'كشف الحساب'!$P$4:$P$354,0)),"") -> Inv-67 | C67: =IFERROR(INDEX('كشف الحساب'!$C$4:$C$354,MATCH(62,'كشف الحساب'!$P$4:$P$354,0)),"") -> فيكس عدد7 الحبه 1 | D67: =IFERROR(INDEX('كشف الحساب'!$E$4:$E$354,MATCH(62,'كشف الحساب'!$P$4:$P$354,0)),"") -> 7 | E67: =IFERROR(INDEX('كشف الحساب'!$D$4:$D$354,MATCH(62,'كشف الحساب'!$P$4:$P$354,0)),"") -> 0 | F67: =IF($A67="","",IF($F66="",0,$F66)+IF($D67="",0,$D67)-IF($E67="",0,$E67)) -> 373.55
A68: =IFERROR(INDEX('كشف الحساب'!$A$4:$A$354,MATCH(63,'كشف الحساب'!$P$4:$P$354,0)),"") -> 46189 | B68: =IFERROR(INDEX('كشف الحساب'!$B$4:$B$354,MATCH(63,'كشف الحساب'!$P$4:$P$354,0)),"") -> Inv-68 | C68: =IFERROR(INDEX('كشف الحساب'!$C$4:$C$354,MATCH(63,'كشف الحساب'!$P$4:$P$354,0)),"") -> ربل عدد 5 الحبه 2 | D68: =IFERROR(INDEX('كشف الحساب'!$E$4:$E$354,MATCH(63,'كشف الحساب'!$P$4:$P$354,0)),"") -> 10 | E68: =IFERROR(INDEX('كشف الحساب'!$D$4:$D$354,MATCH(63,'كشف الحساب'!$P$4:$P$354,0)),"") -> 0 | F68: =IF($A68="","",IF($F67="",0,$F67)+IF($D68="",0,$D68)-IF($E68="",0,$E68)) -> 383.55
A69: =IFERROR(INDEX('كشف الحساب'!$A$4:$A$354,MATCH(64,'كشف الحساب'!$P$4:$P$354,0)),"") -> 46189 | B69: =IFERROR(INDEX('كشف الحساب'!$B$4:$B$354,MATCH(64,'كشف الحساب'!$P$4:$P$354,0)),"") -> Inv-69 | C69: =IFERROR(INDEX('كشف الحساب'!$C$4:$C$354,MATCH(64,'كشف الحساب'!$P$4:$P$354,0)),"") -> فل عدد 24 الحبه .750 | D69: =IFERROR(INDEX('كشف الحساب'!$E$4:$E$354,MATCH(64,'كشف الحساب'!$P$4:$P$354,0)),"") -> 18 | E69: =IFERROR(INDEX('كشف الحساب'!$D$4:$D$354,MATCH(64,'كشف الحساب'!$P$4:$P$354,0)),"") -> 0 | F69: =IF($A69="","",IF($F68="",0,$F68)+IF($D69="",0,$D69)-IF($E69="",0,$E69)) -> 401.55
A70: =IFERROR(INDEX('كشف الحساب'!$A$4:$A$354,MATCH(65,'كشف الحساب'!$P$4:$P$354,0)),"") -> 46188 | B70: =IFERROR(INDEX('كشف الحساب'!$B$4:$B$354,MATCH(65,'كشف الحساب'!$P$4:$P$354,0)),"") -> 0 | C70: =IFERROR(INDEX('كشف الحساب'!$C$4:$C$354,MATCH(65,'كشف الحساب'!$P$4:$P$354,0)),"") -> أقامه عبدول | D70: =IFERROR(INDEX('كشف الحساب'!$E$4:$E$354,MATCH(65,'كشف الحساب'!$P$4:$P$354,0)),"") -> 0 | E70: =IFERROR(INDEX('كشف الحساب'!$D$4:$D$354,MATCH(65,'كشف الحساب'!$P$4:$P$354,0)),"") -> 25 | F70: =IF($A70="","",IF($F69="",0,$F69)+IF($D70="",0,$D70)-IF($E70="",0,$E70)) -> 376.55
A71: =IFERROR(INDEX('كشف الحساب'!$A$4:$A$354,MATCH(66,'كشف الحساب'!$P$4:$P$354,0)),"") -> 46190 | B71: =IFERROR(INDEX('كشف الحساب'!$B$4:$B$354,MATCH(66,'كشف الحساب'!$P$4:$P$354,0)),"") -> Inv-70 | C71: =IFERROR(INDEX('كشف الحساب'!$C$4:$C$354,MATCH(66,'كشف الحساب'!$P$4:$P$354,0)),"") -> افوبياعدد 1 الحبه .0.750 | D71: =IFERROR(INDEX('كشف الحساب'!$E$4:$E$354,MATCH(66,'كشف الحساب'!$P$4:$P$354,0)),"") -> 0.75 | E71: =IFERROR(INDEX('كشف الحساب'!$D$4:$D$354,MATCH(66,'كشف الحساب'!$P$4:$P$354,0)),"") -> 0 | F71: =IF($A71="","",IF($F70="",0,$F70)+IF($D71="",0,$D71)-IF($E71="",0,$E71)) -> 377.3
A72: =IFERROR(INDEX('كشف الحساب'!$A$4:$A$354,MATCH(67,'كشف الحساب'!$P$4:$P$354,0)),"") -> 46190 | B72: =IFERROR(INDEX('كشف الحساب'!$B$4:$B$354,MATCH(67,'كشف الحساب'!$P$4:$P$354,0)),"") -> Inv-71 | C72: =IFERROR(INDEX('كشف الحساب'!$C$4:$C$354,MATCH(67,'كشف الحساب'!$P$4:$P$354,0)),"") -> دارسينا عدد 1 الحبه 1.500 | D72: =IFERROR(INDEX('كشف الحساب'!$E$4:$E$354,MATCH(67,'كشف الحساب'!$P$4:$P$354,0)),"") -> 1.5 | E72: =IFERROR(INDEX('كشف الحساب'!$D$4:$D$354,MATCH(67,'كشف الحساب'!$P$4:$P$354,0)),"") -> 0 | F72: =IF($A72="","",IF($F71="",0,$F71)+IF($D72="",0,$D72)-IF($E72="",0,$E72)) -> 378.8
A73: =IFERROR(INDEX('كشف الحساب'!$A$4:$A$354,MATCH(68,'كشف الحساب'!$P$4:$P$354,0)),"") -> 46191 | B73: =IFERROR(INDEX('كشف الحساب'!$B$4:$B$354,MATCH(68,'كشف الحساب'!$P$4:$P$354,0)),"") -> Inv-72 | C73: =IFERROR(INDEX('كشف الحساب'!$C$4:$C$354,MATCH(68,'كشف الحساب'!$P$4:$P$354,0)),"") -> فل عدد 1 الحبه 0.750 | D73: =IFERROR(INDEX('كشف الحساب'!$E$4:$E$354,MATCH(68,'كشف الحساب'!$P$4:$P$354,0)),"") -> 0.75 | E73: =IFERROR(INDEX('كشف الحساب'!$D$4:$D$354,MATCH(68,'كشف الحساب'!$P$4:$P$354,0)),"") -> 0 | F73: =IF($A73="","",IF($F72="",0,$F72)+IF($D73="",0,$D73)-IF($E73="",0,$E73)) -> 379.55
A74: =IFERROR(INDEX('كشف الحساب'!$A$4:$A$354,MATCH(69,'كشف الحساب'!$P$4:$P$354,0)),"") -> 46191 | B74: =IFERROR(INDEX('كشف الحساب'!$B$4:$B$354,MATCH(69,'كشف الحساب'!$P$4:$P$354,0)),"") -> Inv-73 | C74: =IFERROR(INDEX('كشف الحساب'!$C$4:$C$354,MATCH(69,'كشف الحساب'!$P$4:$P$354,0)),"") -> ودليه عدد 3 الحبه 1 | D74: =IFERROR(INDEX('كشف الحساب'!$E$4:$E$354,MATCH(69,'كشف الحساب'!$P$4:$P$354,0)),"") -> 3 | E74: =IFERROR(INDEX('كشف الحساب'!$D$4:$D$354,MATCH(69,'كشف الحساب'!$P$4:$P$354,0)),"") -> 0 | F74: =IF($A74="","",IF($F73="",0,$F73)+IF($D74="",0,$D74)-IF($E74="",0,$E74)) -> 382.55
A75: =IFERROR(INDEX('كشف الحساب'!$A$4:$A$354,MATCH(70,'كشف الحساب'!$P$4:$P$354,0)),"") -> 46199 | B75: =IFERROR(INDEX('كشف الحساب'!$B$4:$B$354,MATCH(70,'كشف الحساب'!$P$4:$P$354,0)),"") -> Inv-74 | C75: =IFERROR(INDEX('كشف الحساب'!$C$4:$C$354,MATCH(70,'كشف الحساب'!$P$4:$P$354,0)),"") -> ربل عدد 11 الحبه 2 | D75: =IFERROR(INDEX('كشف الحساب'!$E$4:$E$354,MATCH(70,'كشف الحساب'!$P$4:$P$354,0)),"") -> 22 | E75: =IFERROR(INDEX('كشف الحساب'!$D$4:$D$354,MATCH(70,'كشف الحساب'!$P$4:$P$354,0)),"") -> 0 | F75: =IF($A75="","",IF($F74="",0,$F74)+IF($D75="",0,$D75)-IF($E75="",0,$E75)) -> 404.55
A76: =IFERROR(INDEX('كشف الحساب'!$A$4:$A$354,MATCH(71,'كشف الحساب'!$P$4:$P$354,0)),"") -> 46199 | B76: =IFERROR(INDEX('كشف الحساب'!$B$4:$B$354,MATCH(71,'كشف الحساب'!$P$4:$P$354,0)),"") -> Inv-75 | C76: =IFERROR(INDEX('كشف الحساب'!$C$4:$C$354,MATCH(71,'كشف الحساب'!$P$4:$P$354,0)),"") -> شوفليرا عدد6 الحبه 1.500 | D76: =IFERROR(INDEX('كشف الحساب'!$E$4:$E$354,MATCH(71,'كشف الحساب'!$P$4:$P$354,0)),"") -> 9 | E76: =IFERROR(INDEX('كشف الحساب'!$D$4:$D$354,MATCH(71,'كشف الحساب'!$P$4:$P$354,0)),"") -> 0 | F76: =IF($A76="","",IF($F75="",0,$F75)+IF($D76="",0,$D76)-IF($E76="",0,$E76)) -> 413.55
A77: =IFERROR(INDEX('كشف الحساب'!$A$4:$A$354,MATCH(72,'كشف الحساب'!$P$4:$P$354,0)),"") -> 46197 | B77: =IFERROR(INDEX('كشف الحساب'!$B$4:$B$354,MATCH(72,'كشف الحساب'!$P$4:$P$354,0)),"") -> 0 | C77: =IFERROR(INDEX('كشف الحساب'!$C$4:$C$354,MATCH(72,'كشف الحساب'!$P$4:$P$354,0)),"") -> nbk 18-18-18 | D77: =IFERROR(INDEX('كشف الحساب'!$E$4:$E$354,MATCH(72,'كشف الحساب'!$P$4:$P$354,0)),"") -> 0 | E77: =IFERROR(INDEX('كشف الحساب'!$D$4:$D$354,MATCH(72,'كشف الحساب'!$P$4:$P$354,0)),"") -> 12 | F77: =IF($A77="","",IF($F76="",0,$F76)+IF($D77="",0,$D77)-IF($E77="",0,$E77)) -> 401.55
A78: =IFERROR(INDEX('كشف الحساب'!$A$4:$A$354,MATCH(73,'كشف الحساب'!$P$4:$P$354,0)),"") -> 46201 | B78: =IFERROR(INDEX('كشف الحساب'!$B$4:$B$354,MATCH(73,'كشف الحساب'!$P$4:$P$354,0)),"") -> Inv-76 | C78: =IFERROR(INDEX('كشف الحساب'!$C$4:$C$354,MATCH(73,'كشف الحساب'!$P$4:$P$354,0)),"") -> فل عدد 11 الحبه 0.750 | D78: =IFERROR(INDEX('كشف الحساب'!$E$4:$E$354,MATCH(73,'كشف الحساب'!$P$4:$P$354,0)),"") -> 8.25 | E78: =IFERROR(INDEX('كشف الحساب'!$D$4:$D$354,MATCH(73,'كشف الحساب'!$P$4:$P$354,0)),"") -> 0 | F78: =IF($A78="","",IF($F77="",0,$F77)+IF($D78="",0,$D78)-IF($E78="",0,$E78)) -> 409.8
A79: =IFERROR(INDEX('كشف الحساب'!$A$4:$A$354,MATCH(74,'كشف الحساب'!$P$4:$P$354,0)),"") -> 46202 | B79: =IFERROR(INDEX('كشف الحساب'!$B$4:$B$354,MATCH(74,'كشف الحساب'!$P$4:$P$354,0)),"") -> Inv-77 | C79: =IFERROR(INDEX('كشف الحساب'!$C$4:$C$354,MATCH(74,'كشف الحساب'!$P$4:$P$354,0)),"") -> عطره عدد 3 الحبه 0.750 | D79: =IFERROR(INDEX('كشف الحساب'!$E$4:$E$354,MATCH(74,'كشف الحساب'!$P$4:$P$354,0)),"") -> 2.25 | E79: =IFERROR(INDEX('كشف الحساب'!$D$4:$D$354,MATCH(74,'كشف الحساب'!$P$4:$P$354,0)),"") -> 0 | F79: =IF($A79="","",IF($F78="",0,$F78)+IF($D79="",0,$D79)-IF($E79="",0,$E79)) -> 412.05
A80: =IFERROR(INDEX('كشف الحساب'!$A$4:$A$354,MATCH(75,'كشف الحساب'!$P$4:$P$354,0)),"") -> 46202 | B80: =IFERROR(INDEX('كشف الحساب'!$B$4:$B$354,MATCH(75,'كشف الحساب'!$P$4:$P$354,0)),"") -> Inv-78 | C80: =IFERROR(INDEX('كشف الحساب'!$C$4:$C$354,MATCH(75,'كشف الحساب'!$P$4:$P$354,0)),"") -> معلقات عدد 3 الحبه 1 | D80: =IFERROR(INDEX('كشف الحساب'!$E$4:$E$354,MATCH(75,'كشف الحساب'!$P$4:$P$354,0)),"") -> 3 | E80: =IFERROR(INDEX('كشف الحساب'!$D$4:$D$354,MATCH(75,'كشف الحساب'!$P$4:$P$354,0)),"") -> 0 | F80: =IF($A80="","",IF($F79="",0,$F79)+IF($D80="",0,$D80)-IF($E80="",0,$E80)) -> 415.05
A81: =IFERROR(INDEX('كشف الحساب'!$A$4:$A$354,MATCH(76,'كشف الحساب'!$P$4:$P$354,0)),"") -> 46203 | B81: =IFERROR(INDEX('كشف الحساب'!$B$4:$B$354,MATCH(76,'كشف الحساب'!$P$4:$P$354,0)),"") -> Inv-79 | C81: =IFERROR(INDEX('كشف الحساب'!$C$4:$C$354,MATCH(76,'كشف الحساب'!$P$4:$P$354,0)),"") -> معلقات عدد 4 الحبه 1 | D81: =IFERROR(INDEX('كشف الحساب'!$E$4:$E$354,MATCH(76,'كشف الحساب'!$P$4:$P$354,0)),"") -> 4 | E81: =IFERROR(INDEX('كشف الحساب'!$D$4:$D$354,MATCH(76,'كشف الحساب'!$P$4:$P$354,0)),"") -> 0 | F81: =IF($A81="","",IF($F80="",0,$F80)+IF($D81="",0,$D81)-IF($E81="",0,$E81)) -> 419.05
A82: =IFERROR(INDEX('كشف الحساب'!$A$4:$A$354,MATCH(77,'كشف الحساب'!$P$4:$P$354,0)),"") -> 46203 | B82: =IFERROR(INDEX('كشف الحساب'!$B$4:$B$354,MATCH(77,'كشف الحساب'!$P$4:$P$354,0)),"") -> Inv-80 | C82: =IFERROR(INDEX('كشف الحساب'!$C$4:$C$354,MATCH(77,'كشف الحساب'!$P$4:$P$354,0)),"") -> معلقات عدد4 الحبه 1 | D82: =IFERROR(INDEX('كشف الحساب'!$E$4:$E$354,MATCH(77,'كشف الحساب'!$P$4:$P$354,0)),"") -> 4 | E82: =IFERROR(INDEX('كشف الحساب'!$D$4:$D$354,MATCH(77,'كشف الحساب'!$P$4:$P$354,0)),"") -> 0 | F82: =IF($A82="","",IF($F81="",0,$F81)+IF($D82="",0,$D82)-IF($E82="",0,$E82)) -> 423.05
A83: =IFERROR(INDEX('كشف الحساب'!$A$4:$A$354,MATCH(78,'كشف الحساب'!$P$4:$P$354,0)),"") -> 46203 | B83: =IFERROR(INDEX('كشف الحساب'!$B$4:$B$354,MATCH(78,'كشف الحساب'!$P$4:$P$354,0)),"") -> Inv-81 | C83: =IFERROR(INDEX('كشف الحساب'!$C$4:$C$354,MATCH(78,'كشف الحساب'!$P$4:$P$354,0)),"") -> افوبيا عدد 2 الحبه 1 | D83: =IFERROR(INDEX('كشف الحساب'!$E$4:$E$354,MATCH(78,'كشف الحساب'!$P$4:$P$354,0)),"") -> 2 | E83: =IFERROR(INDEX('كشف الحساب'!$D$4:$D$354,MATCH(78,'كشف الحساب'!$P$4:$P$354,0)),"") -> 0 | F83: =IF($A83="","",IF($F82="",0,$F82)+IF($D83="",0,$D83)-IF($E83="",0,$E83)) -> 425.05
A84: =IFERROR(INDEX('كشف الحساب'!$A$4:$A$354,MATCH(79,'كشف الحساب'!$P$4:$P$354,0)),"") -> 46203 | B84: =IFERROR(INDEX('كشف الحساب'!$B$4:$B$354,MATCH(79,'كشف الحساب'!$P$4:$P$354,0)),"") -> 0 | C84: =IFERROR(INDEX('كشف الحساب'!$C$4:$C$354,MATCH(79,'كشف الحساب'!$P$4:$P$354,0)),"") -> رواتب عماله شهر يونيو 2026 | D84: =IFERROR(INDEX('كشف الحساب'!$E$4:$E$354,MATCH(79,'كشف الحساب'!$P$4:$P$354,0)),"") -> 0 | E84: =IFERROR(INDEX('كشف الحساب'!$D$4:$D$354,MATCH(79,'كشف الحساب'!$P$4:$P$354,0)),"") -> 320 | F84: =IF($A84="","",IF($F83="",0,$F83)+IF($D84="",0,$D84)-IF($E84="",0,$E84)) -> 105.05
A85: =IFERROR(INDEX('كشف الحساب'!$A$4:$A$354,MATCH(80,'كشف الحساب'!$P$4:$P$354,0)),"") -> 46203 | B85: =IFERROR(INDEX('كشف الحساب'!$B$4:$B$354,MATCH(80,'كشف الحساب'!$P$4:$P$354,0)),"") -> 0 | C85: =IFERROR(INDEX('كشف الحساب'!$C$4:$C$354,MATCH(80,'كشف الحساب'!$P$4:$P$354,0)),"") -> احواض عدد 1000 مقاس 25 سم | D85: =IFERROR(INDEX('كشف الحساب'!$E$4:$E$354,MATCH(80,'كشف الحساب'!$P$4:$P$354,0)),"") -> 0 | E85: =IFERROR(INDEX('كشف الحساب'!$D$4:$D$354,MATCH(80,'كشف الحساب'!$P$4:$P$354,0)),"") -> 80 | F85: =IF($A85="","",IF($F84="",0,$F84)+IF($D85="",0,$D85)-IF($E85="",0,$E85)) -> 25.05
A86: =IFERROR(INDEX('كشف الحساب'!$A$4:$A$354,MATCH(81,'كشف الحساب'!$P$4:$P$354,0)),"") -> 46207 | B86: =IFERROR(INDEX('كشف الحساب'!$B$4:$B$354,MATCH(81,'كشف الحساب'!$P$4:$P$354,0)),"") -> 0 | C86: =IFERROR(INDEX('كشف الحساب'!$C$4:$C$354,MATCH(81,'كشف الحساب'!$P$4:$P$354,0)),"") -> احواض عدد 1000 مقاس 14 سم | D86: =IFERROR(INDEX('كشف الحساب'!$E$4:$E$354,MATCH(81,'كشف الحساب'!$P$4:$P$354,0)),"") -> 0 | E86: =IFERROR(INDEX('كشف الحساب'!$D$4:$D$354,MATCH(81,'كشف الحساب'!$P$4:$P$354,0)),"") -> 20 | F86: =IF($A86="","",IF($F85="",0,$F85)+IF($D86="",0,$D86)-IF($E86="",0,$E86)) -> 5.05
A87: =IFERROR(INDEX('كشف الحساب'!$A$4:$A$354,MATCH(82,'كشف الحساب'!$P$4:$P$354,0)),"") -> 46206 | B87: =IFERROR(INDEX('كشف الحساب'!$B$4:$B$354,MATCH(82,'كشف الحساب'!$P$4:$P$354,0)),"") -> Inv-82 | C87: =IFERROR(INDEX('كشف الحساب'!$C$4:$C$354,MATCH(82,'كشف الحساب'!$P$4:$P$354,0)),"") -> دارسينا عدد 1 بقيمه 2.500 | D87: =IFERROR(INDEX('كشف الحساب'!$E$4:$E$354,MATCH(82,'كشف الحساب'!$P$4:$P$354,0)),"") -> 2.5 | E87: =IFERROR(INDEX('كشف الحساب'!$D$4:$D$354,MATCH(82,'كشف الحساب'!$P$4:$P$354,0)),"") -> 0 | F87: =IF($A87="","",IF($F86="",0,$F86)+IF($D87="",0,$D87)-IF($E87="",0,$E87)) -> 7.55
A88: =IFERROR(INDEX('كشف الحساب'!$A$4:$A$354,MATCH(83,'كشف الحساب'!$P$4:$P$354,0)),"") -> 46207 | B88: =IFERROR(INDEX('كشف الحساب'!$B$4:$B$354,MATCH(83,'كشف الحساب'!$P$4:$P$354,0)),"") -> Inv-83 | C88: =IFERROR(INDEX('كشف الحساب'!$C$4:$C$354,MATCH(83,'كشف الحساب'!$P$4:$P$354,0)),"") -> ودليه عدد13 الحبه 1 | D88: =IFERROR(INDEX('كشف الحساب'!$E$4:$E$354,MATCH(83,'كشف الحساب'!$P$4:$P$354,0)),"") -> 13 | E88: =IFERROR(INDEX('كشف الحساب'!$D$4:$D$354,MATCH(83,'كشف الحساب'!$P$4:$P$354,0)),"") -> 0 | F88: =IF($A88="","",IF($F87="",0,$F87)+IF($D88="",0,$D88)-IF($E88="",0,$E88)) -> 20.55
A89: =IFERROR(INDEX('كشف الحساب'!$A$4:$A$354,MATCH(84,'كشف الحساب'!$P$4:$P$354,0)),"") -> 46207 | B89: =IFERROR(INDEX('كشف الحساب'!$B$4:$B$354,MATCH(84,'كشف الحساب'!$P$4:$P$354,0)),"") -> Inv-84 | C89: =IFERROR(INDEX('كشف الحساب'!$C$4:$C$354,MATCH(84,'كشف الحساب'!$P$4:$P$354,0)),"") -> معلقات عدد 4 الحبه 2 | D89: =IFERROR(INDEX('كشف الحساب'!$E$4:$E$354,MATCH(84,'كشف الحساب'!$P$4:$P$354,0)),"") -> 8 | E89: =IFERROR(INDEX('كشف الحساب'!$D$4:$D$354,MATCH(84,'كشف الحساب'!$P$4:$P$354,0)),"") -> 0 | F89: =IF($A89="","",IF($F88="",0,$F88)+IF($D89="",0,$D89)-IF($E89="",0,$E89)) -> 28.55
A90: =IFERROR(INDEX('كشف الحساب'!$A$4:$A$354,MATCH(85,'كشف الحساب'!$P$4:$P$354,0)),"") -> 46211 | B90: =IFERROR(INDEX('كشف الحساب'!$B$4:$B$354,MATCH(85,'كشف الحساب'!$P$4:$P$354,0)),"") -> Inv-85 | C90: =IFERROR(INDEX('كشف الحساب'!$C$4:$C$354,MATCH(85,'كشف الحساب'!$P$4:$P$354,0)),"") -> عطريات عدد8 الحبه 1 | D90: =IFERROR(INDEX('كشف الحساب'!$E$4:$E$354,MATCH(85,'كشف الحساب'!$P$4:$P$354,0)),"") -> 8 | E90: =IFERROR(INDEX('كشف الحساب'!$D$4:$D$354,MATCH(85,'كشف الحساب'!$P$4:$P$354,0)),"") -> 0 | F90: =IF($A90="","",IF($F89="",0,$F89)+IF($D90="",0,$D90)-IF($E90="",0,$E90)) -> 36.55
A91: =IFERROR(INDEX('كشف الحساب'!$A$4:$A$354,MATCH(86,'كشف الحساب'!$P$4:$P$354,0)),"") -> 46211 | B91: =IFERROR(INDEX('كشف الحساب'!$B$4:$B$354,MATCH(86,'كشف الحساب'!$P$4:$P$354,0)),"") -> Inv-86 | C91: =IFERROR(INDEX('كشف الحساب'!$C$4:$C$354,MATCH(86,'كشف الحساب'!$P$4:$P$354,0)),"") -> دارسينا سوداء عدد 12 الحبه 2 | D91: =IFERROR(INDEX('كشف الحساب'!$E$4:$E$354,MATCH(86,'كشف الحساب'!$P$4:$P$354,0)),"") -> 24 | E91: =IFERROR(INDEX('كشف الحساب'!$D$4:$D$354,MATCH(86,'كشف الحساب'!$P$4:$P$354,0)),"") -> 0 | F91: =IF($A91="","",IF($F90="",0,$F90)+IF($D91="",0,$D91)-IF($E91="",0,$E91)) -> 60.55
A92: =IFERROR(INDEX('كشف الحساب'!$A$4:$A$354,MATCH(87,'كشف الحساب'!$P$4:$P$354,0)),"") -> 46211 | B92: =IFERROR(INDEX('كشف الحساب'!$B$4:$B$354,MATCH(87,'كشف الحساب'!$P$4:$P$354,0)),"") -> Inv-87 | C92: =IFERROR(INDEX('كشف الحساب'!$C$4:$C$354,MATCH(87,'كشف الحساب'!$P$4:$P$354,0)),"") -> عطريات عدد 8 الحبه 1 | D92: =IFERROR(INDEX('كشف الحساب'!$E$4:$E$354,MATCH(87,'كشف الحساب'!$P$4:$P$354,0)),"") -> 8 | E92: =IFERROR(INDEX('كشف الحساب'!$D$4:$D$354,MATCH(87,'كشف الحساب'!$P$4:$P$354,0)),"") -> 0 | F92: =IF($A92="","",IF($F91="",0,$F91)+IF($D92="",0,$D92)-IF($E92="",0,$E92)) -> 68.55
A93: =IFERROR(INDEX('كشف الحساب'!$A$4:$A$354,MATCH(88,'كشف الحساب'!$P$4:$P$354,0)),"") -> 46212 | B93: =IFERROR(INDEX('كشف الحساب'!$B$4:$B$354,MATCH(88,'كشف الحساب'!$P$4:$P$354,0)),"") -> Inv-88 | C93: =IFERROR(INDEX('كشف الحساب'!$C$4:$C$354,MATCH(88,'كشف الحساب'!$P$4:$P$354,0)),"") -> دارسنا عدد1 الحبه 5 | D93: =IFERROR(INDEX('كشف الحساب'!$E$4:$E$354,MATCH(88,'كشف الحساب'!$P$4:$P$354,0)),"") -> 5 | E93: =IFERROR(INDEX('كشف الحساب'!$D$4:$D$354,MATCH(88,'كشف الحساب'!$P$4:$P$354,0)),"") -> 0 | F93: =IF($A93="","",IF($F92="",0,$F92)+IF($D93="",0,$D93)-IF($E93="",0,$E93)) -> 73.55
A94: =IFERROR(INDEX('كشف الحساب'!$A$4:$A$354,MATCH(89,'كشف الحساب'!$P$4:$P$354,0)),"") -> 46212 | B94: =IFERROR(INDEX('كشف الحساب'!$B$4:$B$354,MATCH(89,'كشف الحساب'!$P$4:$P$354,0)),"") -> Inv-89 | C94: =IFERROR(INDEX('كشف الحساب'!$C$4:$C$354,MATCH(89,'كشف الحساب'!$P$4:$P$354,0)),"") -> فل عدد1 الحبه .750 | D94: =IFERROR(INDEX('كشف الحساب'!$E$4:$E$354,MATCH(89,'كشف الحساب'!$P$4:$P$354,0)),"") -> 0.75 | E94: =IFERROR(INDEX('كشف الحساب'!$D$4:$D$354,MATCH(89,'كشف الحساب'!$P$4:$P$354,0)),"") -> 0 | F94: =IF($A94="","",IF($F93="",0,$F93)+IF($D94="",0,$D94)-IF($E94="",0,$E94)) -> 74.3
A95: =IFERROR(INDEX('كشف الحساب'!$A$4:$A$354,MATCH(90,'كشف الحساب'!$P$4:$P$354,0)),"") -> 46212 | B95: =IFERROR(INDEX('كشف الحساب'!$B$4:$B$354,MATCH(90,'كشف الحساب'!$P$4:$P$354,0)),"") -> Inv-90 | C95: =IFERROR(INDEX('كشف الحساب'!$C$4:$C$354,MATCH(90,'كشف الحساب'!$P$4:$P$354,0)),"") -> دارسينا عدد 1 الحبه 1.500 | D95: =IFERROR(INDEX('كشف الحساب'!$E$4:$E$354,MATCH(90,'كشف الحساب'!$P$4:$P$354,0)),"") -> 1.5 | E95: =IFERROR(INDEX('كشف الحساب'!$D$4:$D$354,MATCH(90,'كشف الحساب'!$P$4:$P$354,0)),"") -> 0 | F95: =IF($A95="","",IF($F94="",0,$F94)+IF($D95="",0,$D95)-IF($E95="",0,$E95)) -> 75.8
A96: =IFERROR(INDEX('كشف الحساب'!$A$4:$A$354,MATCH(91,'كشف الحساب'!$P$4:$P$354,0)),"") -> 46212 | B96: =IFERROR(INDEX('كشف الحساب'!$B$4:$B$354,MATCH(91,'كشف الحساب'!$P$4:$P$354,0)),"") -> Inv-91 | C96: =IFERROR(INDEX('كشف الحساب'!$C$4:$C$354,MATCH(91,'كشف الحساب'!$P$4:$P$354,0)),"") -> افبوديا عدد الحبه 0.750 | D96: =IFERROR(INDEX('كشف الحساب'!$E$4:$E$354,MATCH(91,'كشف الحساب'!$P$4:$P$354,0)),"") -> 0.75 | E96: =IFERROR(INDEX('كشف الحساب'!$D$4:$D$354,MATCH(91,'كشف الحساب'!$P$4:$P$354,0)),"") -> 0 | F96: =IF($A96="","",IF($F95="",0,$F95)+IF($D96="",0,$D96)-IF($E96="",0,$E96)) -> 76.55
A97: =IFERROR(INDEX('كشف الحساب'!$A$4:$A$354,MATCH(92,'كشف الحساب'!$P$4:$P$354,0)),"") -> 46212 | B97: =IFERROR(INDEX('كشف الحساب'!$B$4:$B$354,MATCH(92,'كشف الحساب'!$P$4:$P$354,0)),"") -> Inv-92 | C97: =IFERROR(INDEX('كشف الحساب'!$C$4:$C$354,MATCH(92,'كشف الحساب'!$P$4:$P$354,0)),"") -> عطريات عدد 1 الفحبه 1 | D97: =IFERROR(INDEX('كشف الحساب'!$E$4:$E$354,MATCH(92,'كشف الحساب'!$P$4:$P$354,0)),"") -> 1 | E97: =IFERROR(INDEX('كشف الحساب'!$D$4:$D$354,MATCH(92,'كشف الحساب'!$P$4:$P$354,0)),"") -> 0 | F97: =IF($A97="","",IF($F96="",0,$F96)+IF($D97="",0,$D97)-IF($E97="",0,$E97)) -> 77.55
A98: =IFERROR(INDEX('كشف الحساب'!$A$4:$A$354,MATCH(93,'كشف الحساب'!$P$4:$P$354,0)),"") -> 46217 | B98: =IFERROR(INDEX('كشف الحساب'!$B$4:$B$354,MATCH(93,'كشف الحساب'!$P$4:$P$354,0)),"") -> Inv-93 | C98: =IFERROR(INDEX('كشف الحساب'!$C$4:$C$354,MATCH(93,'كشف الحساب'!$P$4:$P$354,0)),"") -> متنوع عدد 2 الحبه 2.500 | D98: =IFERROR(INDEX('كشف الحساب'!$E$4:$E$354,MATCH(93,'كشف الحساب'!$P$4:$P$354,0)),"") -> 5 | E98: =IFERROR(INDEX('كشف الحساب'!$D$4:$D$354,MATCH(93,'كشف الحساب'!$P$4:$P$354,0)),"") -> 0 | F98: =IF($A98="","",IF($F97="",0,$F97)+IF($D98="",0,$D98)-IF($E98="",0,$E98)) -> 82.55
A99: =IFERROR(INDEX('كشف الحساب'!$A$4:$A$354,MATCH(94,'كشف الحساب'!$P$4:$P$354,0)),"") -> 46217 | B99: =IFERROR(INDEX('كشف الحساب'!$B$4:$B$354,MATCH(94,'كشف الحساب'!$P$4:$P$354,0)),"") -> Inv-94 | C99: =IFERROR(INDEX('كشف الحساب'!$C$4:$C$354,MATCH(94,'كشف الحساب'!$P$4:$P$354,0)),"") -> متنوع عدد 12 الحبه 2 | D99: =IFERROR(INDEX('كشف الحساب'!$E$4:$E$354,MATCH(94,'كشف الحساب'!$P$4:$P$354,0)),"") -> 24 | E99: =IFERROR(INDEX('كشف الحساب'!$D$4:$D$354,MATCH(94,'كشف الحساب'!$P$4:$P$354,0)),"") -> 0 | F99: =IF($A99="","",IF($F98="",0,$F98)+IF($D99="",0,$D99)-IF($E99="",0,$E99)) -> 106.55
A100: =IFERROR(INDEX('كشف الحساب'!$A$4:$A$354,MATCH(95,'كشف الحساب'!$P$4:$P$354,0)),"") -> 46217 | B100: =IFERROR(INDEX('كشف الحساب'!$B$4:$B$354,MATCH(95,'كشف الحساب'!$P$4:$P$354,0)),"") -> 0 | C100: =IFERROR(INDEX('كشف الحساب'!$C$4:$C$354,MATCH(95,'كشف الحساب'!$P$4:$P$354,0)),"") -> حبل تعليق | D100: =IFERROR(INDEX('كشف الحساب'!$E$4:$E$354,MATCH(95,'كشف الحساب'!$P$4:$P$354,0)),"") -> 0 | E100: =IFERROR(INDEX('كشف الحساب'!$D$4:$D$354,MATCH(95,'كشف الحساب'!$P$4:$P$354,0)),"") -> 1.925 | F100: =IF($A100="","",IF($F99="",0,$F99)+IF($D100="",0,$D100)-IF($E100="",0,$E100)) -> 104.625
A101: =IFERROR(INDEX('كشف الحساب'!$A$4:$A$354,MATCH(96,'كشف الحساب'!$P$4:$P$354,0)),"") -> 46219 | B101: =IFERROR(INDEX('كشف الحساب'!$B$4:$B$354,MATCH(96,'كشف الحساب'!$P$4:$P$354,0)),"") -> Inv-95 | C101: =IFERROR(INDEX('كشف الحساب'!$C$4:$C$354,MATCH(96,'كشف الحساب'!$P$4:$P$354,0)),"") -> ربل عدد 1 الحبه 2 | D101: =IFERROR(INDEX('كشف الحساب'!$E$4:$E$354,MATCH(96,'كشف الحساب'!$P$4:$P$354,0)),"") -> 2 | E101: =IFERROR(INDEX('كشف الحساب'!$D$4:$D$354,MATCH(96,'كشف الحساب'!$P$4:$P$354,0)),"") -> 0 | F101: =IF($A101="","",IF($F100="",0,$F100)+IF($D101="",0,$D101)-IF($E101="",0,$E101)) -> 106.625
...

Sheet كشف الحساب
A1: كشف حساب المزرعة — Farm Account Statement
A2: الرصيد الافتتاحي / Opening Balance | D2: 0 | E2: ← اكتب الرصيد الافتتاحي هنا
A3: التاريخ Date | B3: المرجع Ref # | C3: البيان / الوصف Description | D3: سحب (مدين) Debit | E3: إيداع (دائن) Credit | F3: طريقة الدفع Pay Method | G3: الدافع / من المحفظة Paid By | H3: الحالة Status | I3: بند الصرف Wallet Band | J3: الرصيد Balance | K3: ملاحظات Notes | L3: # إيداع | M3: # محفظة | N3: # طباعة | O3: # شركاء | P3: تسلسل_محفظة | Q3: تسلسل_شركاء
A4: 46117 | B4: 82869 | C4: مبيدات الاتحاد الكويتي للمزارعين(4.500) | F4: نقداً | G4: المحفظة | H4: تم الدفع | I4: مبيدات وأسمدة | J4: =IFERROR(IF(AND(D4="",E4="",A4="",B4="",C4=""),"", D2+IF(OR(E4="",H4="معلق"),0,E4)-IF(OR(G4="أبو اسحاق",G4="أبو آدم",G4="أبو اسحاق ",G4="أبو آدم "),0,IF(D4="",0,D4))),D2) -> 0 | L4: =IF(E4>0,COUNTIF($E$4:E4,">0"),"") | M4: =IF(AND(D4>0,G4="المحفظة"),COUNTIFS($D$4:D4,">"&0,$G$4:G4,"المحفظة"),"") | N4: =IF(AND(OR('طباعة كشف الحساب'!$C$2="الكل",MONTH(A4)=IFERROR(MATCH('طباعة كشف الحساب'!$C$2,{"يناير","فبراير","مارس","أبريل","مايو","يونيو","يوليو","أغسطس","سبتمبر","أكتوبر","نوفمبر","ديسمبر"},0),0)),OR('طباعة كشف الحساب'!$F$2="الكل",YEAR(A4)=IFERROR(VALUE('طباعة كشف الحساب'!$F$2),0)),A4<>""),1,"") | O4: =IF(AND(D4>0,F4="أحد الشركاء"),1,"") | P4: =IF(OR($A4="",$F4="أحد الشركاء",AND($D4="",$E4="")),"",SUMPRODUCT(($A$4:$A4<>"")*($F$4:$F4<>"أحد الشركاء")*((($D$4:$D4<>"")+($E$4:$E4<>""))>0))) | Q4: =IF(OR($A4="",$F4<>"أحد الشركاء"),"",COUNTIFS($A$4:A4,"<>",$F$4:F4,"أحد الشركاء"))
A5: 46121 | B5: Inv-001 | C5: بيع عدد١ اناناس | E5: 5 | F5: نقداً | H5: تم الدفع | J5: =IF(AND(D5="",E5="",A5="",B5="",C5=""),"", IFERROR(IF(J4="",D2,J4),D2)+IF(OR(E5="",H5="معلق"),0,E5)-IF(OR(G5="أبو اسحاق",G5="أبو آدم",G5="أبو اسحاق ",G5="أبو آدم "),0,IF(D5="",0,D5))) -> 5 | L5: =IF(E5>0,COUNTIF($E$4:E5,">0"),"") -> 1 | M5: =IF(AND(D5>0,G5="المحفظة"),COUNTIFS($D$4:D5,">"&0,$G$4:G5,"المحفظة"),"") | N5: =IF(AND(OR('طباعة كشف الحساب'!$C$2="الكل",MONTH(A5)=IFERROR(MATCH('طباعة كشف الحساب'!$C$2,{"يناير","فبراير","مارس","أبريل","مايو","يونيو","يوليو","أغسطس","سبتمبر","أكتوبر","نوفمبر","ديسمبر"},0),0)),OR('طباعة كشف الحساب'!$F$2="الكل",YEAR(A5)=IFERROR(VALUE('طباعة كشف الحساب'!$F$2),0)),A5<>""),IFERROR(MAX($N$4:N4),0)+1,"") | O5: =IF(AND(D5>0,F5="أحد الشركاء"),COUNTIFS($D$4:D5,">"&0,$F$4:F5,"أحد الشركاء"),"") | P5: =IF(OR($A5="",$F5="أحد الشركاء",AND($D5="",$E5="")),"",SUMPRODUCT(($A$4:$A5<>"")*($F$4:$F5<>"أحد الشركاء")*((($D$4:$D5<>"")+($E$4:$E5<>""))>0))) -> 1 | Q5: =IF(OR($A5="",$F5<>"أحد الشركاء"),"",COUNTIFS($A$4:A5,"<>",$F$4:F5,"أحد الشركاء"))
A6: 46124 | B6: 242 | C6: احواض حجم 18سم عدد 2000-(90) | F6: نقداً | G6: المحفظة | H6: تم الدفع | I6: مستلزمات زراعية | J6: =IF(AND(D6="",E6="",A6="",B6="",C6=""),"", IFERROR(IF(J5="",D2,J5),D2)+IF(OR(E6="",H6="معلق"),0,E6)-IF(OR(G6="أبو اسحاق",G6="أبو آدم",G6="أبو اسحاق ",G6="أبو آدم "),0,IF(D6="",0,D6))) -> 5 | L6: =IF(E6>0,COUNTIF($E$4:E6,">0"),"") | M6: =IF(AND(D6>0,G6="المحفظة"),COUNTIFS($D$4:D6,">"&0,$G$4:G6,"المحفظة"),"") | N6: =IF(AND(OR('طباعة كشف الحساب'!$C$2="الكل",MONTH(A6)=IFERROR(MATCH('طباعة كشف الحساب'!$C$2,{"يناير","فبراير","مارس","أبريل","مايو","يونيو","يوليو","أغسطس","سبتمبر","أكتوبر","نوفمبر","ديسمبر"},0),0)),OR('طباعة كشف الحساب'!$F$2="الكل",YEAR(A6)=IFERROR(VALUE('طباعة كشف الحساب'!$F$2),0)),A6<>""),IFERROR(MAX($N$4:N5),0)+1,"") | O6: =IF(AND(D6>0,F6="أحد الشركاء"),COUNTIFS($D$4:D6,">"&0,$F$4:F6,"أحد الشركاء"),"") | P6: =IF(OR($A6="",$F6="أحد الشركاء",AND($D6="",$E6="")),"",SUMPRODUCT(($A$4:$A6<>"")*($F$4:$F6<>"أحد الشركاء")*((($D$4:$D6<>"")+($E$4:$E6<>""))>0))) | Q6: =IF(OR($A6="",$F6<>"أحد الشركاء"),"",COUNTIFS($A$4:A6,"<>",$F$4:F6,"أحد الشركاء"))
A7: 46131 | C7: تبديل كمبرسيور ثلاجة العمال | D7: 45 | F7: أحد الشركاء | G7: أبو اسحاق | H7: معلق | I7: صيانة المعدات | J7: =IF(AND(D7="",E7="",A7="",B7="",C7=""),"", IFERROR(IF(J6="",D2,J6),D2)+IF(OR(E7="",H7="معلق"),0,E7)-IF(OR(G7="أبو اسحاق",G7="أبو آدم",G7="أبو اسحاق ",G7="أبو آدم "),0,IF(D7="",0,D7))) -> 5 | L7: =IF(E7>0,COUNTIF($E$4:E7,">0"),"") | M7: =IF(AND(D7>0,G7="المحفظة"),COUNTIFS($D$4:D7,">"&0,$G$4:G7,"المحفظة"),"") | N7: =IF(AND(OR('طباعة كشف الحساب'!$C$2="الكل",MONTH(A7)=IFERROR(MATCH('طباعة كشف الحساب'!$C$2,{"يناير","فبراير","مارس","أبريل","مايو","يونيو","يوليو","أغسطس","سبتمبر","أكتوبر","نوفمبر","ديسمبر"},0),0)),OR('طباعة كشف الحساب'!$F$2="الكل",YEAR(A7)=IFERROR(VALUE('طباعة كشف الحساب'!$F$2),0)),A7<>""),IFERROR(MAX($N$4:N6),0)+1,"") | O7: =IF(AND(D7>0,F7="أحد الشركاء"),COUNTIFS($D$4:D7,">"&0,$F$4:F7,"أحد الشركاء"),"") -> 1 | P7: =IF(OR($A7="",$F7="أحد الشركاء",AND($D7="",$E7="")),"",SUMPRODUCT(($A$4:$A7<>"")*($F$4:$F7<>"أحد الشركاء")*((($D$4:$D7<>"")+($E$4:$E7<>""))>0))) | Q7: =IF(OR($A7="",$F7<>"أحد الشركاء"),"",COUNTIFS($A$4:A7,"<>",$F$4:F7,"أحد الشركاء")) -> 1
A8: 46134 | B8: 11300 | C8: فلاتر كيميكال لمحطة التحلية | D8: 55 | F8: أحد الشركاء | G8: أبو اسحاق | H8: معلق | I8: وقود ومحروقات | J8: =IF(AND(D8="",E8="",A8="",B8="",C8=""),"", IFERROR(IF(J7="",D2,J7),D2)+IF(OR(E8="",H8="معلق"),0,E8)-IF(OR(G8="أبو اسحاق",G8="أبو آدم",G8="أبو اسحاق ",G8="أبو آدم "),0,IF(D8="",0,D8))) -> 5 | L8: =IF(E8>0,COUNTIF($E$4:E8,">0"),"") | M8: =IF(AND(D8>0,G8="المحفظة"),COUNTIFS($D$4:D8,">"&0,$G$4:G8,"المحفظة"),"") | N8: =IF(AND(OR('طباعة كشف الحساب'!$C$2="الكل",MONTH(A8)=IFERROR(MATCH('طباعة كشف الحساب'!$C$2,{"يناير","فبراير","مارس","أبريل","مايو","يونيو","يوليو","أغسطس","سبتمبر","أكتوبر","نوفمبر","ديسمبر"},0),0)),OR('طباعة كشف الحساب'!$F$2="الكل",YEAR(A8)=IFERROR(VALUE('طباعة كشف الحساب'!$F$2),0)),A8<>""),IFERROR(MAX($N$4:N7),0)+1,"") | O8: =IF(AND(D8>0,F8="أحد الشركاء"),COUNTIFS($D$4:D8,">"&0,$F$4:F8,"أحد الشركاء"),"") -> 2 | P8: =IF(OR($A8="",$F8="أحد الشركاء",AND($D8="",$E8="")),"",SUMPRODUCT(($A$4:$A8<>"")*($F$4:$F8<>"أحد الشركاء")*((($D$4:$D8<>"")+($E$4:$E8<>""))>0))) | Q8: =IF(OR($A8="",$F8<>"أحد الشركاء"),"",COUNTIFS($A$4:A8,"<>",$F$4:F8,"أحد الشركاء")) -> 2
A9: 46134 | C9: ديزل لمكينة الكهرباء | D9: 20 | F9: أحد الشركاء | G9: أبو اسحاق | H9: معلق | I9: وقود ومحروقات | J9: =IF(AND(D9="",E9="",A9="",B9="",C9=""),"", IFERROR(IF(J8="",D2,J8),D2)+IF(OR(E9="",H9="معلق"),0,E9)-IF(OR(G9="أبو اسحاق",G9="أبو آدم",G9="أبو اسحاق ",G9="أبو آدم "),0,IF(D9="",0,D9))) -> 5 | L9: =IF(E9>0,COUNTIF($E$4:E9,">0"),"") | M9: =IF(AND(D9>0,G9="المحفظة"),COUNTIFS($D$4:D9,">"&0,$G$4:G9,"المحفظة"),"") | N9: =IF(AND(OR('طباعة كشف الحساب'!$C$2="الكل",MONTH(A9)=IFERROR(MATCH('طباعة كشف الحساب'!$C$2,{"يناير","فبراير","مارس","أبريل","مايو","يونيو","يوليو","أغسطس","سبتمبر","أكتوبر","نوفمبر","ديسمبر"},0),0)),OR('طباعة كشف الحساب'!$F$2="الكل",YEAR(A9)=IFERROR(VALUE('طباعة كشف الحساب'!$F$2),0)),A9<>""),IFERROR(MAX($N$4:N8),0)+1,"") | O9: =IF(AND(D9>0,F9="أحد الشركاء"),COUNTIFS($D$4:D9,">"&0,$F$4:F9,"أحد الشركاء"),"") -> 3 | P9: =IF(OR($A9="",$F9="أحد الشركاء",AND($D9="",$E9="")),"",SUMPRODUCT(($A$4:$A9<>"")*($F$4:$F9<>"أحد الشركاء")*((($D$4:$D9<>"")+($E$4:$E9<>""))>0))) | Q9: =IF(OR($A9="",$F9<>"أحد الشركاء"),"",COUNTIFS($A$4:A9,"<>",$F$4:F9,"أحد الشركاء")) -> 3
A10: 46134 | B10: 8127 | C10: تاير لعربة الرش | D10: 3 | F10: نقداً | G10: المحفظة | H10: تم الدفع | I10: مستلزمات زراعية | J10: =IF(AND(D10="",E10="",A10="",B10="",C10=""),"", IFERROR(IF(J9="",D2,J9),D2)+IF(OR(E10="",H10="معلق"),0,E10)-IF(OR(G10="أبو اسحاق",G10="أبو آدم",G10="أبو اسحاق ",G10="أبو آدم "),0,IF(D10="",0,D10))) -> 2 | K10: تم الصرف | L10: =IF(E10>0,COUNTIF($E$4:E10,">0"),"") | M10: =IF(AND(D10>0,G10="المحفظة"),COUNTIFS($D$4:D10,">"&0,$G$4:G10,"المحفظة"),"") -> 1 | N10: =IF(AND(OR('طباعة كشف الحساب'!$C$2="الكل",MONTH(A10)=IFERROR(MATCH('طباعة كشف الحساب'!$C$2,{"يناير","فبراير","مارس","أبريل","مايو","يونيو","يوليو","أغسطس","سبتمبر","أكتوبر","نوفمبر","ديسمبر"},0),0)),OR('طباعة كشف الحساب'!$F$2="الكل",YEAR(A10)=IFERROR(VALUE('طباعة كشف الحساب'!$F$2),0)),A10<>""),IFERROR(MAX($N$4:N9),0)+1,"") | O10: =IF(AND(D10>0,F10="أحد الشركاء"),COUNTIFS($D$4:D10,">"&0,$F$4:F10,"أحد الشركاء"),"") | P10: =IF(OR($A10="",$F10="أحد الشركاء",AND($D10="",$E10="")),"",SUMPRODUCT(($A$4:$A10<>"")*($F$4:$F10<>"أحد الشركاء")*((($D$4:$D10<>"")+($E$4:$E10<>""))>0))) -> 2 | Q10: =IF(OR($A10="",$F10<>"أحد الشركاء"),"",COUNTIFS($A$4:A10,"<>",$F$4:F10,"أحد الشركاء"))
A11: 46134 | B11: 242 | C11: احواض حجم25سم عدد 2000 | D11: 160 | F11: أحد الشركاء | G11: أبو آدم | H11: معلق | I11: أحواض وأدوات | J11: =IF(AND(D11="",E11="",A11="",B11="",C11=""),"", IFERROR(IF(J10="",D2,J10),D2)+IF(OR(E11="",H11="معلق"),0,E11)-IF(OR(G11="أبو اسحاق",G11="أبو آدم",G11="أبو اسحاق ",G11="أبو آدم "),0,IF(D11="",0,D11))) -> 2 | L11: =IF(E11>0,COUNTIF($E$4:E11,">0"),"") | M11: =IF(AND(D11>0,G11="المحفظة"),COUNTIFS($D$4:D11,">"&0,$G$4:G11,"المحفظة"),"") | N11: =IF(AND(OR('طباعة كشف الحساب'!$C$2="الكل",MONTH(A11)=IFERROR(MATCH('طباعة كشف الحساب'!$C$2,{"يناير","فبراير","مارس","أبريل","مايو","يونيو","يوليو","أغسطس","سبتمبر","أكتوبر","نوفمبر","ديسمبر"},0),0)),OR('طباعة كشف الحساب'!$F$2="الكل",YEAR(A11)=IFERROR(VALUE('طباعة كشف الحساب'!$F$2),0)),A11<>""),IFERROR(MAX($N$4:N10),0)+1,"") | O11: =IF(AND(D11>0,F11="أحد الشركاء"),COUNTIFS($D$4:D11,">"&0,$F$4:F11,"أحد الشركاء"),"") -> 4 | P11: =IF(OR($A11="",$F11="أحد الشركاء",AND($D11="",$E11="")),"",SUMPRODUCT(($A$4:$A11<>"")*($F$4:$F11<>"أحد الشركاء")*((($D$4:$D11<>"")+($E$4:$E11<>""))>0))) | Q11: =IF(OR($A11="",$F11<>"أحد الشركاء"),"",COUNTIFS($A$4:A11,"<>",$F$4:F11,"أحد الشركاء")) -> 4
A12: 46142 | C12: مدخول شهر ابريل | E12: 40.5 | J12: =IF(AND(D12="",E12="",A12="",B12="",C12=""),"", IFERROR(IF(J11="",D2,J11),D2)+IF(OR(E12="",H12="معلق"),0,E12)-IF(OR(G12="أبو اسحاق",G12="أبو آدم",G12="أبو اسحاق ",G12="أبو آدم "),0,IF(D12="",0,D12))) -> 42.5 | L12: =IF(E12>0,COUNTIF($E$4:E12,">0"),"") -> 2 | M12: =IF(AND(D12>0,G12="المحفظة"),COUNTIFS($D$4:D12,">"&0,$G$4:G12,"المحفظة"),"") | N12: =IF(AND(OR('طباعة كشف الحساب'!$C$2="الكل",MONTH(A12)=IFERROR(MATCH('طباعة كشف الحساب'!$C$2,{"يناير","فبراير","مارس","أبريل","مايو","يونيو","يوليو","أغسطس","سبتمبر","أكتوبر","نوفمبر","ديسمبر"},0),0)),OR('طباعة كشف الحساب'!$F$2="الكل",YEAR(A12)=IFERROR(VALUE('طباعة كشف الحساب'!$F$2),0)),A12<>""),IFERROR(MAX($N$4:N11),0)+1,"") | O12: =IF(AND(D12>0,F12="أحد الشركاء"),COUNTIFS($D$4:D12,">"&0,$F$4:F12,"أحد الشركاء"),"") | P12: =IF(OR($A12="",$F12="أحد الشركاء",AND($D12="",$E12="")),"",SUMPRODUCT(($A$4:$A12<>"")*($F$4:$F12<>"أحد الشركاء")*((($D$4:$D12<>"")+($E$4:$E12<>""))>0))) -> 3 | Q12: =IF(OR($A12="",$F12<>"أحد الشركاء"),"",COUNTIFS($A$4:A12,"<>",$F$4:F12,"أحد الشركاء"))
A13: 46142 | B13: 40505 | C13: احواض حجم 14سم عدد 2000(40) | F13: نقداً | G13: المحفظة | H13: تم الدفع | I13: أحواض وأدوات | J13: =IF(AND(D13="",E13="",A13="",B13="",C13=""),"", IFERROR(IF(J12="",D2,J12),D2)+IF(OR(E13="",H13="معلق"),0,E13)-IF(OR(G13="أبو اسحاق",G13="أبو آدم",G13="أبو اسحاق ",G13="أبو آدم "),0,IF(D13="",0,D13))) -> 42.5 | L13: =IF(E13>0,COUNTIF($E$4:E13,">0"),"") | M13: =IF(AND(D13>0,G13="المحفظة"),COUNTIFS($D$4:D13,">"&0,$G$4:G13,"المحفظة"),"") | N13: =IF(AND(OR('طباعة كشف الحساب'!$C$2="الكل",MONTH(A13)=IFERROR(MATCH('طباعة كشف الحساب'!$C$2,{"يناير","فبراير","مارس","أبريل","مايو","يونيو","يوليو","أغسطس","سبتمبر","أكتوبر","نوفمبر","ديسمبر"},0),0)),OR('طباعة كشف الحساب'!$F$2="الكل",YEAR(A13)=IFERROR(VALUE('طباعة كشف الحساب'!$F$2),0)),A13<>""),IFERROR(MAX($N$4:N12),0)+1,"") | O13: =IF(AND(D13>0,F13="أحد الشركاء"),COUNTIFS($D$4:D13,">"&0,$F$4:F13,"أحد الشركاء"),"") | P13: =IF(OR($A13="",$F13="أحد الشركاء",AND($D13="",$E13="")),"",SUMPRODUCT(($A$4:$A13<>"")*($F$4:$F13<>"أحد الشركاء")*((($D$4:$D13<>"")+($E$4:$E13<>""))>0))) | Q13: =IF(OR($A13="",$F13<>"أحد الشركاء"),"",COUNTIFS($A$4:A13,"<>",$F$4:F13,"أحد الشركاء"))
A14: 46142 | B14: 5370 | C14: جبس لتغطيه المحميه(3) | F14: نقداً | G14: المحفظة | H14: تم الدفع | I14: مبيدات وأسمدة | J14: =IF(AND(D14="",E14="",A14="",B14="",C14=""),"", IFERROR(IF(J13="",D2,J13),D2)+IF(OR(E14="",H14="معلق"),0,E14)-IF(OR(G14="أبو اسحاق",G14="أبو آدم",G14="أبو اسحاق ",G14="أبو آدم "),0,IF(D14="",0,D14))) -> 42.5 | L14: =IF(E14>0,COUNTIF($E$4:E14,">0"),"") | M14: =IF(AND(D14>0,G14="المحفظة"),COUNTIFS($D$4:D14,">"&0,$G$4:G14,"المحفظة"),"") | N14: =IF(AND(OR('طباعة كشف الحساب'!$C$2="الكل",MONTH(A14)=IFERROR(MATCH('طباعة كشف الحساب'!$C$2,{"يناير","فبراير","مارس","أبريل","مايو","يونيو","يوليو","أغسطس","سبتمبر","أكتوبر","نوفمبر","ديسمبر"},0),0)),OR('طباعة كشف الحساب'!$F$2="الكل",YEAR(A14)=IFERROR(VALUE('طباعة كشف الحساب'!$F$2),0)),A14<>""),IFERROR(MAX($N$4:N13),0)+1,"") | O14: =IF(AND(D14>0,F14="أحد الشركاء"),COUNTIFS($D$4:D14,">"&0,$F$4:F14,"أحد الشركاء"),"") | P14: =IF(OR($A14="",$F14="أحد الشركاء",AND($D14="",$E14="")),"",SUMPRODUCT(($A$4:$A14<>"")*($F$4:$F14<>"أحد الشركاء")*((($D$4:$D14<>"")+($E$4:$E14<>""))>0))) | Q14: =IF(OR($A14="",$F14<>"أحد الشركاء"),"",COUNTIFS($A$4:A14,"<>",$F$4:F14,"أحد الشركاء"))
A15: 46142 | C15: بونص عمالة أبريل(5) | F15: نقداً | G15: المحفظة | H15: تم الدفع | I15: رواتب وعمالة | J15: =IF(AND(D15="",E15="",A15="",B15="",C15=""),"", IFERROR(IF(J14="",D3,J14),D3)+IF(OR(E15="",H15="معلق"),0,E15)-IF(OR(G15="أبو اسحاق",G15="أبو آدم",G15="أبو اسحاق ",G15="أبو آدم "),0,IF(D15="",0,D15))) -> 42.5 | L15: =IF(E15>0,COUNTIF($E$4:E15,">0"),"") | N15: =IF(AND(OR('طباعة كشف الحساب'!$C$2="الكل",MONTH(A15)=IFERROR(MATCH('طباعة كشف الحساب'!$C$2,{"يناير","فبراير","مارس","أبريل","مايو","يونيو","يوليو","أغسطس","سبتمبر","أكتوبر","نوفمبر","ديسمبر"},0),0)),OR('طباعة كشف الحساب'!$F$2="الكل",YEAR(A15)=IFERROR(VALUE('طباعة كشف الحساب'!$F$2),0)),A15<>""),IFERROR(MAX($N$4:N14),0)+1,"") | P15: =IF(OR($A15="",$F15="أحد الشركاء",AND($D15="",$E15="")),"",SUMPRODUCT(($A$4:$A15<>"")*($F$4:$F15<>"أحد الشركاء")*((($D$4:$D15<>"")+($E$4:$E15<>""))>0))) | Q15: =IF(OR($A15="",$F15<>"أحد الشركاء"),"",COUNTIFS($A$4:A15,"<>",$F$4:F15,"أحد الشركاء"))
A16: 46151 | B16: Inv-013 | C16: فل عدد 21 سعر الحبه .0.750 | E16: 15.75 | F16: نقداً | H16: تم الدفع | J16: =IF(AND(D16="",E16="",A16="",B16="",C16=""),"", IFERROR(IF(J15="",D2,J15),D2)+IF(OR(E16="",H16="معلق"),0,E16)-IF(OR(G16="أبو اسحاق",G16="أبو آدم",G16="أبو اسحاق ",G16="أبو آدم "),0,IF(D16="",0,D16))) -> 58.25 | L16: =IF(E15>0,COUNTIF($E$4:E15,">0"),"") | M16: =IF(AND(D15>0,G15="المحفظة"),COUNTIFS($D$4:D15,">"&0,$G$4:G15,"المحفظة"),"") | N16: =IF(AND(OR('طباعة كشف الحساب'!$C$2="الكل",MONTH(A16)=IFERROR(MATCH('طباعة كشف الحساب'!$C$2,{"يناير","فبراير","مارس","أبريل","مايو","يونيو","يوليو","أغسطس","سبتمبر","أكتوبر","نوفمبر","ديسمبر"},0),0)),OR('طباعة كشف الحساب'!$F$2="الكل",YEAR(A16)=IFERROR(VALUE('طباعة كشف الحساب'!$F$2),0)),A16<>""),IFERROR(MAX($N$4:N15),0)+1,"") | O16: =IF(AND(D15>0,F15="أحد الشركاء"),COUNTIFS($D$4:D15,">"&0,$F$4:F15,"أحد الشركاء"),"") | P16: =IF(OR($A16="",$F16="أحد الشركاء",AND($D16="",$E16="")),"",SUMPRODUCT(($A$4:$A16<>"")*($F$4:$F16<>"أحد الشركاء")*((($D$4:$D16<>"")+($E$4:$E16<>""))>0))) -> 4 | Q16: =IF(OR($A16="",$F16<>"أحد الشركاء"),"",COUNTIFS($A$4:A16,"<>",$F$4:F16,"أحد الشركاء"))
A17: 46151 | B17: Inv-013A | C17: برازيليا عدد 25 سعر الحبه .500 | E17: 12.5 | F17: نقداً | G17: المحفظة | H17: تم الدفع | J17: =IF(AND(D17="",E17="",A17="",B17="",C17=""),"", IFERROR(IF(J16="",D2,J16),D2)+IF(OR(E17="",H17="معلق"),0,E17)-IF(OR(G17="أبو اسحاق",G17="أبو آدم",G17="أبو اسحاق ",G17="أبو آدم "),0,IF(D17="",0,D17))) -> 70.75 | L17: =IF(E16>0,COUNTIF($E$4:E16,">0"),"") -> 3 | M17: =IF(AND(D16>0,G16="المحفظة"),COUNTIFS($D$4:D16,">"&0,$G$4:G16,"المحفظة"),"") | N17: =IF(AND(OR('طباعة كشف الحساب'!$C$2="الكل",MONTH(A17)=IFERROR(MATCH('طباعة كشف الحساب'!$C$2,{"يناير","فبراير","مارس","أبريل","مايو","يونيو","يوليو","أغسطس","سبتمبر","أكتوبر","نوفمبر","ديسمبر"},0),0)),OR('طباعة كشف الحساب'!$F$2="الكل",YEAR(A17)=IFERROR(VALUE('طباعة كشف الحساب'!$F$2),0)),A17<>""),IFERROR(MAX($N$4:N16),0)+1,"") | O17: =IF(AND(D16>0,F16="أحد الشركاء"),COUNTIFS($D$4:D16,">"&0,$F$4:F16,"أحد الشركاء"),"") | P17: =IF(OR($A17="",$F17="أحد الشركاء",AND($D17="",$E17="")),"",SUMPRODUCT(($A$4:$A17<>"")*($F$4:$F17<>"أحد الشركاء")*((($D$4:$D17<>"")+($E$4:$E17<>""))>0))) -> 5 | Q17: =IF(OR($A17="",$F17<>"أحد الشركاء"),"",COUNTIFS($A$4:A17,"<>",$F$4:F17,"أحد الشركاء"))
A18: 46151 | B18: 18213 | C18: شراء دريل | D18: 9 | F18: أحد الشركاء | G18: أبو اسحاق | H18: معلق | I18: مستلزمات زراعية | J18: =IF(AND(D18="",E18="",A18="",B18="",C18=""),"", IFERROR(IF(J17="",D2,J17),D2)+IF(OR(E18="",H18="معلق"),0,E18)-IF(OR(G18="أبو اسحاق",G18="أبو آدم",G18="أبو اسحاق ",G18="أبو آدم "),0,IF(D18="",0,D18))) -> 70.75 | L18: =IF(E17>0,COUNTIF($E$4:E17,">0"),"") -> 4 | M18: =IF(AND(D17>0,G17="المحفظة"),COUNTIFS($D$4:D17,">"&0,$G$4:G17,"المحفظة"),"") | N18: =IF(AND(OR('طباعة كشف الحساب'!$C$2="الكل",MONTH(A18)=IFERROR(MATCH('طباعة كشف الحساب'!$C$2,{"يناير","فبراير","مارس","أبريل","مايو","يونيو","يوليو","أغسطس","سبتمبر","أكتوبر","نوفمبر","ديسمبر"},0),0)),OR('طباعة كشف الحساب'!$F$2="الكل",YEAR(A18)=IFERROR(VALUE('طباعة كشف الحساب'!$F$2),0)),A18<>""),IFERROR(MAX($N$4:N17),0)+1,"") | O18: =IF(AND(D17>0,F17="أحد الشركاء"),COUNTIFS($D$4:D17,">"&0,$F$4:F17,"أحد الشركاء"),"") | P18: =IF(OR($A18="",$F18="أحد الشركاء",AND($D18="",$E18="")),"",SUMPRODUCT(($A$4:$A18<>"")*($F$4:$F18<>"أحد الشركاء")*((($D$4:$D18<>"")+($E$4:$E18<>""))>0))) | Q18: =IF(OR($A18="",$F18<>"أحد الشركاء"),"",COUNTIFS($A$4:A18,"<>",$F$4:F18,"أحد الشركاء")) -> 5
A19: 46152 | B19: Inv-016 | C19: ودليه عدد 3 الحبه 0.750 | E19: 2.25 | F19: نقداً | J19: =IF(AND(D19="",E19="",A19="",B19="",C19=""),"", IFERROR(IF(J18="",D2,J18),D2)+IF(OR(E19="",H19="معلق"),0,E19)-IF(OR(G19="أبو اسحاق",G19="أبو آدم",G19="أبو اسحاق ",G19="أبو آدم "),0,IF(D19="",0,D19))) -> 73 | L19: =IF(E18>0,COUNTIF($E$4:E18,">0"),"") | M19: =IF(AND(D18>0,G18="المحفظة"),COUNTIFS($D$4:D18,">"&0,$G$4:G18,"المحفظة"),"") | N19: =IF(AND(OR('طباعة كشف الحساب'!$C$2="الكل",MONTH(A19)=IFERROR(MATCH('طباعة كشف الحساب'!$C$2,{"يناير","فبراير","مارس","أبريل","مايو","يونيو","يوليو","أغسطس","سبتمبر","أكتوبر","نوفمبر","ديسمبر"},0),0)),OR('طباعة كشف الحساب'!$F$2="الكل",YEAR(A19)=IFERROR(VALUE('طباعة كشف الحساب'!$F$2),0)),A19<>""),IFERROR(MAX($N$4:N18),0)+1,"") | O19: =IF(AND(D18>0,F18="أحد الشركاء"),COUNTIFS($D$4:D18,">"&0,$F$4:F18,"أحد الشركاء"),"") -> 5 | P19: =IF(OR($A19="",$F19="أحد الشركاء",AND($D19="",$E19="")),"",SUMPRODUCT(($A$4:$A19<>"")*($F$4:$F19<>"أحد الشركاء")*((($D$4:$D19<>"")+($E$4:$E19<>""))>0))) -> 6 | Q19: =IF(OR($A19="",$F19<>"أحد الشركاء"),"",COUNTIFS($A$4:A19,"<>",$F$4:F19,"أحد الشركاء"))
A20: 46155 | B20: Inv-017 | C20: فل عدد 10 الحبه 0.750 | E20: 7.5 | F20: نقداً | J20: =IF(AND(D20="",E20="",A20="",B20="",C20=""),"", IFERROR(IF(J19="",D2,J19),D2)+IF(OR(E20="",H20="معلق"),0,E20)-IF(OR(G20="أبو اسحاق",G20="أبو آدم",G20="أبو اسحاق ",G20="أبو آدم "),0,IF(D20="",0,D20))) -> 80.5 | L20: =IF(E19>0,COUNTIF($E$4:E19,">0"),"") -> 5 | M20: =IF(AND(D19>0,G19="المحفظة"),COUNTIFS($D$4:D19,">"&0,$G$4:G19,"المحفظة"),"") | N20: =IF(AND(OR('طباعة كشف الحساب'!$C$2="الكل",MONTH(A20)=IFERROR(MATCH('طباعة كشف الحساب'!$C$2,{"يناير","فبراير","مارس","أبريل","مايو","يونيو","يوليو","أغسطس","سبتمبر","أكتوبر","نوفمبر","ديسمبر"},0),0)),OR('طباعة كشف الحساب'!$F$2="الكل",YEAR(A20)=IFERROR(VALUE('طباعة كشف الحساب'!$F$2),0)),A20<>""),IFERROR(MAX($N$4:N19),0)+1,"") | O20: =IF(AND(D19>0,F19="أحد الشركاء"),COUNTIFS($D$4:D19,">"&0,$F$4:F19,"أحد الشركاء"),"") | P20: =IF(OR($A20="",$F20="أحد الشركاء",AND($D20="",$E20="")),"",SUMPRODUCT(($A$4:$A20<>"")*($F$4:$F20<>"أحد الشركاء")*((($D$4:$D20<>"")+($E$4:$E20<>""))>0))) -> 7 | Q20: =IF(OR($A20="",$F20<>"أحد الشركاء"),"",COUNTIFS($A$4:A20,"<>",$F$4:F20,"أحد الشركاء"))
A21: 46156 | B21: Inv-18A | C21: ربل 4 حبات الحبه 1.500 | E21: 6 | F21: نقداً | J21: =IF(AND(D21="",E21="",A21="",B21="",C21=""),"", IFERROR(IF(J20="",D2,J20),D2)+IF(OR(E21="",H21="معلق"),0,E21)-IF(OR(G21="أبو اسحاق",G21="أبو آدم",G21="أبو اسحاق ",G21="أبو آدم "),0,IF(D21="",0,D21))) -> 86.5 | L21: =IF(E20>0,COUNTIF($E$4:E20,">0"),"") -> 6 | M21: =IF(AND(D20>0,G20="المحفظة"),COUNTIFS($D$4:D20,">"&0,$G$4:G20,"المحفظة"),"") | N21: =IF(AND(OR('طباعة كشف الحساب'!$C$2="الكل",MONTH(A21)=IFERROR(MATCH('طباعة كشف الحساب'!$C$2,{"يناير","فبراير","مارس","أبريل","مايو","يونيو","يوليو","أغسطس","سبتمبر","أكتوبر","نوفمبر","ديسمبر"},0),0)),OR('طباعة كشف الحساب'!$F$2="الكل",YEAR(A21)=IFERROR(VALUE('طباعة كشف الحساب'!$F$2),0)),A21<>""),IFERROR(MAX($N$4:N20),0)+1,"") | O21: =IF(AND(D20>0,F20="أحد الشركاء"),COUNTIFS($D$4:D20,">"&0,$F$4:F20,"أحد الشركاء"),"") | P21: =IF(OR($A21="",$F21="أحد الشركاء",AND($D21="",$E21="")),"",SUMPRODUCT(($A$4:$A21<>"")*($F$4:$F21<>"أحد الشركاء")*((($D$4:$D21<>"")+($E$4:$E21<>""))>0))) -> 8 | Q21: =IF(OR($A21="",$F21<>"أحد الشركاء"),"",COUNTIFS($A$4:A21,"<>",$F$4:F21,"أحد الشركاء"))
A22: 46156 | B22: Inv-18 | C22: ودليه 8 حبات الحبه 1 | E22: 8 | F22: نقداً | J22: =IF(AND(D22="",E22="",A22="",B22="",C22=""),"", IFERROR(IF(J21="",D2,J21),D2)+IF(OR(E22="",H22="معلق"),0,E22)-IF(OR(G22="أبو اسحاق",G22="أبو آدم",G22="أبو اسحاق ",G22="أبو آدم "),0,IF(D22="",0,D22))) -> 94.5 | L22: =IF(E21>0,COUNTIF($E$4:E21,">0"),"") -> 7 | M22: =IF(AND(D21>0,G21="المحفظة"),COUNTIFS($D$4:D21,">"&0,$G$4:G21,"المحفظة"),"") | N22: =IF(AND(OR('طباعة كشف الحساب'!$C$2="الكل",MONTH(A22)=IFERROR(MATCH('طباعة كشف الحساب'!$C$2,{"يناير","فبراير","مارس","أبريل","مايو","يونيو","يوليو","أغسطس","سبتمبر","أكتوبر","نوفمبر","ديسمبر"},0),0)),OR('طباعة كشف الحساب'!$F$2="الكل",YEAR(A22)=IFERROR(VALUE('طباعة كشف الحساب'!$F$2),0)),A22<>""),IFERROR(MAX($N$4:N21),0)+1,"") | O22: =IF(AND(D21>0,F21="أحد الشركاء"),COUNTIFS($D$4:D21,">"&0,$F$4:F21,"أحد الشركاء"),"") | P22: =IF(OR($A22="",$F22="أحد الشركاء",AND($D22="",$E22="")),"",SUMPRODUCT(($A$4:$A22<>"")*($F$4:$F22<>"أحد الشركاء")*((($D$4:$D22<>"")+($E$4:$E22<>""))>0))) -> 9 | Q22: =IF(OR($A22="",$F22<>"أحد الشركاء"),"",COUNTIFS($A$4:A22,"<>",$F$4:F22,"أحد الشركاء"))
A23: 46158 | B23: Inv-19 | C23: فل عدد 2 الحبه 0.750 | E23: 1.5 | F23: نقداً | J23: =IF(AND(D23="",E23="",A23="",B23="",C23=""),"", IFERROR(IF(J22="",D2,J22),D2)+IF(OR(E23="",H23="معلق"),0,E23)-IF(OR(G23="أبو اسحاق",G23="أبو آدم",G23="أبو اسحاق ",G23="أبو آدم "),0,IF(D23="",0,D23))) -> 96 | L23: =IF(E22>0,COUNTIF($E$4:E22,">0"),"") -> 8 | M23: =IF(AND(D22>0,G22="المحفظة"),COUNTIFS($D$4:D22,">"&0,$G$4:G22,"المحفظة"),"") | N23: =IF(AND(OR('طباعة كشف الحساب'!$C$2="الكل",MONTH(A23)=IFERROR(MATCH('طباعة كشف الحساب'!$C$2,{"يناير","فبراير","مارس","أبريل","مايو","يونيو","يوليو","أغسطس","سبتمبر","أكتوبر","نوفمبر","ديسمبر"},0),0)),OR('طباعة كشف الحساب'!$F$2="الكل",YEAR(A23)=IFERROR(VALUE('طباعة كشف الحساب'!$F$2),0)),A23<>""),IFERROR(MAX($N$4:N22),0)+1,"") | O23: =IF(AND(D22>0,F22="أحد الشركاء"),COUNTIFS($D$4:D22,">"&0,$F$4:F22,"أحد الشركاء"),"") | P23: =IF(OR($A23="",$F23="أحد الشركاء",AND($D23="",$E23="")),"",SUMPRODUCT(($A$4:$A23<>"")*($F$4:$F23<>"أحد الشركاء")*((($D$4:$D23<>"")+($E$4:$E23<>""))>0))) -> 10 | Q23: =IF(OR($A23="",$F23<>"أحد الشركاء"),"",COUNTIFS($A$4:A23,"<>",$F$4:F23,"أحد الشركاء"))
A24: 46158 | B24: Inv-20 | C24: صبار اوليفيرا عدد 3 الحبه 0.750 | E24: 2.25 | F24: نقداً | J24: =IF(AND(D24="",E24="",A24="",B24="",C24=""),"", IFERROR(IF(J23="",D2,J23),D2)+IF(OR(E24="",H24="معلق"),0,E24)-IF(OR(G24="أبو اسحاق",G24="أبو آدم",G24="أبو اسحاق ",G24="أبو آدم "),0,IF(D24="",0,D24))) -> 98.25 | L24: =IF(E23>0,COUNTIF($E$4:E23,">0"),"") -> 9 | M24: =IF(AND(D23>0,G23="المحفظة"),COUNTIFS($D$4:D23,">"&0,$G$4:G23,"المحفظة"),"") | N24: =IF(AND(OR('طباعة كشف الحساب'!$C$2="الكل",MONTH(A24)=IFERROR(MATCH('طباعة كشف الحساب'!$C$2,{"يناير","فبراير","مارس","أبريل","مايو","يونيو","يوليو","أغسطس","سبتمبر","أكتوبر","نوفمبر","ديسمبر"},0),0)),OR('طباعة كشف الحساب'!$F$2="الكل",YEAR(A24)=IFERROR(VALUE('طباعة كشف الحساب'!$F$2),0)),A24<>""),IFERROR(MAX($N$4:N23),0)+1,"") | O24: =IF(AND(D23>0,F23="أحد الشركاء"),COUNTIFS($D$4:D23,">"&0,$F$4:F23,"أحد الشركاء"),"") | P24: =IF(OR($A24="",$F24="أحد الشركاء",AND($D24="",$E24="")),"",SUMPRODUCT(($A$4:$A24<>"")*($F$4:$F24<>"أحد الشركاء")*((($D$4:$D24<>"")+($E$4:$E24<>""))>0))) -> 11 | Q24: =IF(OR($A24="",$F24<>"أحد الشركاء"),"",COUNTIFS($A$4:A24,"<>",$F$4:F24,"أحد الشركاء"))
A25: 46158 | B25: Inv-21 | C25: دارسينا عدد 1 الحبه 2.500 | E25: 2.5 | F25: نقداً | J25: =IF(AND(D25="",E25="",A25="",B25="",C25=""),"", IFERROR(IF(J24="",D2,J24),D2)+IF(OR(E25="",H25="معلق"),0,E25)-IF(OR(G25="أبو اسحاق",G25="أبو آدم",G25="أبو اسحاق ",G25="أبو آدم "),0,IF(D25="",0,D25))) -> 100.75 | L25: =IF(E24>0,COUNTIF($E$4:E24,">0"),"") -> 10 | M25: =IF(AND(D24>0,G24="المحفظة"),COUNTIFS($D$4:D24,">"&0,$G$4:G24,"المحفظة"),"") | N25: =IF(AND(OR('طباعة كشف الحساب'!$C$2="الكل",MONTH(A25)=IFERROR(MATCH('طباعة كشف الحساب'!$C$2,{"يناير","فبراير","مارس","أبريل","مايو","يونيو","يوليو","أغسطس","سبتمبر","أكتوبر","نوفمبر","ديسمبر"},0),0)),OR('طباعة كشف الحساب'!$F$2="الكل",YEAR(A25)=IFERROR(VALUE('طباعة كشف الحساب'!$F$2),0)),A25<>""),IFERROR(MAX($N$4:N24),0)+1,"") | O25: =IF(AND(D24>0,F24="أحد الشركاء"),COUNTIFS($D$4:D24,">"&0,$F$4:F24,"أحد الشركاء"),"") | P25: =IF(OR($A25="",$F25="أحد الشركاء",AND($D25="",$E25="")),"",SUMPRODUCT(($A$4:$A25<>"")*($F$4:$F25<>"أحد الشركاء")*((($D$4:$D25<>"")+($E$4:$E25<>""))>0))) -> 12 | Q25: =IF(OR($A25="",$F25<>"أحد الشركاء"),"",COUNTIFS($A$4:A25,"<>",$F$4:F25,"أحد الشركاء"))
A26: 46159 | B26: Inv-22 | C26: فل عدد 30 الحبه 0.750 | E26: 22.5 | F26: نقداً | J26: =IF(AND(D26="",E26="",A26="",B26="",C26=""),"", IFERROR(IF(J25="",D2,J25),D2)+IF(OR(E26="",H26="معلق"),0,E26)-IF(OR(G26="أبو اسحاق",G26="أبو آدم",G26="أبو اسحاق ",G26="أبو آدم "),0,IF(D26="",0,D26))) -> 123.25 | K26: تم إعطاء 1 حبه هديه الإجمالي 31 حبه | L26: =IF(E25>0,COUNTIF($E$4:E25,">0"),"") -> 11 | M26: =IF(AND(D25>0,G25="المحفظة"),COUNTIFS($D$4:D25,">"&0,$G$4:G25,"المحفظة"),"") | N26: =IF(AND(OR('طباعة كشف الحساب'!$C$2="الكل",MONTH(A26)=IFERROR(MATCH('طباعة كشف الحساب'!$C$2,{"يناير","فبراير","مارس","أبريل","مايو","يونيو","يوليو","أغسطس","سبتمبر","أكتوبر","نوفمبر","ديسمبر"},0),0)),OR('طباعة كشف الحساب'!$F$2="الكل",YEAR(A26)=IFERROR(VALUE('طباعة كشف الحساب'!$F$2),0)),A26<>""),IFERROR(MAX($N$4:N25),0)+1,"") | O26: =IF(AND(D25>0,F25="أحد الشركاء"),COUNTIFS($D$4:D25,">"&0,$F$4:F25,"أحد الشركاء"),"") | P26: =IF(OR($A26="",$F26="أحد الشركاء",AND($D26="",$E26="")),"",SUMPRODUCT(($A$4:$A26<>"")*($F$4:$F26<>"أحد الشركاء")*((($D$4:$D26<>"")+($E$4:$E26<>""))>0))) -> 13 | Q26: =IF(OR($A26="",$F26<>"أحد الشركاء"),"",COUNTIFS($A$4:A26,"<>",$F$4:F26,"أحد الشركاء"))
A27: 46159 | B27: Inv-23 | C27: برازيليا عدد 16 الحبه 0.500 | E27: 8 | F27: نقداً | J27: =IF(AND(D27="",E27="",A27="",B27="",C27=""),"", IFERROR(IF(J26="",D2,J26),D2)+IF(OR(E27="",H27="معلق"),0,E27)-IF(OR(G27="أبو اسحاق",G27="أبو آدم",G27="أبو اسحاق ",G27="أبو آدم "),0,IF(D27="",0,D27))) -> 131.25 | L27: =IF(E26>0,COUNTIF($E$4:E26,">0"),"") -> 12 | M27: =IF(AND(D26>0,G26="المحفظة"),COUNTIFS($D$4:D26,">"&0,$G$4:G26,"المحفظة"),"") | N27: =IF(AND(OR('طباعة كشف الحساب'!$C$2="الكل",MONTH(A27)=IFERROR(MATCH('طباعة كشف الحساب'!$C$2,{"يناير","فبراير","مارس","أبريل","مايو","يونيو","يوليو","أغسطس","سبتمبر","أكتوبر","نوفمبر","ديسمبر"},0),0)),OR('طباعة كشف الحساب'!$F$2="الكل",YEAR(A27)=IFERROR(VALUE('طباعة كشف الحساب'!$F$2),0)),A27<>""),IFERROR(MAX($N$4:N26),0)+1,"") | O27: =IF(AND(D26>0,F26="أحد الشركاء"),COUNTIFS($D$4:D26,">"&0,$F$4:F26,"أحد الشركاء"),"") | P27: =IF(OR($A27="",$F27="أحد الشركاء",AND($D27="",$E27="")),"",SUMPRODUCT(($A$4:$A27<>"")*($F$4:$F27<>"أحد الشركاء")*((($D$4:$D27<>"")+($E$4:$E27<>""))>0))) -> 14 | Q27: =IF(OR($A27="",$F27<>"أحد الشركاء"),"",COUNTIFS($A$4:A27,"<>",$F$4:F27,"أحد الشركاء"))
A28: 46160 | B28: Inv-24 | C28: فل عدد10 الحبه 0.750 | E28: 7.5 | F28: نقداً | J28: =IF(AND(D28="",E28="",A28="",B28="",C28=""),"", IFERROR(IF(J27="",D2,J27),D2)+IF(OR(E28="",H28="معلق"),0,E28)-IF(OR(G28="أبو اسحاق",G28="أبو آدم",G28="أبو اسحاق ",G28="أبو آدم "),0,IF(D28="",0,D28))) -> 138.75 | L28: =IF(E27>0,COUNTIF($E$4:E27,">0"),"") -> 13 | M28: =IF(AND(D27>0,G27="المحفظة"),COUNTIFS($D$4:D27,">"&0,$G$4:G27,"المحفظة"),"") | N28: =IF(AND(OR('طباعة كشف الحساب'!$C$2="الكل",MONTH(A28)=IFERROR(MATCH('طباعة كشف الحساب'!$C$2,{"يناير","فبراير","مارس","أبريل","مايو","يونيو","يوليو","أغسطس","سبتمبر","أكتوبر","نوفمبر","ديسمبر"},0),0)),OR('طباعة كشف الحساب'!$F$2="الكل",YEAR(A28)=IFERROR(VALUE('طباعة كشف الحساب'!$F$2),0)),A28<>""),IFERROR(MAX($N$4:N27),0)+1,"") | O28: =IF(AND(D27>0,F27="أحد الشركاء"),COUNTIFS($D$4:D27,">"&0,$F$4:F27,"أحد الشركاء"),"") | P28: =IF(OR($A28="",$F28="أحد الشركاء",AND($D28="",$E28="")),"",SUMPRODUCT(($A$4:$A28<>"")*($F$4:$F28<>"أحد الشركاء")*((($D$4:$D28<>"")+($E$4:$E28<>""))>0))) -> 15 | Q28: =IF(OR($A28="",$F28<>"أحد الشركاء"),"",COUNTIFS($A$4:A28,"<>",$F$4:F28,"أحد الشركاء"))
A29: 46160 | B29: Inv-25 | C29: دارسيناحمراء عدد 1 | E29: 5 | F29: نقداً | J29: =IF(AND(D29="",E29="",A29="",B29="",C29=""),"", IFERROR(IF(J28="",D2,J28),D2)+IF(OR(E29="",H29="معلق"),0,E29)-IF(OR(G29="أبو اسحاق",G29="أبو آدم",G29="أبو اسحاق ",G29="أبو آدم "),0,IF(D29="",0,D29))) -> 143.75 | L29: =IF(E28>0,COUNTIF($E$4:E28,">0"),"") -> 14 | M29: =IF(AND(D28>0,G28="المحفظة"),COUNTIFS($D$4:D28,">"&0,$G$4:G28,"المحفظة"),"") | N29: =IF(AND(OR('طباعة كشف الحساب'!$C$2="الكل",MONTH(A29)=IFERROR(MATCH('طباعة كشف الحساب'!$C$2,{"يناير","فبراير","مارس","أبريل","مايو","يونيو","يوليو","أغسطس","سبتمبر","أكتوبر","نوفمبر","ديسمبر"},0),0)),OR('طباعة كشف الحساب'!$F$2="الكل",YEAR(A29)=IFERROR(VALUE('طباعة كشف الحساب'!$F$2),0)),A29<>""),IFERROR(MAX($N$4:N28),0)+1,"") | O29: =IF(AND(D28>0,F28="أحد الشركاء"),COUNTIFS($D$4:D28,">"&0,$F$4:F28,"أحد الشركاء"),"") | P29: =IF(OR($A29="",$F29="أحد الشركاء",AND($D29="",$E29="")),"",SUMPRODUCT(($A$4:$A29<>"")*($F$4:$F29<>"أحد الشركاء")*((($D$4:$D29<>"")+($E$4:$E29<>""))>0))) -> 16 | Q29: =IF(OR($A29="",$F29<>"أحد الشركاء"),"",COUNTIFS($A$4:A29,"<>",$F$4:F29,"أحد الشركاء"))
A30: 46160 | B30: Inv-26 | C30: دارسينا خضراء عدد 2 الحبه 1.500 | E30: 3 | F30: نقداً | J30: =IF(AND(D30="",E30="",A30="",B30="",C30=""),"", IFERROR(IF(J29="",D2,J29),D2)+IF(OR(E30="",H30="معلق"),0,E30)-IF(OR(G30="أبو اسحاق",G30="أبو آدم",G30="أبو اسحاق ",G30="أبو آدم "),0,IF(D30="",0,D30))) -> 146.75 | L30: =IF(E29>0,COUNTIF($E$4:E29,">0"),"") -> 15 | M30: =IF(AND(D29>0,G29="المحفظة"),COUNTIFS($D$4:D29,">"&0,$G$4:G29,"المحفظة"),"") | N30: =IF(AND(OR('طباعة كشف الحساب'!$C$2="الكل",MONTH(A30)=IFERROR(MATCH('طباعة كشف الحساب'!$C$2,{"يناير","فبراير","مارس","أبريل","مايو","يونيو","يوليو","أغسطس","سبتمبر","أكتوبر","نوفمبر","ديسمبر"},0),0)),OR('طباعة كشف الحساب'!$F$2="الكل",YEAR(A30)=IFERROR(VALUE('طباعة كشف الحساب'!$F$2),0)),A30<>""),IFERROR(MAX($N$4:N29),0)+1,"") | O30: =IF(AND(D29>0,F29="أحد الشركاء"),COUNTIFS($D$4:D29,">"&0,$F$4:F29,"أحد الشركاء"),"") | P30: =IF(OR($A30="",$F30="أحد الشركاء",AND($D30="",$E30="")),"",SUMPRODUCT(($A$4:$A30<>"")*($F$4:$F30<>"أحد الشركاء")*((($D$4:$D30<>"")+($E$4:$E30<>""))>0))) -> 17 | Q30: =IF(OR($A30="",$F30<>"أحد الشركاء"),"",COUNTIFS($A$4:A30,"<>",$F$4:F30,"أحد الشركاء"))
A31: 46160 | B31: Inv-27 | C31: ربل عدد 2 الحبه 1.500 | E31: 3 | F31: نقداً | J31: =IF(AND(D31="",E31="",A31="",B31="",C31=""),"", IFERROR(IF(J30="",D2,J30),D2)+IF(OR(E31="",H31="معلق"),0,E31)-IF(OR(G31="أبو اسحاق",G31="أبو آدم",G31="أبو اسحاق ",G31="أبو آدم "),0,IF(D31="",0,D31))) -> 149.75 | L31: =IF(E30>0,COUNTIF($E$4:E30,">0"),"") -> 16 | M31: =IF(AND(D30>0,G30="المحفظة"),COUNTIFS($D$4:D30,">"&0,$G$4:G30,"المحفظة"),"") | N31: =IF(AND(OR('طباعة كشف الحساب'!$C$2="الكل",MONTH(A31)=IFERROR(MATCH('طباعة كشف الحساب'!$C$2,{"يناير","فبراير","مارس","أبريل","مايو","يونيو","يوليو","أغسطس","سبتمبر","أكتوبر","نوفمبر","ديسمبر"},0),0)),OR('طباعة كشف الحساب'!$F$2="الكل",YEAR(A31)=IFERROR(VALUE('طباعة كشف الحساب'!$F$2),0)),A31<>""),IFERROR(MAX($N$4:N30),0)+1,"") | O31: =IF(AND(D30>0,F30="أحد الشركاء"),COUNTIFS($D$4:D30,">"&0,$F$4:F30,"أحد الشركاء"),"") | P31: =IF(OR($A31="",$F31="أحد الشركاء",AND($D31="",$E31="")),"",SUMPRODUCT(($A$4:$A31<>"")*($F$4:$F31<>"أحد الشركاء")*((($D$4:$D31<>"")+($E$4:$E31<>""))>0))) -> 18 | Q31: =IF(OR($A31="",$F31<>"أحد الشركاء"),"",COUNTIFS($A$4:A31,"<>",$F$4:F31,"أحد الشركاء"))
A32: 46160 | B32: Inv-28 | C32: دارسينا حمراء عدد2 الحبه 2.500 | E32: 5 | F32: نقداً | J32: =IF(AND(D32="",E32="",A32="",B32="",C32=""),"", IFERROR(IF(J31="",D2,J31),D2)+IF(OR(E32="",H32="معلق"),0,E32)-IF(OR(G32="أبو اسحاق",G32="أبو آدم",G32="أبو اسحاق ",G32="أبو آدم "),0,IF(D32="",0,D32))) -> 154.75 | L32: =IF(E31>0,COUNTIF($E$4:E31,">0"),"") -> 17 | M32: =IF(AND(D31>0,G31="المحفظة"),COUNTIFS($D$4:D31,">"&0,$G$4:G31,"المحفظة"),"") | N32: =IF(AND(OR('طباعة كشف الحساب'!$C$2="الكل",MONTH(A32)=IFERROR(MATCH('طباعة كشف الحساب'!$C$2,{"يناير","فبراير","مارس","أبريل","مايو","يونيو","يوليو","أغسطس","سبتمبر","أكتوبر","نوفمبر","ديسمبر"},0),0)),OR('طباعة كشف الحساب'!$F$2="الكل",YEAR(A32)=IFERROR(VALUE('طباعة كشف الحساب'!$F$2),0)),A32<>""),IFERROR(MAX($N$4:N31),0)+1,"") | O32: =IF(AND(D31>0,F31="أحد الشركاء"),COUNTIFS($D$4:D31,">"&0,$F$4:F31,"أحد الشركاء"),"") | P32: =IF(OR($A32="",$F32="أحد الشركاء",AND($D32="",$E32="")),"",SUMPRODUCT(($A$4:$A32<>"")*($F$4:$F32<>"أحد الشركاء")*((($D$4:$D32<>"")+($E$4:$E32<>""))>0))) -> 19 | Q32: =IF(OR($A32="",$F32<>"أحد الشركاء"),"",COUNTIFS($A$4:A32,"<>",$F$4:F32,"أحد الشركاء"))
A33: 46160 | B33: Inv-29 | C33: برازيليا عدد 10 الحبه 0.500 | E33: 5 | F33: نقداً | J33: =IF(AND(D33="",E33="",A33="",B33="",C33=""),"", IFERROR(IF(J32="",D2,J32),D2)+IF(OR(E33="",H33="معلق"),0,E33)-IF(OR(G33="أبو اسحاق",G33="أبو آدم",G33="أبو اسحاق ",G33="أبو آدم "),0,IF(D33="",0,D33))) -> 159.75 | L33: =IF(E32>0,COUNTIF($E$4:E32,">0"),"") -> 18 | M33: =IF(AND(D32>0,G32="المحفظة"),COUNTIFS($D$4:D32,">"&0,$G$4:G32,"المحفظة"),"") | N33: =IF(AND(OR('طباعة كشف الحساب'!$C$2="الكل",MONTH(A33)=IFERROR(MATCH('طباعة كشف الحساب'!$C$2,{"يناير","فبراير","مارس","أبريل","مايو","يونيو","يوليو","أغسطس","سبتمبر","أكتوبر","نوفمبر","ديسمبر"},0),0)),OR('طباعة كشف الحساب'!$F$2="الكل",YEAR(A33)=IFERROR(VALUE('طباعة كشف الحساب'!$F$2),0)),A33<>""),IFERROR(MAX($N$4:N32),0)+1,"") | O33: =IF(AND(D32>0,F32="أحد الشركاء"),COUNTIFS($D$4:D32,">"&0,$F$4:F32,"أحد الشركاء"),"") | P33: =IF(OR($A33="",$F33="أحد الشركاء",AND($D33="",$E33="")),"",SUMPRODUCT(($A$4:$A33<>"")*($F$4:$F33<>"أحد الشركاء")*((($D$4:$D33<>"")+($E$4:$E33<>""))>0))) -> 20 | Q33: =IF(OR($A33="",$F33<>"أحد الشركاء"),"",COUNTIFS($A$4:A33,"<>",$F$4:F33,"أحد الشركاء"))
A34: 46160 | B34: 85164 | C34: مبيد اسيتبلان عدد 1 | D34: 9 | F34: نقداً | G34: المحفظة | H34: تم الدفع | I34: مبيدات وأسمدة | J34: =IF(AND(D34="",E34="",A34="",B34="",C34=""),"", IFERROR(IF(J33="",D2,J33),D2)+IF(OR(E34="",H34="معلق"),0,E34)-IF(OR(G34="أبو اسحاق",G34="أبو آدم",G34="أبو اسحاق ",G34="أبو آدم "),0,IF(D34="",0,D34))) -> 150.75 | L34: =IF(E33>0,COUNTIF($E$4:E33,">0"),"") -> 19 | M34: =IF(AND(D33>0,G33="المحفظة"),COUNTIFS($D$4:D33,">"&0,$G$4:G33,"المحفظة"),"") | N34: =IF(AND(OR('طباعة كشف الحساب'!$C$2="الكل",MONTH(A34)=IFERROR(MATCH('طباعة كشف الحساب'!$C$2,{"يناير","فبراير","مارس","أبريل","مايو","يونيو","يوليو","أغسطس","سبتمبر","أكتوبر","نوفمبر","ديسمبر"},0),0)),OR('طباعة كشف الحساب'!$F$2="الكل",YEAR(A34)=IFERROR(VALUE('طباعة كشف الحساب'!$F$2),0)),A34<>""),IFERROR(MAX($N$4:N33),0)+1,"") | O34: =IF(AND(D33>0,F33="أحد الشركاء"),COUNTIFS($D$4:D33,">"&0,$F$4:F33,"أحد الشركاء"),"") | P34: =IF(OR($A34="",$F34="أحد الشركاء",AND($D34="",$E34="")),"",SUMPRODUCT(($A$4:$A34<>"")*($F$4:$F34<>"أحد الشركاء")*((($D$4:$D34<>"")+($E$4:$E34<>""))>0))) -> 21 | Q34: =IF(OR($A34="",$F34<>"أحد الشركاء"),"",COUNTIFS($A$4:A34,"<>",$F$4:F34,"أحد الشركاء"))
A35: 46161 | B35: Inv-30 | C35: فل عدد 30 الحبه 0.750 | E35: 22.5 | F35: نقداً | J35: =IF(AND(D35="",E35="",A35="",B35="",C35=""),"", IFERROR(IF(J34="",D2,J34),D2)+IF(OR(E35="",H35="معلق"),0,E35)-IF(OR(G35="أبو اسحاق",G35="أبو آدم",G35="أبو اسحاق ",G35="أبو آدم "),0,IF(D35="",0,D35))) -> 173.25 | L35: =IF(E34>0,COUNTIF($E$4:E34,">0"),"") | M35: =IF(AND(D34>0,G34="المحفظة"),COUNTIFS($D$4:D34,">"&0,$G$4:G34,"المحفظة"),"") -> 2 | N35: =IF(AND(OR('طباعة كشف الحساب'!$C$2="الكل",MONTH(A35)=IFERROR(MATCH('طباعة كشف الحساب'!$C$2,{"يناير","فبراير","مارس","أبريل","مايو","يونيو","يوليو","أغسطس","سبتمبر","أكتوبر","نوفمبر","ديسمبر"},0),0)),OR('طباعة كشف الحساب'!$F$2="الكل",YEAR(A35)=IFERROR(VALUE('طباعة كشف الحساب'!$F$2),0)),A35<>""),IFERROR(MAX($N$4:N34),0)+1,"") | O35: =IF(AND(D34>0,F34="أحد الشركاء"),COUNTIFS($D$4:D34,">"&0,$F$4:F34,"أحد الشركاء"),"") | P35: =IF(OR($A35="",$F35="أحد الشركاء",AND($D35="",$E35="")),"",SUMPRODUCT(($A$4:$A35<>"")*($F$4:$F35<>"أحد الشركاء")*((($D$4:$D35<>"")+($E$4:$E35<>""))>0))) -> 22 | Q35: =IF(OR($A35="",$F35<>"أحد الشركاء"),"",COUNTIFS($A$4:A35,"<>",$F$4:F35,"أحد الشركاء"))
A36: 46162 | B36: Inv-31 | C36: فل عدد30 الحبه 0.750 | E36: 22.5 | F36: نقداً | J36: =IF(AND(D36="",E36="",A36="",B36="",C36=""),"", IFERROR(IF(J35="",D2,J35),D2)+IF(OR(E36="",H36="معلق"),0,E36)-IF(OR(G36="أبو اسحاق",G36="أبو آدم",G36="أبو اسحاق ",G36="أبو آدم "),0,IF(D36="",0,D36))) -> 195.75 | L36: =IF(E35>0,COUNTIF($E$4:E35,">0"),"") -> 20 | M36: =IF(AND(D35>0,G35="المحفظة"),COUNTIFS($D$4:D35,">"&0,$G$4:G35,"المحفظة"),"") | N36: =IF(AND(OR('طباعة كشف الحساب'!$C$2="الكل",MONTH(A36)=IFERROR(MATCH('طباعة كشف الحساب'!$C$2,{"يناير","فبراير","مارس","أبريل","مايو","يونيو","يوليو","أغسطس","سبتمبر","أكتوبر","نوفمبر","ديسمبر"},0),0)),OR('طباعة كشف الحساب'!$F$2="الكل",YEAR(A36)=IFERROR(VALUE('طباعة كشف الحساب'!$F$2),0)),A36<>""),IFERROR(MAX($N$4:N35),0)+1,"") | O36: =IF(AND(D35>0,F35="أحد الشركاء"),COUNTIFS($D$4:D35,">"&0,$F$4:F35,"أحد الشركاء"),"") | P36: =IF(OR($A36="",$F36="أحد الشركاء",AND($D36="",$E36="")),"",SUMPRODUCT(($A$4:$A36<>"")*($F$4:$F36<>"أحد الشركاء")*((($D$4:$D36<>"")+($E$4:$E36<>""))>0))) -> 23 | Q36: =IF(OR($A36="",$F36<>"أحد الشركاء"),"",COUNTIFS($A$4:A36,"<>",$F$4:F36,"أحد الشركاء"))
A37: 46162 | B37: Inv-32 | C37: برازيليا عدد 50 الحبه0.500 | E37: 25 | F37: نقداً | J37: =IF(AND(D37="",E37="",A37="",B37="",C37=""),"", IFERROR(IF(J36="",D2,J36),D2)+IF(OR(E37="",H37="معلق"),0,E37)-IF(OR(G37="أبو اسحاق",G37="أبو آدم",G37="أبو اسحاق ",G37="أبو آدم "),0,IF(D37="",0,D37))) -> 220.75 | L37: =IF(E36>0,COUNTIF($E$4:E36,">0"),"") -> 21 | M37: =IF(AND(D36>0,G36="المحفظة"),COUNTIFS($D$4:D36,">"&0,$G$4:G36,"المحفظة"),"") | N37: =IF(AND(OR('طباعة كشف الحساب'!$C$2="الكل",MONTH(A37)=IFERROR(MATCH('طباعة كشف الحساب'!$C$2,{"يناير","فبراير","مارس","أبريل","مايو","يونيو","يوليو","أغسطس","سبتمبر","أكتوبر","نوفمبر","ديسمبر"},0),0)),OR('طباعة كشف الحساب'!$F$2="الكل",YEAR(A37)=IFERROR(VALUE('طباعة كشف الحساب'!$F$2),0)),A37<>""),IFERROR(MAX($N$4:N36),0)+1,"") | O37: =IF(AND(D36>0,F36="أحد الشركاء"),COUNTIFS($D$4:D36,">"&0,$F$4:F36,"أحد الشركاء"),"") | P37: =IF(OR($A37="",$F37="أحد الشركاء",AND($D37="",$E37="")),"",SUMPRODUCT(($A$4:$A37<>"")*($F$4:$F37<>"أحد الشركاء")*((($D$4:$D37<>"")+($E$4:$E37<>""))>0))) -> 24 | Q37: =IF(OR($A37="",$F37<>"أحد الشركاء"),"",COUNTIFS($A$4:A37,"<>",$F$4:F37,"أحد الشركاء"))
A38: 46163 | B38: Inv-33 | C38: برازيليا عدد 75 الحبه 0.500 | E38: 37.5 | F38: نقداً | J38: =IF(AND(D38="",E38="",A38="",B38="",C38=""),"", IFERROR(IF(J37="",D2,J37),D2)+IF(OR(E38="",H38="معلق"),0,E38)-IF(OR(G38="أبو اسحاق",G38="أبو آدم",G38="أبو اسحاق ",G38="أبو آدم "),0,IF(D38="",0,D38))) -> 258.25 | L38: =IF(E37>0,COUNTIF($E$4:E37,">0"),"") -> 22 | M38: =IF(AND(D37>0,G37="المحفظة"),COUNTIFS($D$4:D37,">"&0,$G$4:G37,"المحفظة"),"") | N38: =IF(AND(OR('طباعة كشف الحساب'!$C$2="الكل",MONTH(A38)=IFERROR(MATCH('طباعة كشف الحساب'!$C$2,{"يناير","فبراير","مارس","أبريل","مايو","يونيو","يوليو","أغسطس","سبتمبر","أكتوبر","نوفمبر","ديسمبر"},0),0)),OR('طباعة كشف الحساب'!$F$2="الكل",YEAR(A38)=IFERROR(VALUE('طباعة كشف الحساب'!$F$2),0)),A38<>""),IFERROR(MAX($N$4:N37),0)+1,"") | O38: =IF(AND(D37>0,F37="أحد الشركاء"),COUNTIFS($D$4:D37,">"&0,$F$4:F37,"أحد الشركاء"),"") | P38: =IF(OR($A38="",$F38="أحد الشركاء",AND($D38="",$E38="")),"",SUMPRODUCT(($A$4:$A38<>"")*($F$4:$F38<>"أحد الشركاء")*((($D$4:$D38<>"")+($E$4:$E38<>""))>0))) -> 25 | Q38: =IF(OR($A38="",$F38<>"أحد الشركاء"),"",COUNTIFS($A$4:A38,"<>",$F$4:F38,"أحد الشركاء"))
A39: 46163 | B39: Inv-34 | C39: دارسينيا احمر عدد1 حبه 2.500 | E39: 2.5 | F39: نقداً | J39: =IF(AND(D39="",E39="",A39="",B39="",C39=""),"", IFERROR(IF(J38="",D2,J38),D2)+IF(OR(E39="",H39="معلق"),0,E39)-IF(OR(G39="أبو اسحاق",G39="أبو آدم",G39="أبو اسحاق ",G39="أبو آدم "),0,IF(D39="",0,D39))) -> 260.75 | L39: =IF(E38>0,COUNTIF($E$4:E38,">0"),"") -> 23 | M39: =IF(AND(D38>0,G38="المحفظة"),COUNTIFS($D$4:D38,">"&0,$G$4:G38,"المحفظة"),"") | N39: =IF(AND(OR('طباعة كشف الحساب'!$C$2="الكل",MONTH(A39)=IFERROR(MATCH('طباعة كشف الحساب'!$C$2,{"يناير","فبراير","مارس","أبريل","مايو","يونيو","يوليو","أغسطس","سبتمبر","أكتوبر","نوفمبر","ديسمبر"},0),0)),OR('طباعة كشف الحساب'!$F$2="الكل",YEAR(A39)=IFERROR(VALUE('طباعة كشف الحساب'!$F$2),0)),A39<>""),IFERROR(MAX($N$4:N38),0)+1,"") | O39: =IF(AND(D38>0,F38="أحد الشركاء"),COUNTIFS($D$4:D38,">"&0,$F$4:F38,"أحد الشركاء"),"") | P39: =IF(OR($A39="",$F39="أحد الشركاء",AND($D39="",$E39="")),"",SUMPRODUCT(($A$4:$A39<>"")*($F$4:$F39<>"أحد الشركاء")*((($D$4:$D39<>"")+($E$4:$E39<>""))>0))) -> 26 | Q39: =IF(OR($A39="",$F39<>"أحد الشركاء"),"",COUNTIFS($A$4:A39,"<>",$F$4:F39,"أحد الشركاء"))
A40: 46164 | B40: Inv-35 | C40: دارسينا حمراء عدد 6 الحبه 2,500 | E40: 15 | F40: نقداً | J40: =IF(AND(D40="",E40="",A40="",B40="",C40=""),"", IFERROR(IF(J39="",D2,J39),D2)+IF(OR(E40="",H40="معلق"),0,E40)-IF(OR(G40="أبو اسحاق",G40="أبو آدم",G40="أبو اسحاق ",G40="أبو آدم "),0,IF(D40="",0,D40))) -> 275.75 | L40: =IF(E39>0,COUNTIF($E$4:E39,">0"),"") -> 24 | M40: =IF(AND(D39>0,G39="المحفظة"),COUNTIFS($D$4:D39,">"&0,$G$4:G39,"المحفظة"),"") | N40: =IF(AND(OR('طباعة كشف الحساب'!$C$2="الكل",MONTH(A40)=IFERROR(MATCH('طباعة كشف الحساب'!$C$2,{"يناير","فبراير","مارس","أبريل","مايو","يونيو","يوليو","أغسطس","سبتمبر","أكتوبر","نوفمبر","ديسمبر"},0),0)),OR('طباعة كشف الحساب'!$F$2="الكل",YEAR(A40)=IFERROR(VALUE('طباعة كشف الحساب'!$F$2),0)),A40<>""),IFERROR(MAX($N$4:N39),0)+1,"") | O40: =IF(AND(D39>0,F39="أحد الشركاء"),COUNTIFS($D$4:D39,">"&0,$F$4:F39,"أحد الشركاء"),"") | P40: =IF(OR($A40="",$F40="أحد الشركاء",AND($D40="",$E40="")),"",SUMPRODUCT(($A$4:$A40<>"")*($F$4:$F40<>"أحد الشركاء")*((($D$4:$D40<>"")+($E$4:$E40<>""))>0))) -> 27 | Q40: =IF(OR($A40="",$F40<>"أحد الشركاء"),"",COUNTIFS($A$4:A40,"<>",$F$4:F40,"أحد الشركاء"))
A41: 46164 | B41: Inv-36 | C41: ربل عدد4 الحبه 1.500 | E41: 6 | F41: نقداً | J41: =IF(AND(D41="",E41="",A41="",B41="",C41=""),"", IFERROR(IF(J40="",D2,J40),D2)+IF(OR(E41="",H41="معلق"),0,E41)-IF(OR(G41="أبو اسحاق",G41="أبو آدم",G41="أبو اسحاق ",G41="أبو آدم "),0,IF(D41="",0,D41))) -> 281.75 | L41: =IF(E40>0,COUNTIF($E$4:E40,">0"),"") -> 25 | M41: =IF(AND(D40>0,G40="المحفظة"),COUNTIFS($D$4:D40,">"&0,$G$4:G40,"المحفظة"),"") | N41: =IF(AND(OR('طباعة كشف الحساب'!$C$2="الكل",MONTH(A41)=IFERROR(MATCH('طباعة كشف الحساب'!$C$2,{"يناير","فبراير","مارس","أبريل","مايو","يونيو","يوليو","أغسطس","سبتمبر","أكتوبر","نوفمبر","ديسمبر"},0),0)),OR('طباعة كشف الحساب'!$F$2="الكل",YEAR(A41)=IFERROR(VALUE('طباعة كشف الحساب'!$F$2),0)),A41<>""),IFERROR(MAX($N$4:N40),0)+1,"") | O41: =IF(AND(D40>0,F40="أحد الشركاء"),COUNTIFS($D$4:D40,">"&0,$F$4:F40,"أحد الشركاء"),"") | P41: =IF(OR($A41="",$F41="أحد الشركاء",AND($D41="",$E41="")),"",SUMPRODUCT(($A$4:$A41<>"")*($F$4:$F41<>"أحد الشركاء")*((($D$4:$D41<>"")+($E$4:$E41<>""))>0))) -> 28 | Q41: =IF(OR($A41="",$F41<>"أحد الشركاء"),"",COUNTIFS($A$4:A41,"<>",$F$4:F41,"أحد الشركاء"))
A42: 46167 | B42: Inv-37 | C42: عطره عدد 10 الحبه 0.750 | E42: 7.5 | F42: نقداً | J42: =IF(AND(D42="",E42="",A42="",B42="",C42=""),"", IFERROR(IF(J41="",D2,J41),D2)+IF(OR(E42="",H42="معلق"),0,E42)-IF(OR(G42="أبو اسحاق",G42="أبو آدم",G42="أبو اسحاق ",G42="أبو آدم "),0,IF(D42="",0,D42))) -> 289.25 | L42: =IF(E41>0,COUNTIF($E$4:E41,">0"),"") -> 26 | M42: =IF(AND(D41>0,G41="المحفظة"),COUNTIFS($D$4:D41,">"&0,$G$4:G41,"المحفظة"),"") | N42: =IF(AND(OR('طباعة كشف الحساب'!$C$2="الكل",MONTH(A42)=IFERROR(MATCH('طباعة كشف الحساب'!$C$2,{"يناير","فبراير","مارس","أبريل","مايو","يونيو","يوليو","أغسطس","سبتمبر","أكتوبر","نوفمبر","ديسمبر"},0),0)),OR('طباعة كشف الحساب'!$F$2="الكل",YEAR(A42)=IFERROR(VALUE('طباعة كشف الحساب'!$F$2),0)),A42<>""),IFERROR(MAX($N$4:N41),0)+1,"") | O42: =IF(AND(D41>0,F41="أحد الشركاء"),COUNTIFS($D$4:D41,">"&0,$F$4:F41,"أحد الشركاء"),"") | P42: =IF(OR($A42="",$F42="أحد الشركاء",AND($D42="",$E42="")),"",SUMPRODUCT(($A$4:$A42<>"")*($F$4:$F42<>"أحد الشركاء")*((($D$4:$D42<>"")+($E$4:$E42<>""))>0))) -> 29 | Q42: =IF(OR($A42="",$F42<>"أحد الشركاء"),"",COUNTIFS($A$4:A42,"<>",$F$4:F42,"أحد الشركاء"))
A43: 46167 | B43: Inv-38 | C43: ودليه عدد 2 الحبه 1 | E43: 2 | F43: نقداً | J43: =IF(AND(D43="",E43="",A43="",B43="",C43=""),"", IFERROR(IF(J42="",D2,J42),D2)+IF(OR(E43="",H43="معلق"),0,E43)-IF(OR(G43="أبو اسحاق",G43="أبو آدم",G43="أبو اسحاق ",G43="أبو آدم "),0,IF(D43="",0,D43))) -> 291.25 | L43: =IF(E42>0,COUNTIF($E$4:E42,">0"),"") -> 27 | M43: =IF(AND(D42>0,G42="المحفظة"),COUNTIFS($D$4:D42,">"&0,$G$4:G42,"المحفظة"),"") | N43: =IF(AND(OR('طباعة كشف الحساب'!$C$2="الكل",MONTH(A43)=IFERROR(MATCH('طباعة كشف الحساب'!$C$2,{"يناير","فبراير","مارس","أبريل","مايو","يونيو","يوليو","أغسطس","سبتمبر","أكتوبر","نوفمبر","ديسمبر"},0),0)),OR('طباعة كشف الحساب'!$F$2="الكل",YEAR(A43)=IFERROR(VALUE('طباعة كشف الحساب'!$F$2),0)),A43<>""),IFERROR(MAX($N$4:N42),0)+1,"") | O43: =IF(AND(D42>0,F42="أحد الشركاء"),COUNTIFS($D$4:D42,">"&0,$F$4:F42,"أحد الشركاء"),"") | P43: =IF(OR($A43="",$F43="أحد الشركاء",AND($D43="",$E43="")),"",SUMPRODUCT(($A$4:$A43<>"")*($F$4:$F43<>"أحد الشركاء")*((($D$4:$D43<>"")+($E$4:$E43<>""))>0))) -> 30 | Q43: =IF(OR($A43="",$F43<>"أحد الشركاء"),"",COUNTIFS($A$4:A43,"<>",$F$4:F43,"أحد الشركاء"))
A44: 46167 | B44: Inv-39 | C44: داراسينا حمراء عدد4 الحبه 1 | E44: 4 | F44: نقداً | J44: =IF(AND(D44="",E44="",A44="",B44="",C44=""),"", IFERROR(IF(J43="",D2,J43),D2)+IF(OR(E44="",H44="معلق"),0,E44)-IF(OR(G44="أبو اسحاق",G44="أبو آدم",G44="أبو اسحاق ",G44="أبو آدم "),0,IF(D44="",0,D44))) -> 295.25 | L44: =IF(E43>0,COUNTIF($E$4:E43,">0"),"") -> 28 | M44: =IF(AND(D43>0,G43="المحفظة"),COUNTIFS($D$4:D43,">"&0,$G$4:G43,"المحفظة"),"") | N44: =IF(AND(OR('طباعة كشف الحساب'!$C$2="الكل",MONTH(A44)=IFERROR(MATCH('طباعة كشف الحساب'!$C$2,{"يناير","فبراير","مارس","أبريل","مايو","يونيو","يوليو","أغسطس","سبتمبر","أكتوبر","نوفمبر","ديسمبر"},0),0)),OR('طباعة كشف الحساب'!$F$2="الكل",YEAR(A44)=IFERROR(VALUE('طباعة كشف الحساب'!$F$2),0)),A44<>""),IFERROR(MAX($N$4:N43),0)+1,"") | O44: =IF(AND(D43>0,F43="أحد الشركاء"),COUNTIFS($D$4:D43,">"&0,$F$4:F43,"أحد الشركاء"),"") | P44: =IF(OR($A44="",$F44="أحد الشركاء",AND($D44="",$E44="")),"",SUMPRODUCT(($A$4:$A44<>"")*($F$4:$F44<>"أحد الشركاء")*((($D$4:$D44<>"")+($E$4:$E44<>""))>0))) -> 31 | Q44: =IF(OR($A44="",$F44<>"أحد الشركاء"),"",COUNTIFS($A$4:A44,"<>",$F$4:F44,"أحد الشركاء"))
A45: 46167 | C45: يزل ماكينه كهرباء | D45: 26 | F45: أحد الشركاء | G45: أبو اسحاق | H45: معلق | J45: =IF(AND(D45="",E45="",A45="",B45="",C45=""),"", IFERROR(IF(J44="",D2,J44),D2)+IF(OR(E45="",H45="معلق"),0,E45)-IF(OR(G45="أبو اسحاق",G45="أبو آدم",G45="أبو اسحاق ",G45="أبو آدم "),0,IF(D45="",0,D45))) -> 295.25 | L45: =IF(E44>0,COUNTIF($E$4:E44,">0"),"") -> 29 | M45: =IF(AND(D44>0,G44="المحفظة"),COUNTIFS($D$4:D44,">"&0,$G$4:G44,"المحفظة"),"") | N45: =IF(AND(OR('طباعة كشف الحساب'!$C$2="الكل",MONTH(A45)=IFERROR(MATCH('طباعة كشف الحساب'!$C$2,{"يناير","فبراير","مارس","أبريل","مايو","يونيو","يوليو","أغسطس","سبتمبر","أكتوبر","نوفمبر","ديسمبر"},0),0)),OR('طباعة كشف الحساب'!$F$2="الكل",YEAR(A45)=IFERROR(VALUE('طباعة كشف الحساب'!$F$2),0)),A45<>""),IFERROR(MAX($N$4:N44),0)+1,"") | O45: =IF(AND(D44>0,F44="أحد الشركاء"),COUNTIFS($D$4:D44,">"&0,$F$4:F44,"أحد الشركاء"),"") | P45: =IF(OR($A45="",$F45="أحد الشركاء",AND($D45="",$E45="")),"",SUMPRODUCT(($A$4:$A45<>"")*($F$4:$F45<>"أحد الشركاء")*((($D$4:$D45<>"")+($E$4:$E45<>""))>0))) | Q45: =IF(OR($A45="",$F45<>"أحد الشركاء"),"",COUNTIFS($A$4:A45,"<>",$F$4:F45,"أحد الشركاء")) -> 6
A46: 46167 | C46: راتب عماله مايو 2025 | D46: 250 | F46: أحد الشركاء | G46: أبو آدم | H46: معلق | I46: رواتب العمال | J46: =IF(AND(D46="",E46="",A46="",B46="",C46=""),"", IFERROR(IF(J45="",D2,J45),D2)+IF(OR(E46="",H46="معلق"),0,E46)-IF(OR(G46="أبو اسحاق",G46="أبو آدم",G46="أبو اسحاق ",G46="أبو آدم "),0,IF(D46="",0,D46))) -> 295.25 | L46: =IF(E45>0,COUNTIF($E$4:E45,">0"),"") | M46: =IF(AND(D45>0,G45="المحفظة"),COUNTIFS($D$4:D45,">"&0,$G$4:G45,"المحفظة"),"") | N46: =IF(AND(OR('طباعة كشف الحساب'!$C$2="الكل",MONTH(A46)=IFERROR(MATCH('طباعة كشف الحساب'!$C$2,{"يناير","فبراير","مارس","أبريل","مايو","يونيو","يوليو","أغسطس","سبتمبر","أكتوبر","نوفمبر","ديسمبر"},0),0)),OR('طباعة كشف الحساب'!$F$2="الكل",YEAR(A46)=IFERROR(VALUE('طباعة كشف الحساب'!$F$2),0)),A46<>""),IFERROR(MAX($N$4:N45),0)+1,"") | O46: =IF(AND(D45>0,F45="أحد الشركاء"),COUNTIFS($D$4:D45,">"&0,$F$4:F45,"أحد الشركاء"),"") -> 6 | P46: =IF(OR($A46="",$F46="أحد الشركاء",AND($D46="",$E46="")),"",SUMPRODUCT(($A$4:$A46<>"")*($F$4:$F46<>"أحد الشركاء")*((($D$4:$D46<>"")+($E$4:$E46<>""))>0))) | Q46: =IF(OR($A46="",$F46<>"أحد الشركاء"),"",COUNTIFS($A$4:A46,"<>",$F$4:F46,"أحد الشركاء")) -> 7
A47: 46167 | C47: راتب عماله مايو 2025 | D47: 250 | F47: أحد الشركاء | G47: أبو اسحاق | H47: معلق | I47: رواتب العمال | J47: =IF(AND(D47="",E47="",A47="",B47="",C47=""),"", IFERROR(IF(J46="",D2,J46),D2)+IF(OR(E47="",H47="معلق"),0,E47)-IF(OR(G47="أبو اسحاق",G47="أبو آدم",G47="أبو اسحاق ",G47="أبو آدم "),0,IF(D47="",0,D47))) -> 295.25 | L47: =IF(E46>0,COUNTIF($E$4:E46,">0"),"") | M47: =IF(AND(D46>0,G46="المحفظة"),COUNTIFS($D$4:D46,">"&0,$G$4:G46,"المحفظة"),"") | N47: =IF(AND(OR('طباعة كشف الحساب'!$C$2="الكل",MONTH(A47)=IFERROR(MATCH('طباعة كشف الحساب'!$C$2,{"يناير","فبراير","مارس","أبريل","مايو","يونيو","يوليو","أغسطس","سبتمبر","أكتوبر","نوفمبر","ديسمبر"},0),0)),OR('طباعة كشف الحساب'!$F$2="الكل",YEAR(A47)=IFERROR(VALUE('طباعة كشف الحساب'!$F$2),0)),A47<>""),IFERROR(MAX($N$4:N46),0)+1,"") | O47: =IF(AND(D46>0,F46="أحد الشركاء"),COUNTIFS($D$4:D46,">"&0,$F$4:F46,"أحد الشركاء"),"") -> 7 | P47: =IF(OR($A47="",$F47="أحد الشركاء",AND($D47="",$E47="")),"",SUMPRODUCT(($A$4:$A47<>"")*($F$4:$F47<>"أحد الشركاء")*((($D$4:$D47<>"")+($E$4:$E47<>""))>0))) | Q47: =IF(OR($A47="",$F47<>"أحد الشركاء"),"",COUNTIFS($A$4:A47,"<>",$F$4:F47,"أحد الشركاء")) -> 8
A48: 46146 | B48: Inv-40 | C48: other | E48: 9 | F48: نقداً | H48: تم الدفع | J48: =IF(AND(D48="",E48="",A48="",B48="",C48=""),"", IFERROR(IF(J47="",D2,J47),D2)+IF(OR(E48="",H48="معلق"),0,E48)-IF(OR(G48="أبو اسحاق",G48="أبو آدم",G48="أبو اسحاق ",G48="أبو آدم "),0,IF(D48="",0,D48))) -> 304.25 | L48: =IF(E47>0,COUNTIF($E$4:E47,">0"),"") | M48: =IF(AND(D47>0,G47="المحفظة"),COUNTIFS($D$4:D47,">"&0,$G$4:G47,"المحفظة"),"") | N48: =IF(AND(OR('طباعة كشف الحساب'!$C$2="الكل",MONTH(A48)=IFERROR(MATCH('طباعة كشف الحساب'!$C$2,{"يناير","فبراير","مارس","أبريل","مايو","يونيو","يوليو","أغسطس","سبتمبر","أكتوبر","نوفمبر","ديسمبر"},0),0)),OR('طباعة كشف الحساب'!$F$2="الكل",YEAR(A48)=IFERROR(VALUE('طباعة كشف الحساب'!$F$2),0)),A48<>""),IFERROR(MAX($N$4:N47),0)+1,"") | O48: =IF(AND(D47>0,F47="أحد الشركاء"),COUNTIFS($D$4:D47,">"&0,$F$4:F47,"أحد الشركاء"),"") -> 8 | P48: =IF(OR($A48="",$F48="أحد الشركاء",AND($D48="",$E48="")),"",SUMPRODUCT(($A$4:$A48<>"")*($F$4:$F48<>"أحد الشركاء")*((($D$4:$D48<>"")+($E$4:$E48<>""))>0))) -> 32 | Q48: =IF(OR($A48="",$F48<>"أحد الشركاء"),"",COUNTIFS($A$4:A48,"<>",$F$4:F48,"أحد الشركاء"))
A49: 46146 | B49: Inv-41 | C49: other | E49: 9 | F49: نقداً | H49: تم الدفع | J49: =IF(AND(D49="",E49="",A49="",B49="",C49=""),"", IFERROR(IF(J48="",D2,J48),D2)+IF(OR(E49="",H49="معلق"),0,E49)-IF(OR(G49="أبو اسحاق",G49="أبو آدم",G49="أبو اسحاق ",G49="أبو آدم "),0,IF(D49="",0,D49))) -> 313.25 | L49: =IF(E48>0,COUNTIF($E$4:E48,">0"),"") -> 30 | M49: =IF(AND(D48>0,G48="المحفظة"),COUNTIFS($D$4:D48,">"&0,$G$4:G48,"المحفظة"),"") | N49: =IF(AND(OR('طباعة كشف الحساب'!$C$2="الكل",MONTH(A49)=IFERROR(MATCH('طباعة كشف الحساب'!$C$2,{"يناير","فبراير","مارس","أبريل","مايو","يونيو","يوليو","أغسطس","سبتمبر","أكتوبر","نوفمبر","ديسمبر"},0),0)),OR('طباعة كشف الحساب'!$F$2="الكل",YEAR(A49)=IFERROR(VALUE('طباعة كشف الحساب'!$F$2),0)),A49<>""),IFERROR(MAX($N$4:N48),0)+1,"") | O49: =IF(AND(D48>0,F48="أحد الشركاء"),COUNTIFS($D$4:D48,">"&0,$F$4:F48,"أحد الشركاء"),"") | P49: =IF(OR($A49="",$F49="أحد الشركاء",AND($D49="",$E49="")),"",SUMPRODUCT(($A$4:$A49<>"")*($F$4:$F49<>"أحد الشركاء")*((($D$4:$D49<>"")+($E$4:$E49<>""))>0))) -> 33 | Q49: =IF(OR($A49="",$F49<>"أحد الشركاء"),"",COUNTIFS($A$4:A49,"<>",$F$4:F49,"أحد الشركاء"))
A50: 46146 | B50: Inv-42 | C50: other | E50: 2 | F50: نقداً | H50: تم الدفع | J50: =IF(AND(D50="",E50="",A50="",B50="",C50=""),"", IFERROR(IF(J49="",D2,J49),D2)+IF(OR(E50="",H50="معلق"),0,E50)-IF(OR(G50="أبو اسحاق",G50="أبو آدم",G50="أبو اسحاق ",G50="أبو آدم "),0,IF(D50="",0,D50))) -> 315.25 | L50: =IF(E49>0,COUNTIF($E$4:E49,">0"),"") -> 31 | M50: =IF(AND(D49>0,G49="المحفظة"),COUNTIFS($D$4:D49,">"&0,$G$4:G49,"المحفظة"),"") | N50: =IF(AND(OR('طباعة كشف الحساب'!$C$2="الكل",MONTH(A50)=IFERROR(MATCH('طباعة كشف الحساب'!$C$2,{"يناير","فبراير","مارس","أبريل","مايو","يونيو","يوليو","أغسطس","سبتمبر","أكتوبر","نوفمبر","ديسمبر"},0),0)),OR('طباعة كشف الحساب'!$F$2="الكل",YEAR(A50)=IFERROR(VALUE('طباعة كشف الحساب'!$F$2),0)),A50<>""),IFERROR(MAX($N$4:N49),0)+1,"") | O50: =IF(AND(D49>0,F49="أحد الشركاء"),COUNTIFS($D$4:D49,">"&0,$F$4:F49,"أحد الشركاء"),"") | P50: =IF(OR($A50="",$F50="أحد الشركاء",AND($D50="",$E50="")),"",SUMPRODUCT(($A$4:$A50<>"")*($F$4:$F50<>"أحد الشركاء")*((($D$4:$D50<>"")+($E$4:$E50<>""))>0))) -> 34 | Q50: =IF(OR($A50="",$F50<>"أحد الشركاء"),"",COUNTIFS($A$4:A50,"<>",$F$4:F50,"أحد الشركاء"))
A51: 46147 | B51: Inv-43 | C51: other | E51: 3.75 | F51: نقداً | H51: تم الدفع | J51: =IF(AND(D51="",E51="",A51="",B51="",C51=""),"", IFERROR(IF(J50="",D2,J50),D2)+IF(OR(E51="",H51="معلق"),0,E51)-IF(OR(G51="أبو اسحاق",G51="أبو آدم",G51="أبو اسحاق ",G51="أبو آدم "),0,IF(D51="",0,D51))) -> 319 | L51: =IF(E50>0,COUNTIF($E$4:E50,">0"),"") -> 32 | M51: =IF(AND(D50>0,G50="المحفظة"),COUNTIFS($D$4:D50,">"&0,$G$4:G50,"المحفظة"),"") | N51: =IF(AND(OR('طباعة كشف الحساب'!$C$2="الكل",MONTH(A51)=IFERROR(MATCH('طباعة كشف الحساب'!$C$2,{"يناير","فبراير","مارس","أبريل","مايو","يونيو","يوليو","أغسطس","سبتمبر","أكتوبر","نوفمبر","ديسمبر"},0),0)),OR('طباعة كشف الحساب'!$F$2="الكل",YEAR(A51)=IFERROR(VALUE('طباعة كشف الحساب'!$F$2),0)),A51<>""),IFERROR(MAX($N$4:N50),0)+1,"") | O51: =IF(AND(D50>0,F50="أحد الشركاء"),COUNTIFS($D$4:D50,">"&0,$F$4:F50,"أحد الشركاء"),"") | P51: =IF(OR($A51="",$F51="أحد الشركاء",AND($D51="",$E51="")),"",SUMPRODUCT(($A$4:$A51<>"")*($F$4:$F51<>"أحد الشركاء")*((($D$4:$D51<>"")+($E$4:$E51<>""))>0))) -> 35 | Q51: =IF(OR($A51="",$F51<>"أحد الشركاء"),"",COUNTIFS($A$4:A51,"<>",$F$4:F51,"أحد الشركاء"))
A52: 46149 | B52: Inv-44a | C52: other | E52: 5 | F52: نقداً | H52: تم الدفع | J52: =IF(AND(D52="",E52="",A52="",B52="",C52=""),"", IFERROR(IF(J51="",D2,J51),D2)+IF(OR(E52="",H52="معلق"),0,E52)-IF(OR(G52="أبو اسحاق",G52="أبو آدم",G52="أبو اسحاق ",G52="أبو آدم "),0,IF(D52="",0,D52))) -> 324 | L52: =IF(E51>0,COUNTIF($E$4:E51,">0"),"") -> 33 | M52: =IF(AND(D51>0,G51="المحفظة"),COUNTIFS($D$4:D51,">"&0,$G$4:G51,"المحفظة"),"") | N52: =IF(AND(OR('طباعة كشف الحساب'!$C$2="الكل",MONTH(A52)=IFERROR(MATCH('طباعة كشف الحساب'!$C$2,{"يناير","فبراير","مارس","أبريل","مايو","يونيو","يوليو","أغسطس","سبتمبر","أكتوبر","نوفمبر","ديسمبر"},0),0)),OR('طباعة كشف الحساب'!$F$2="الكل",YEAR(A52)=IFERROR(VALUE('طباعة كشف الحساب'!$F$2),0)),A52<>""),IFERROR(MAX($N$4:N51),0)+1,"") | O52: =IF(AND(D51>0,F51="أحد الشركاء"),COUNTIFS($D$4:D51,">"&0,$F$4:F51,"أحد الشركاء"),"") | P52: =IF(OR($A52="",$F52="أحد الشركاء",AND($D52="",$E52="")),"",SUMPRODUCT(($A$4:$A52<>"")*($F$4:$F52<>"أحد الشركاء")*((($D$4:$D52<>"")+($E$4:$E52<>""))>0))) -> 36 | Q52: =IF(OR($A52="",$F52<>"أحد الشركاء"),"",COUNTIFS($A$4:A52,"<>",$F$4:F52,"أحد الشركاء"))
A53: 46155 | B53: Inv-44 | C53: other | E53: 15 | F53: نقداً | H53: تم الدفع | J53: =IF(AND(D53="",E53="",A53="",B53="",C53=""),"", IFERROR(IF(J52="",D2,J52),D2)+IF(OR(E53="",H53="معلق"),0,E53)-IF(OR(G53="أبو اسحاق",G53="أبو آدم",G53="أبو اسحاق ",G53="أبو آدم "),0,IF(D53="",0,D53))) -> 339 | L53: =IF(E52>0,COUNTIF($E$4:E52,">0"),"") -> 34 | M53: =IF(AND(D52>0,G52="المحفظة"),COUNTIFS($D$4:D52,">"&0,$G$4:G52,"المحفظة"),"") | N53: =IF(AND(OR('طباعة كشف الحساب'!$C$2="الكل",MONTH(A53)=IFERROR(MATCH('طباعة كشف الحساب'!$C$2,{"يناير","فبراير","مارس","أبريل","مايو","يونيو","يوليو","أغسطس","سبتمبر","أكتوبر","نوفمبر","ديسمبر"},0),0)),OR('طباعة كشف الحساب'!$F$2="الكل",YEAR(A53)=IFERROR(VALUE('طباعة كشف الحساب'!$F$2),0)),A53<>""),IFERROR(MAX($N$4:N52),0)+1,"") | O53: =IF(AND(D52>0,F52="أحد الشركاء"),COUNTIFS($D$4:D52,">"&0,$F$4:F52,"أحد الشركاء"),"") | P53: =IF(OR($A53="",$F53="أحد الشركاء",AND($D53="",$E53="")),"",SUMPRODUCT(($A$4:$A53<>"")*($F$4:$F53<>"أحد الشركاء")*((($D$4:$D53<>"")+($E$4:$E53<>""))>0))) -> 37 | Q53: =IF(OR($A53="",$F53<>"أحد الشركاء"),"",COUNTIFS($A$4:A53,"<>",$F$4:F53,"أحد الشركاء"))
A54: 46155 | B54: Inv-45 | C54: other | E54: 4 | F54: نقداً | H54: تم الدفع | J54: =IF(AND(D54="",E54="",A54="",B54="",C54=""),"", IFERROR(IF(J53="",D2,J53),D2)+IF(OR(E54="",H54="معلق"),0,E54)-IF(OR(G54="أبو اسحاق",G54="أبو آدم",G54="أبو اسحاق ",G54="أبو آدم "),0,IF(D54="",0,D54))) -> 343 | L54: =IF(E53>0,COUNTIF($E$4:E53,">0"),"") -> 35 | M54: =IF(AND(D53>0,G53="المحفظة"),COUNTIFS($D$4:D53,">"&0,$G$4:G53,"المحفظة"),"") | N54: =IF(AND(OR('طباعة كشف الحساب'!$C$2="الكل",MONTH(A54)=IFERROR(MATCH('طباعة كشف الحساب'!$C$2,{"يناير","فبراير","مارس","أبريل","مايو","يونيو","يوليو","أغسطس","سبتمبر","أكتوبر","نوفمبر","ديسمبر"},0),0)),OR('طباعة كشف الحساب'!$F$2="الكل",YEAR(A54)=IFERROR(VALUE('طباعة كشف الحساب'!$F$2),0)),A54<>""),IFERROR(MAX($N$4:N53),0)+1,"") | O54: =IF(AND(D53>0,F53="أحد الشركاء"),COUNTIFS($D$4:D53,">"&0,$F$4:F53,"أحد الشركاء"),"") | P54: =IF(OR($A54="",$F54="أحد الشركاء",AND($D54="",$E54="")),"",SUMPRODUCT(($A$4:$A54<>"")*($F$4:$F54<>"أحد الشركاء")*((($D$4:$D54<>"")+($E$4:$E54<>""))>0))) -> 38 | Q54: =IF(OR($A54="",$F54<>"أحد الشركاء"),"",COUNTIFS($A$4:A54,"<>",$F$4:F54,"أحد الشركاء"))
A55: 46155 | B55: Inv-46 | C55: other | E55: 3.6 | F55: نقداً | H55: تم الدفع | J55: =IF(AND(D55="",E55="",A55="",B55="",C55=""),"", IFERROR(IF(J54="",D2,J54),D2)+IF(OR(E55="",H55="معلق"),0,E55)-IF(OR(G55="أبو اسحاق",G55="أبو آدم",G55="أبو اسحاق ",G55="أبو آدم "),0,IF(D55="",0,D55))) -> 346.6 | L55: =IF(E54>0,COUNTIF($E$4:E54,">0"),"") -> 36 | M55: =IF(AND(D54>0,G54="المحفظة"),COUNTIFS($D$4:D54,">"&0,$G$4:G54,"المحفظة"),"") | N55: =IF(AND(OR('طباعة كشف الحساب'!$C$2="الكل",MONTH(A55)=IFERROR(MATCH('طباعة كشف الحساب'!$C$2,{"يناير","فبراير","مارس","أبريل","مايو","يونيو","يوليو","أغسطس","سبتمبر","أكتوبر","نوفمبر","ديسمبر"},0),0)),OR('طباعة كشف الحساب'!$F$2="الكل",YEAR(A55)=IFERROR(VALUE('طباعة كشف الحساب'!$F$2),0)),A55<>""),IFERROR(MAX($N$4:N54),0)+1,"") | O55: =IF(AND(D54>0,F54="أحد الشركاء"),COUNTIFS($D$4:D54,">"&0,$F$4:F54,"أحد الشركاء"),"") | P55: =IF(OR($A55="",$F55="أحد الشركاء",AND($D55="",$E55="")),"",SUMPRODUCT(($A$4:$A55<>"")*($F$4:$F55<>"أحد الشركاء")*((($D$4:$D55<>"")+($E$4:$E55<>""))>0))) -> 39 | Q55: =IF(OR($A55="",$F55<>"أحد الشركاء"),"",COUNTIFS($A$4:A55,"<>",$F$4:F55,"أحد الشركاء"))
A56: 46158 | B56: Inv-47 | C56: other | E56: 3 | F56: نقداً | H56: تم الدفع | J56: =IF(AND(D56="",E56="",A56="",B56="",C56=""),"", IFERROR(IF(J55="",D2,J55),D2)+IF(OR(E56="",H56="معلق"),0,E56)-IF(OR(G56="أبو اسحاق",G56="أبو آدم",G56="أبو اسحاق ",G56="أبو آدم "),0,IF(D56="",0,D56))) -> 349.6 | L56: =IF(E55>0,COUNTIF($E$4:E55,">0"),"") -> 37 | M56: =IF(AND(D55>0,G55="المحفظة"),COUNTIFS($D$4:D55,">"&0,$G$4:G55,"المحفظة"),"") | N56: =IF(AND(OR('طباعة كشف الحساب'!$C$2="الكل",MONTH(A56)=IFERROR(MATCH('طباعة كشف الحساب'!$C$2,{"يناير","فبراير","مارس","أبريل","مايو","يونيو","يوليو","أغسطس","سبتمبر","أكتوبر","نوفمبر","ديسمبر"},0),0)),OR('طباعة كشف الحساب'!$F$2="الكل",YEAR(A56)=IFERROR(VALUE('طباعة كشف الحساب'!$F$2),0)),A56<>""),IFERROR(MAX($N$4:N55),0)+1,"") | O56: =IF(AND(D55>0,F55="أحد الشركاء"),COUNTIFS($D$4:D55,">"&0,$F$4:F55,"أحد الشركاء"),"") | P56: =IF(OR($A56="",$F56="أحد الشركاء",AND($D56="",$E56="")),"",SUMPRODUCT(($A$4:$A56<>"")*($F$4:$F56<>"أحد الشركاء")*((($D$4:$D56<>"")+($E$4:$E56<>""))>0))) -> 40 | Q56: =IF(OR($A56="",$F56<>"أحد الشركاء"),"",COUNTIFS($A$4:A56,"<>",$F$4:F56,"أحد الشركاء"))
A57: 46155 | C57: جبس لتغطيه المحميه | D57: 2.75 | F57: نقداً | G57: المحفظة | H57: تم الدفع | J57: =IF(AND(D57="",E57="",A57="",B57="",C57=""),"", IFERROR(IF(J56="",D2,J56),D2)+IF(OR(E57="",H57="معلق"),0,E57)-IF(OR(G57="أبو اسحاق",G57="أبو آدم",G57="أبو اسحاق ",G57="أبو آدم "),0,IF(D57="",0,D57))) -> 346.85 | L57: =IF(E56>0,COUNTIF($E$4:E56,">0"),"") -> 38 | M57: =IF(AND(D56>0,G56="المحفظة"),COUNTIFS($D$4:D56,">"&0,$G$4:G56,"المحفظة"),"") | N57: =IF(AND(OR('طباعة كشف الحساب'!$C$2="الكل",MONTH(A57)=IFERROR(MATCH('طباعة كشف الحساب'!$C$2,{"يناير","فبراير","مارس","أبريل","مايو","يونيو","يوليو","أغسطس","سبتمبر","أكتوبر","نوفمبر","ديسمبر"},0),0)),OR('طباعة كشف الحساب'!$F$2="الكل",YEAR(A57)=IFERROR(VALUE('طباعة كشف الحساب'!$F$2),0)),A57<>""),IFERROR(MAX($N$4:N56),0)+1,"") | O57: =IF(AND(D56>0,F56="أحد الشركاء"),COUNTIFS($D$4:D56,">"&0,$F$4:F56,"أحد الشركاء"),"") | P57: =IF(OR($A57="",$F57="أحد الشركاء",AND($D57="",$E57="")),"",SUMPRODUCT(($A$4:$A57<>"")*($F$4:$F57<>"أحد الشركاء")*((($D$4:$D57<>"")+($E$4:$E57<>""))>0))) -> 41 | Q57: =IF(OR($A57="",$F57<>"أحد الشركاء"),"",COUNTIFS($A$4:A57,"<>",$F$4:F57,"أحد الشركاء"))
A58: 46175 | B58: Inv-53 | C58: فل عدد 24 الحبه .750 | E58: 18 | F58: نقداً | H58: تم الدفع | J58: =IF(AND(D58="",E58="",A58="",B58="",C58=""),"", IFERROR(IF(J57="",D2,J57),D2)+IF(OR(E58="",H58="معلق"),0,E58)-IF(OR(G58="أبو اسحاق",G58="أبو آدم",G58="أبو اسحاق ",G58="أبو آدم "),0,IF(D58="",0,D58))) -> 364.85 | L58: =IF(E57>0,COUNTIF($E$4:E57,">0"),"") | M58: =IF(AND(D57>0,G57="المحفظة"),COUNTIFS($D$4:D57,">"&0,$G$4:G57,"المحفظة"),"") -> 3 | N58: =IF(AND(OR('طباعة كشف الحساب'!$C$2="الكل",MONTH(A58)=IFERROR(MATCH('طباعة كشف الحساب'!$C$2,{"يناير","فبراير","مارس","أبريل","مايو","يونيو","يوليو","أغسطس","سبتمبر","أكتوبر","نوفمبر","ديسمبر"},0),0)),OR('طباعة كشف الحساب'!$F$2="الكل",YEAR(A58)=IFERROR(VALUE('طباعة كشف الحساب'!$F$2),0)),A58<>""),IFERROR(MAX($N$4:N57),0)+1,"") | O58: =IF(AND(D57>0,F57="أحد الشركاء"),COUNTIFS($D$4:D57,">"&0,$F$4:F57,"أحد الشركاء"),"") | P58: =IF(OR($A58="",$F58="أحد الشركاء",AND($D58="",$E58="")),"",SUMPRODUCT(($A$4:$A58<>"")*($F$4:$F58<>"أحد الشركاء")*((($D$4:$D58<>"")+($E$4:$E58<>""))>0))) -> 42 | Q58: =IF(OR($A58="",$F58<>"أحد الشركاء"),"",COUNTIFS($A$4:A58,"<>",$F$4:F58,"أحد الشركاء"))
A59: 46175 | B59: Inv-54 | C59: دارسينا خضراء عدد 1 الحبه 2 | E59: 2 | F59: نقداً | H59: تم الدفع | J59: =IF(AND(D59="",E59="",A59="",B59="",C59=""),"", IFERROR(IF(J58="",D2,J58),D2)+IF(OR(E59="",H59="معلق"),0,E59)-IF(OR(G59="أبو اسحاق",G59="أبو آدم",G59="أبو اسحاق ",G59="أبو آدم "),0,IF(D59="",0,D59))) -> 366.85 | L59: =IF(E58>0,COUNTIF($E$4:E58,">0"),"") -> 39 | M59: =IF(AND(D58>0,G58="المحفظة"),COUNTIFS($D$4:D58,">"&0,$G$4:G58,"المحفظة"),"") | N59: =IF(AND(OR('طباعة كشف الحساب'!$C$2="الكل",MONTH(A59)=IFERROR(MATCH('طباعة كشف الحساب'!$C$2,{"يناير","فبراير","مارس","أبريل","مايو","يونيو","يوليو","أغسطس","سبتمبر","أكتوبر","نوفمبر","ديسمبر"},0),0)),OR('طباعة كشف الحساب'!$F$2="الكل",YEAR(A59)=IFERROR(VALUE('طباعة كشف الحساب'!$F$2),0)),A59<>""),IFERROR(MAX($N$4:N58),0)+1,"") | O59: =IF(AND(D58>0,F58="أحد الشركاء"),COUNTIFS($D$4:D58,">"&0,$F$4:F58,"أحد الشركاء"),"") | P59: =IF(OR($A59="",$F59="أحد الشركاء",AND($D59="",$E59="")),"",SUMPRODUCT(($A$4:$A59<>"")*($F$4:$F59<>"أحد الشركاء")*((($D$4:$D59<>"")+($E$4:$E59<>""))>0))) -> 43 | Q59: =IF(OR($A59="",$F59<>"أحد الشركاء"),"",COUNTIFS($A$4:A59,"<>",$F$4:F59,"أحد الشركاء"))
A60: 46175 | B60: Inv-55 | C60: افوبيا عدد 2 الحبه .750 | E60: 1.5 | F60: نقداً | H60: تم الدفع | J60: =IF(AND(D60="",E60="",A60="",B60="",C60=""),"", IFERROR(IF(J59="",D2,J59),D2)+IF(OR(E60="",H60="معلق"),0,E60)-IF(OR(G60="أبو اسحاق",G60="أبو آدم",G60="أبو اسحاق ",G60="أبو آدم "),0,IF(D60="",0,D60))) -> 368.35 | L60: =IF(E59>0,COUNTIF($E$4:E59,">0"),"") -> 40 | M60: =IF(AND(D59>0,G59="المحفظة"),COUNTIFS($D$4:D59,">"&0,$G$4:G59,"المحفظة"),"") | N60: =IF(AND(OR('طباعة كشف الحساب'!$C$2="الكل",MONTH(A60)=IFERROR(MATCH('طباعة كشف الحساب'!$C$2,{"يناير","فبراير","مارس","أبريل","مايو","يونيو","يوليو","أغسطس","سبتمبر","أكتوبر","نوفمبر","ديسمبر"},0),0)),OR('طباعة كشف الحساب'!$F$2="الكل",YEAR(A60)=IFERROR(VALUE('طباعة كشف الحساب'!$F$2),0)),A60<>""),IFERROR(MAX($N$4:N59),0)+1,"") | O60: =IF(AND(D59>0,F59="أحد الشركاء"),COUNTIFS($D$4:D59,">"&0,$F$4:F59,"أحد الشركاء"),"") | P60: =IF(OR($A60="",$F60="أحد الشركاء",AND($D60="",$E60="")),"",SUMPRODUCT(($A$4:$A60<>"")*($F$4:$F60<>"أحد الشركاء")*((($D$4:$D60<>"")+($E$4:$E60<>""))>0))) -> 44 | Q60: =IF(OR($A60="",$F60<>"أحد الشركاء"),"",COUNTIFS($A$4:A60,"<>",$F$4:F60,"أحد الشركاء"))
A61: 46175 | B61: Inv-56 | C61: دارسينا سوداء عدد 3 الحبه 1 | E61: 3 | F61: نقداً | H61: تم الدفع | J61: =IF(AND(D61="",E61="",A61="",B61="",C61=""),"", IFERROR(IF(J60="",D2,J60),D2)+IF(OR(E61="",H61="معلق"),0,E61)-IF(OR(G61="أبو اسحاق",G61="أبو آدم",G61="أبو اسحاق ",G61="أبو آدم "),0,IF(D61="",0,D61))) -> 371.35 | L61: =IF(E60>0,COUNTIF($E$4:E60,">0"),"") -> 41 | M61: =IF(AND(D60>0,G60="المحفظة"),COUNTIFS($D$4:D60,">"&0,$G$4:G60,"المحفظة"),"") | N61: =IF(AND(OR('طباعة كشف الحساب'!$C$2="الكل",MONTH(A61)=IFERROR(MATCH('طباعة كشف الحساب'!$C$2,{"يناير","فبراير","مارس","أبريل","مايو","يونيو","يوليو","أغسطس","سبتمبر","أكتوبر","نوفمبر","ديسمبر"},0),0)),OR('طباعة كشف الحساب'!$F$2="الكل",YEAR(A61)=IFERROR(VALUE('طباعة كشف الحساب'!$F$2),0)),A61<>""),IFERROR(MAX($N$4:N60),0)+1,"") | O61: =IF(AND(D60>0,F60="أحد الشركاء"),COUNTIFS($D$4:D60,">"&0,$F$4:F60,"أحد الشركاء"),"") | P61: =IF(OR($A61="",$F61="أحد الشركاء",AND($D61="",$E61="")),"",SUMPRODUCT(($A$4:$A61<>"")*($F$4:$F61<>"أحد الشركاء")*((($D$4:$D61<>"")+($E$4:$E61<>""))>0))) -> 45 | Q61: =IF(OR($A61="",$F61<>"أحد الشركاء"),"",COUNTIFS($A$4:A61,"<>",$F$4:F61,"أحد الشركاء"))
A62: 46177 | B62: inv-57 | C62: فوزير عدد1 قيمه 1 | E62: 1 | F62: نقداً | H62: تم الدفع | J62: =IF(AND(D62="",E62="",A62="",B62="",C62=""),"", IFERROR(IF(J61="",D2,J61),D2)+IF(OR(E62="",H62="معلق"),0,E62)-IF(OR(G62="أبو اسحاق",G62="أبو آدم",G62="أبو اسحاق ",G62="أبو آدم "),0,IF(D62="",0,D62))) -> 372.35 | L62: =IF(E61>0,COUNTIF($E$4:E61,">0"),"") -> 42 | M62: =IF(AND(D61>0,G61="المحفظة"),COUNTIFS($D$4:D61,">"&0,$G$4:G61,"المحفظة"),"") | N62: =IF(AND(OR('طباعة كشف الحساب'!$C$2="الكل",MONTH(A62)=IFERROR(MATCH('طباعة كشف الحساب'!$C$2,{"يناير","فبراير","مارس","أبريل","مايو","يونيو","يوليو","أغسطس","سبتمبر","أكتوبر","نوفمبر","ديسمبر"},0),0)),OR('طباعة كشف الحساب'!$F$2="الكل",YEAR(A62)=IFERROR(VALUE('طباعة كشف الحساب'!$F$2),0)),A62<>""),IFERROR(MAX($N$4:N61),0)+1,"") | O62: =IF(AND(D61>0,F61="أحد الشركاء"),COUNTIFS($D$4:D61,">"&0,$F$4:F61,"أحد الشركاء"),"") | P62: =IF(OR($A62="",$F62="أحد الشركاء",AND($D62="",$E62="")),"",SUMPRODUCT(($A$4:$A62<>"")*($F$4:$F62<>"أحد الشركاء")*((($D$4:$D62<>"")+($E$4:$E62<>""))>0))) -> 46 | Q62: =IF(OR($A62="",$F62<>"أحد الشركاء"),"",COUNTIFS($A$4:A62,"<>",$F$4:F62,"أحد الشركاء"))
A63: 46177 | C63: سماد | D63: 10 | F63: نقداً | G63: المحفظة | H63: تم الدفع | J63: =IF(AND(D63="",E63="",A63="",B63="",C63=""),"", IFERROR(IF(J62="",D2,J62),D2)+IF(OR(E63="",H63="معلق"),0,E63)-IF(OR(G63="أبو اسحاق",G63="أبو آدم",G63="أبو اسحاق ",G63="أبو آدم "),0,IF(D63="",0,D63))) -> 362.35 | L63: =IF(E62>0,COUNTIF($E$4:E62,">0"),"") -> 43 | M63: =IF(AND(D62>0,G62="المحفظة"),COUNTIFS($D$4:D62,">"&0,$G$4:G62,"المحفظة"),"") | N63: =IF(AND(OR('طباعة كشف الحساب'!$C$2="الكل",MONTH(A63)=IFERROR(MATCH('طباعة كشف الحساب'!$C$2,{"يناير","فبراير","مارس","أبريل","مايو","يونيو","يوليو","أغسطس","سبتمبر","أكتوبر","نوفمبر","ديسمبر"},0),0)),OR('طباعة كشف الحساب'!$F$2="الكل",YEAR(A63)=IFERROR(VALUE('طباعة كشف الحساب'!$F$2),0)),A63<>""),IFERROR(MAX($N$4:N62),0)+1,"") | O63: =IF(AND(D62>0,F62="أحد الشركاء"),COUNTIFS($D$4:D62,">"&0,$F$4:F62,"أحد الشركاء"),"") | P63: =IF(OR($A63="",$F63="أحد الشركاء",AND($D63="",$E63="")),"",SUMPRODUCT(($A$4:$A63<>"")*($F$4:$F63<>"أحد الشركاء")*((($D$4:$D63<>"")+($E$4:$E63<>""))>0))) -> 47 | Q63: =IF(OR($A63="",$F63<>"أحد الشركاء"),"",COUNTIFS($A$4:A63,"<>",$F$4:F63,"أحد الشركاء"))
A64: 46177 | C64: تاير لعربة الرش | D64: 3.25 | F64: نقداً | G64: المحفظة | H64: تم الدفع | J64: =IF(AND(D64="",E64="",A64="",B64="",C64=""),"", IFERROR(IF(J63="",D2,J63),D2)+IF(OR(E64="",H64="معلق"),0,E64)-IF(OR(G64="أبو اسحاق",G64="أبو آدم",G64="أبو اسحاق ",G64="أبو آدم "),0,IF(D64="",0,D64))) -> 359.1 | L64: =IF(E63>0,COUNTIF($E$4:E63,">0"),"") | M64: =IF(AND(D63>0,G63="المحفظة"),COUNTIFS($D$4:D63,">"&0,$G$4:G63,"المحفظة"),"") -> 4 | N64: =IF(AND(OR('طباعة كشف الحساب'!$C$2="الكل",MONTH(A64)=IFERROR(MATCH('طباعة كشف الحساب'!$C$2,{"يناير","فبراير","مارس","أبريل","مايو","يونيو","يوليو","أغسطس","سبتمبر","أكتوبر","نوفمبر","ديسمبر"},0),0)),OR('طباعة كشف الحساب'!$F$2="الكل",YEAR(A64)=IFERROR(VALUE('طباعة كشف الحساب'!$F$2),0)),A64<>""),IFERROR(MAX($N$4:N63),0)+1,"") | O64: =IF(AND(D63>0,F63="أحد الشركاء"),COUNTIFS($D$4:D63,">"&0,$F$4:F63,"أحد الشركاء"),"") | P64: =IF(OR($A64="",$F64="أحد الشركاء",AND($D64="",$E64="")),"",SUMPRODUCT(($A$4:$A64<>"")*($F$4:$F64<>"أحد الشركاء")*((($D$4:$D64<>"")+($E$4:$E64<>""))>0))) -> 48 | Q64: =IF(OR($A64="",$F64<>"أحد الشركاء"),"",COUNTIFS($A$4:A64,"<>",$F$4:F64,"أحد الشركاء"))
A65: 46177 | C65: حفاره خلط السماد | D65: 12 | F65: نقداً | G65: المحفظة | H65: تم الدفع | J65: =IF(AND(D65="",E65="",A65="",B65="",C65=""),"", IFERROR(IF(J64="",D2,J64),D2)+IF(OR(E65="",H65="معلق"),0,E65)-IF(OR(G65="أبو اسحاق",G65="أبو آدم",G65="أبو اسحاق ",G65="أبو آدم "),0,IF(D65="",0,D65))) -> 347.1 | L65: =IF(E64>0,COUNTIF($E$4:E64,">0"),"") | M65: =IF(AND(D64>0,G64="المحفظة"),COUNTIFS($D$4:D64,">"&0,$G$4:G64,"المحفظة"),"") -> 5 | N65: =IF(AND(OR('طباعة كشف الحساب'!$C$2="الكل",MONTH(A65)=IFERROR(MATCH('طباعة كشف الحساب'!$C$2,{"يناير","فبراير","مارس","أبريل","مايو","يونيو","يوليو","أغسطس","سبتمبر","أكتوبر","نوفمبر","ديسمبر"},0),0)),OR('طباعة كشف الحساب'!$F$2="الكل",YEAR(A65)=IFERROR(VALUE('طباعة كشف الحساب'!$F$2),0)),A65<>""),IFERROR(MAX($N$4:N64),0)+1,"") | O65: =IF(AND(D64>0,F64="أحد الشركاء"),COUNTIFS($D$4:D64,">"&0,$F$4:F64,"أحد الشركاء"),"") | P65: =IF(OR($A65="",$F65="أحد الشركاء",AND($D65="",$E65="")),"",SUMPRODUCT(($A$4:$A65<>"")*($F$4:$F65<>"أحد الشركاء")*((($D$4:$D65<>"")+($E$4:$E65<>""))>0))) -> 49 | Q65: =IF(OR($A65="",$F65<>"أحد الشركاء"),"",COUNTIFS($A$4:A65,"<>",$F$4:F65,"أحد الشركاء"))
A66: 46179 | B66: Inv-58 | C66: دارسينا عدد3 بقيمه 1 للحبه | E66: 3 | F66: نقداً | H66: تم الدفع | J66: =IF(AND(D66="",E66="",A66="",B66="",C66=""),"", IFERROR(IF(J65="",D2,J65),D2)+IF(OR(E66="",H66="معلق"),0,E66)-IF(OR(G66="أبو اسحاق",G66="أبو آدم",G66="أبو اسحاق ",G66="أبو آدم "),0,IF(D66="",0,D66))) -> 350.1 | L66: =IF(E65>0,COUNTIF($E$4:E65,">0"),"") | M66: =IF(AND(D65>0,G65="المحفظة"),COUNTIFS($D$4:D65,">"&0,$G$4:G65,"المحفظة"),"") -> 6 | N66: =IF(AND(OR('طباعة كشف الحساب'!$C$2="الكل",MONTH(A66)=IFERROR(MATCH('طباعة كشف الحساب'!$C$2,{"يناير","فبراير","مارس","أبريل","مايو","يونيو","يوليو","أغسطس","سبتمبر","أكتوبر","نوفمبر","ديسمبر"},0),0)),OR('طباعة كشف الحساب'!$F$2="الكل",YEAR(A66)=IFERROR(VALUE('طباعة كشف الحساب'!$F$2),0)),A66<>""),IFERROR(MAX($N$4:N65),0)+1,"") | O66: =IF(AND(D65>0,F65="أحد الشركاء"),COUNTIFS($D$4:D65,">"&0,$F$4:F65,"أحد الشركاء"),"") | P66: =IF(OR($A66="",$F66="أحد الشركاء",AND($D66="",$E66="")),"",SUMPRODUCT(($A$4:$A66<>"")*($F$4:$F66<>"أحد الشركاء")*((($D$4:$D66<>"")+($E$4:$E66<>""))>0))) -> 50 | Q66: =IF(OR($A66="",$F66<>"أحد الشركاء"),"",COUNTIFS($A$4:A66,"<>",$F$4:F66,"أحد الشركاء"))
A67: 46179 | B67: Inv-59 | C67: ودليه عدد 1 بقيمه 1 | E67: 1 | F67: نقداً | H67: تم الدفع | J67: =IF(AND(D67="",E67="",A67="",B67="",C67=""),"", IFERROR(IF(J66="",D2,J66),D2)+IF(OR(E67="",H67="معلق"),0,E67)-IF(OR(G67="أبو اسحاق",G67="أبو آدم",G67="أبو اسحاق ",G67="أبو آدم "),0,IF(D67="",0,D67))) -> 351.1 | L67: =IF(E66>0,COUNTIF($E$4:E66,">0"),"") -> 44 | M67: =IF(AND(D66>0,G66="المحفظة"),COUNTIFS($D$4:D66,">"&0,$G$4:G66,"المحفظة"),"") | N67: =IF(AND(OR('طباعة كشف الحساب'!$C$2="الكل",MONTH(A67)=IFERROR(MATCH('طباعة كشف الحساب'!$C$2,{"يناير","فبراير","مارس","أبريل","مايو","يونيو","يوليو","أغسطس","سبتمبر","أكتوبر","نوفمبر","ديسمبر"},0),0)),OR('طباعة كشف الحساب'!$F$2="الكل",YEAR(A67)=IFERROR(VALUE('طباعة كشف الحساب'!$F$2),0)),A67<>""),IFERROR(MAX($N$4:N66),0)+1,"") | O67: =IF(AND(D66>0,F66="أحد الشركاء"),COUNTIFS($D$4:D66,">"&0,$F$4:F66,"أحد الشركاء"),"") | P67: =IF(OR($A67="",$F67="أحد الشركاء",AND($D67="",$E67="")),"",SUMPRODUCT(($A$4:$A67<>"")*($F$4:$F67<>"أحد الشركاء")*((($D$4:$D67<>"")+($E$4:$E67<>""))>0))) -> 51 | Q67: =IF(OR($A67="",$F67<>"أحد الشركاء"),"",COUNTIFS($A$4:A67,"<>",$F$4:F67,"أحد الشركاء"))
A68: 46179 | B68: Inv-60 | C68: دارسينا حمراء عدد 1 بقيمه 3 | E68: 3 | F68: نقداً | H68: تم الدفع | J68: =IF(AND(D68="",E68="",A68="",B68="",C68=""),"", IFERROR(IF(J67="",D2,J67),D2)+IF(OR(E68="",H68="معلق"),0,E68)-IF(OR(G68="أبو اسحاق",G68="أبو آدم",G68="أبو اسحاق ",G68="أبو آدم "),0,IF(D68="",0,D68))) -> 354.1 | L68: =IF(E67>0,COUNTIF($E$4:E67,">0"),"") -> 45 | M68: =IF(AND(D67>0,G67="المحفظة"),COUNTIFS($D$4:D67,">"&0,$G$4:G67,"المحفظة"),"") | N68: =IF(AND(OR('طباعة كشف الحساب'!$C$2="الكل",MONTH(A68)=IFERROR(MATCH('طباعة كشف الحساب'!$C$2,{"يناير","فبراير","مارس","أبريل","مايو","يونيو","يوليو","أغسطس","سبتمبر","أكتوبر","نوفمبر","ديسمبر"},0),0)),OR('طباعة كشف الحساب'!$F$2="الكل",YEAR(A68)=IFERROR(VALUE('طباعة كشف الحساب'!$F$2),0)),A68<>""),IFERROR(MAX($N$4:N67),0)+1,"") | O68: =IF(AND(D67>0,F67="أحد الشركاء"),COUNTIFS($D$4:D67,">"&0,$F$4:F67,"أحد الشركاء"),"") | P68: =IF(OR($A68="",$F68="أحد الشركاء",AND($D68="",$E68="")),"",SUMPRODUCT(($A$4:$A68<>"")*($F$4:$F68<>"أحد الشركاء")*((($D$4:$D68<>"")+($E$4:$E68<>""))>0))) -> 52 | Q68: =IF(OR($A68="",$F68<>"أحد الشركاء"),"",COUNTIFS($A$4:A68,"<>",$F$4:F68,"أحد الشركاء"))
A69: 46181 | B69: Inv-61 | C69: فل عدد 20 بقيمه 0.750 | E69: 15 | F69: نقداً | H69: تم الدفع | J69: =IF(AND(D69="",E69="",A69="",B69="",C69=""),"", IFERROR(IF(J68="",D2,J68),D2)+IF(OR(E69="",H69="معلق"),0,E69)-IF(OR(G69="أبو اسحاق",G69="أبو آدم",G69="أبو اسحاق ",G69="أبو آدم "),0,IF(D69="",0,D69))) -> 369.1 | L69: =IF(E68>0,COUNTIF($E$4:E68,">0"),"") -> 46 | M69: =IF(AND(D68>0,G68="المحفظة"),COUNTIFS($D$4:D68,">"&0,$G$4:G68,"المحفظة"),"") | N69: =IF(AND(OR('طباعة كشف الحساب'!$C$2="الكل",MONTH(A69)=IFERROR(MATCH('طباعة كشف الحساب'!$C$2,{"يناير","فبراير","مارس","أبريل","مايو","يونيو","يوليو","أغسطس","سبتمبر","أكتوبر","نوفمبر","ديسمبر"},0),0)),OR('طباعة كشف الحساب'!$F$2="الكل",YEAR(A69)=IFERROR(VALUE('طباعة كشف الحساب'!$F$2),0)),A69<>""),IFERROR(MAX($N$4:N68),0)+1,"") | O69: =IF(AND(D68>0,F68="أحد الشركاء"),COUNTIFS($D$4:D68,">"&0,$F$4:F68,"أحد الشركاء"),"") | P69: =IF(OR($A69="",$F69="أحد الشركاء",AND($D69="",$E69="")),"",SUMPRODUCT(($A$4:$A69<>"")*($F$4:$F69<>"أحد الشركاء")*((($D$4:$D69<>"")+($E$4:$E69<>""))>0))) -> 53 | Q69: =IF(OR($A69="",$F69<>"أحد الشركاء"),"",COUNTIFS($A$4:A69,"<>",$F$4:F69,"أحد الشركاء"))
A70: 46181 | C70: اسمنت اسود للمحميه الصغيره الجديده | D70: 2.8 | F70: نقداً | G70: المحفظة | H70: تم الدفع | J70: =IF(AND(D70="",E70="",A70="",B70="",C70=""),"", IFERROR(IF(J69="",D2,J69),D2)+IF(OR(E70="",H70="معلق"),0,E70)-IF(OR(G70="أبو اسحاق",G70="أبو آدم",G70="أبو اسحاق ",G70="أبو آدم "),0,IF(D70="",0,D70))) -> 366.3 | L70: =IF(E69>0,COUNTIF($E$4:E69,">0"),"") -> 47 | M70: =IF(AND(D69>0,G69="المحفظة"),COUNTIFS($D$4:D69,">"&0,$G$4:G69,"المحفظة"),"") | N70: =IF(AND(OR('طباعة كشف الحساب'!$C$2="الكل",MONTH(A70)=IFERROR(MATCH('طباعة كشف الحساب'!$C$2,{"يناير","فبراير","مارس","أبريل","مايو","يونيو","يوليو","أغسطس","سبتمبر","أكتوبر","نوفمبر","ديسمبر"},0),0)),OR('طباعة كشف الحساب'!$F$2="الكل",YEAR(A70)=IFERROR(VALUE('طباعة كشف الحساب'!$F$2),0)),A70<>""),IFERROR(MAX($N$4:N69),0)+1,"") | O70: =IF(AND(D69>0,F69="أحد الشركاء"),COUNTIFS($D$4:D69,">"&0,$F$4:F69,"أحد الشركاء"),"") | P70: =IF(OR($A70="",$F70="أحد الشركاء",AND($D70="",$E70="")),"",SUMPRODUCT(($A$4:$A70<>"")*($F$4:$F70<>"أحد الشركاء")*((($D$4:$D70<>"")+($E$4:$E70<>""))>0))) -> 54 | Q70: =IF(OR($A70="",$F70<>"أحد الشركاء"),"",COUNTIFS($A$4:A70,"<>",$F$4:F70,"أحد الشركاء"))
A71: 46181 | C71: حديد اسود للمحميه الصغيره الجديده | D71: 46.75 | F71: نقداً | G71: المحفظة | H71: تم الدفع | J71: =IF(AND(D71="",E71="",A71="",B71="",C71=""),"", IFERROR(IF(J70="",D2,J70),D2)+IF(OR(E71="",H71="معلق"),0,E71)-IF(OR(G71="أبو اسحاق",G71="أبو آدم",G71="أبو اسحاق ",G71="أبو آدم "),0,IF(D71="",0,D71))) -> 319.55 | L71: =IF(E70>0,COUNTIF($E$4:E70,">0"),"") | M71: =IF(AND(D70>0,G70="المحفظة"),COUNTIFS($D$4:D70,">"&0,$G$4:G70,"المحفظة"),"") -> 7 | N71: =IF(AND(OR('طباعة كشف الحساب'!$C$2="الكل",MONTH(A71)=IFERROR(MATCH('طباعة كشف الحساب'!$C$2,{"يناير","فبراير","مارس","أبريل","مايو","يونيو","يوليو","أغسطس","سبتمبر","أكتوبر","نوفمبر","ديسمبر"},0),0)),OR('طباعة كشف الحساب'!$F$2="الكل",YEAR(A71)=IFERROR(VALUE('طباعة كشف الحساب'!$F$2),0)),A71<>""),IFERROR(MAX($N$4:N70),0)+1,"") | O71: =IF(AND(D70>0,F70="أحد الشركاء"),COUNTIFS($D$4:D70,">"&0,$F$4:F70,"أحد الشركاء"),"") | P71: =IF(OR($A71="",$F71="أحد الشركاء",AND($D71="",$E71="")),"",SUMPRODUCT(($A$4:$A71<>"")*($F$4:$F71<>"أحد الشركاء")*((($D$4:$D71<>"")+($E$4:$E71<>""))>0))) -> 55 | Q71: =IF(OR($A71="",$F71<>"أحد الشركاء"),"",COUNTIFS($A$4:A71,"<>",$F$4:F71,"أحد الشركاء"))
A72: 46182 | B72: Inv-62 | C72: فل عدد 30 الحبه 0.750 | E72: 22.5 | F72: نقداً | H72: تم الدفع | J72: =IF(AND(D72="",E72="",A72="",B72="",C72=""),"", IFERROR(IF(J71="",D2,J71),D2)+IF(OR(E72="",H72="معلق"),0,E72)-IF(OR(G72="أبو اسحاق",G72="أبو آدم",G72="أبو اسحاق ",G72="أبو آدم "),0,IF(D72="",0,D72))) -> 342.05 | L72: =IF(E71>0,COUNTIF($E$4:E71,">0"),"") | M72: =IF(AND(D71>0,G71="المحفظة"),COUNTIFS($D$4:D71,">"&0,$G$4:G71,"المحفظة"),"") -> 8 | N72: =IF(AND(OR('طباعة كشف الحساب'!$C$2="الكل",MONTH(A72)=IFERROR(MATCH('طباعة كشف الحساب'!$C$2,{"يناير","فبراير","مارس","أبريل","مايو","يونيو","يوليو","أغسطس","سبتمبر","أكتوبر","نوفمبر","ديسمبر"},0),0)),OR('طباعة كشف الحساب'!$F$2="الكل",YEAR(A72)=IFERROR(VALUE('طباعة كشف الحساب'!$F$2),0)),A72<>""),IFERROR(MAX($N$4:N71),0)+1,"") | O72: =IF(AND(D71>0,F71="أحد الشركاء"),COUNTIFS($D$4:D71,">"&0,$F$4:F71,"أحد الشركاء"),"") | P72: =IF(OR($A72="",$F72="أحد الشركاء",AND($D72="",$E72="")),"",SUMPRODUCT(($A$4:$A72<>"")*($F$4:$F72<>"أحد الشركاء")*((($D$4:$D72<>"")+($E$4:$E72<>""))>0))) -> 56 | Q72: =IF(OR($A72="",$F72<>"أحد الشركاء"),"",COUNTIFS($A$4:A72,"<>",$F$4:F72,"أحد الشركاء"))
A73: 46184 | C73: براغي | D73: 3.5 | F73: نقداً | G73: المحفظة | H73: تم الدفع | J73: =IF(AND(D73="",E73="",A73="",B73="",C73=""),"", IFERROR(IF(J72="",D2,J72),D2)+IF(OR(E73="",H73="معلق"),0,E73)-IF(OR(G73="أبو اسحاق",G73="أبو آدم",G73="أبو اسحاق ",G73="أبو آدم "),0,IF(D73="",0,D73))) -> 338.55 | L73: =IF(E72>0,COUNTIF($E$4:E72,">0"),"") -> 48 | M73: =IF(AND(D72>0,G72="المحفظة"),COUNTIFS($D$4:D72,">"&0,$G$4:G72,"المحفظة"),"") | N73: =IF(AND(OR('طباعة كشف الحساب'!$C$2="الكل",MONTH(A73)=IFERROR(MATCH('طباعة كشف الحساب'!$C$2,{"يناير","فبراير","مارس","أبريل","مايو","يونيو","يوليو","أغسطس","سبتمبر","أكتوبر","نوفمبر","ديسمبر"},0),0)),OR('طباعة كشف الحساب'!$F$2="الكل",YEAR(A73)=IFERROR(VALUE('طباعة كشف الحساب'!$F$2),0)),A73<>""),IFERROR(MAX($N$4:N72),0)+1,"") | O73: =IF(AND(D72>0,F72="أحد الشركاء"),COUNTIFS($D$4:D72,">"&0,$F$4:F72,"أحد الشركاء"),"") | P73: =IF(OR($A73="",$F73="أحد الشركاء",AND($D73="",$E73="")),"",SUMPRODUCT(($A$4:$A73<>"")*($F$4:$F73<>"أحد الشركاء")*((($D$4:$D73<>"")+($E$4:$E73<>""))>0))) -> 57 | Q73: =IF(OR($A73="",$F73<>"أحد الشركاء"),"",COUNTIFS($A$4:A73,"<>",$F$4:F73,"أحد الشركاء"))
A74: 46184 | B74: Inv-63 | C74: فل عدد 20 بقيمه 0.750 | F74: نقداً | H74: تم الدفع | J74: =IF(AND(D74="",E74="",A74="",B74="",C74=""),"", IFERROR(IF(J73="",D2,J73),D2)+IF(OR(E74="",H74="معلق"),0,E74)-IF(OR(G74="أبو اسحاق",G74="أبو آدم",G74="أبو اسحاق ",G74="أبو آدم "),0,IF(D74="",0,D74))) -> 338.55 | K74: ملغيه | L74: =IF(E73>0,COUNTIF($E$4:E73,">0"),"") | M74: =IF(AND(D73>0,G73="المحفظة"),COUNTIFS($D$4:D73,">"&0,$G$4:G73,"المحفظة"),"") -> 9 | N74: =IF(AND(OR('طباعة كشف الحساب'!$C$2="الكل",MONTH(A74)=IFERROR(MATCH('طباعة كشف الحساب'!$C$2,{"يناير","فبراير","مارس","أبريل","مايو","يونيو","يوليو","أغسطس","سبتمبر","أكتوبر","نوفمبر","ديسمبر"},0),0)),OR('طباعة كشف الحساب'!$F$2="الكل",YEAR(A74)=IFERROR(VALUE('طباعة كشف الحساب'!$F$2),0)),A74<>""),IFERROR(MAX($N$4:N73),0)+1,"") | O74: =IF(AND(D73>0,F73="أحد الشركاء"),COUNTIFS($D$4:D73,">"&0,$F$4:F73,"أحد الشركاء"),"") | P74: =IF(OR($A74="",$F74="أحد الشركاء",AND($D74="",$E74="")),"",SUMPRODUCT(($A$4:$A74<>"")*($F$4:$F74<>"أحد الشركاء")*((($D$4:$D74<>"")+($E$4:$E74<>""))>0))) | Q74: =IF(OR($A74="",$F74<>"أحد الشركاء"),"",COUNTIFS($A$4:A74,"<>",$F$4:F74,"أحد الشركاء"))
A75: 46185 | C75: رول لحيم | D75: 2 | F75: نقداً | G75: المحفظة | H75: تم الدفع | J75: =IF(AND(D75="",E75="",A75="",B75="",C75=""),"", IFERROR(IF(J74="",D2,J74),D2)+IF(OR(E75="",H75="معلق"),0,E75)-IF(OR(G75="أبو اسحاق",G75="أبو آدم",G75="أبو اسحاق ",G75="أبو آدم "),0,IF(D75="",0,D75))) -> 336.55 | L75: =IF(E74>0,COUNTIF($E$4:E74,">0"),"") | M75: =IF(AND(D74>0,G74="المحفظة"),COUNTIFS($D$4:D74,">"&0,$G$4:G74,"المحفظة"),"") | N75: =IF(AND(OR('طباعة كشف الحساب'!$C$2="الكل",MONTH(A75)=IFERROR(MATCH('طباعة كشف الحساب'!$C$2,{"يناير","فبراير","مارس","أبريل","مايو","يونيو","يوليو","أغسطس","سبتمبر","أكتوبر","نوفمبر","ديسمبر"},0),0)),OR('طباعة كشف الحساب'!$F$2="الكل",YEAR(A75)=IFERROR(VALUE('طباعة كشف الحساب'!$F$2),0)),A75<>""),IFERROR(MAX($N$4:N74),0)+1,"") | O75: =IF(AND(D74>0,F74="أحد الشركاء"),COUNTIFS($D$4:D74,">"&0,$F$4:F74,"أحد الشركاء"),"") | P75: =IF(OR($A75="",$F75="أحد الشركاء",AND($D75="",$E75="")),"",SUMPRODUCT(($A$4:$A75<>"")*($F$4:$F75<>"أحد الشركاء")*((($D$4:$D75<>"")+($E$4:$E75<>""))>0))) -> 58 | Q75: =IF(OR($A75="",$F75<>"أحد الشركاء"),"",COUNTIFS($A$4:A75,"<>",$F$4:F75,"أحد الشركاء"))
A76: 46186 | B76: Inv-64 | C76: معلقات عدد 10 الحبه 1 | E76: 10 | F76: نقداً | H76: تم الدفع | J76: =IF(AND(D76="",E76="",A76="",B76="",C76=""),"", IFERROR(IF(J75="",D2,J75),D2)+IF(OR(E76="",H76="معلق"),0,E76)-IF(OR(G76="أبو اسحاق",G76="أبو آدم",G76="أبو اسحاق ",G76="أبو آدم "),0,IF(D76="",0,D76))) -> 346.55 | L76: =IF(E75>0,COUNTIF($E$4:E75,">0"),"") | M76: =IF(AND(D75>0,G75="المحفظة"),COUNTIFS($D$4:D75,">"&0,$G$4:G75,"المحفظة"),"") -> 10 | N76: =IF(AND(OR('طباعة كشف الحساب'!$C$2="الكل",MONTH(A76)=IFERROR(MATCH('طباعة كشف الحساب'!$C$2,{"يناير","فبراير","مارس","أبريل","مايو","يونيو","يوليو","أغسطس","سبتمبر","أكتوبر","نوفمبر","ديسمبر"},0),0)),OR('طباعة كشف الحساب'!$F$2="الكل",YEAR(A76)=IFERROR(VALUE('طباعة كشف الحساب'!$F$2),0)),A76<>""),IFERROR(MAX($N$4:N75),0)+1,"") | O76: =IF(AND(D75>0,F75="أحد الشركاء"),COUNTIFS($D$4:D75,">"&0,$F$4:F75,"أحد الشركاء"),"") | P76: =IF(OR($A76="",$F76="أحد الشركاء",AND($D76="",$E76="")),"",SUMPRODUCT(($A$4:$A76<>"")*($F$4:$F76<>"أحد الشركاء")*((($D$4:$D76<>"")+($E$4:$E76<>""))>0))) -> 59 | Q76: =IF(OR($A76="",$F76<>"أحد الشركاء"),"",COUNTIFS($A$4:A76,"<>",$F$4:F76,"أحد الشركاء"))
A77: 46186 | B77: Inv-65 | C77: ودوليه عدد 5 الحبه 1 | E77: 5 | F77: نقداً | H77: تم الدفع | J77: =IF(AND(D77="",E77="",A77="",B77="",C77=""),"", IFERROR(IF(J76="",D2,J76),D2)+IF(OR(E77="",H77="معلق"),0,E77)-IF(OR(G77="أبو اسحاق",G77="أبو آدم",G77="أبو اسحاق ",G77="أبو آدم "),0,IF(D77="",0,D77))) -> 351.55 | L77: =IF(E76>0,COUNTIF($E$4:E76,">0"),"") -> 49 | M77: =IF(AND(D76>0,G76="المحفظة"),COUNTIFS($D$4:D76,">"&0,$G$4:G76,"المحفظة"),"") | N77: =IF(AND(OR('طباعة كشف الحساب'!$C$2="الكل",MONTH(A77)=IFERROR(MATCH('طباعة كشف الحساب'!$C$2,{"يناير","فبراير","مارس","أبريل","مايو","يونيو","يوليو","أغسطس","سبتمبر","أكتوبر","نوفمبر","ديسمبر"},0),0)),OR('طباعة كشف الحساب'!$F$2="الكل",YEAR(A77)=IFERROR(VALUE('طباعة كشف الحساب'!$F$2),0)),A77<>""),IFERROR(MAX($N$4:N76),0)+1,"") | O77: =IF(AND(D76>0,F76="أحد الشركاء"),COUNTIFS($D$4:D76,">"&0,$F$4:F76,"أحد الشركاء"),"") | P77: =IF(OR($A77="",$F77="أحد الشركاء",AND($D77="",$E77="")),"",SUMPRODUCT(($A$4:$A77<>"")*($F$4:$F77<>"أحد الشركاء")*((($D$4:$D77<>"")+($E$4:$E77<>""))>0))) -> 60 | Q77: =IF(OR($A77="",$F77<>"أحد الشركاء"),"",COUNTIFS($A$4:A77,"<>",$F$4:F77,"أحد الشركاء"))
A78: 46187 | C78: عصايا عدد 2000 احواض معاقات عدد 250 | D78: 107.5 | F78: أحد الشركاء | G78: أبو اسحاق | H78: معلق | J78: =IF(AND(D78="",E78="",A78="",B78="",C78=""),"", IFERROR(IF(J77="",D2,J77),D2)+IF(OR(E78="",H78="معلق"),0,E78)-IF(OR(G78="أبو اسحاق",G78="أبو آدم",G78="أبو اسحاق ",G78="أبو آدم "),0,IF(D78="",0,D78))) -> 351.55 | L78: =IF(E77>0,COUNTIF($E$4:E77,">0"),"") -> 50 | M78: =IF(AND(D77>0,G77="المحفظة"),COUNTIFS($D$4:D77,">"&0,$G$4:G77,"المحفظة"),"") | N78: =IF(AND(OR('طباعة كشف الحساب'!$C$2="الكل",MONTH(A78)=IFERROR(MATCH('طباعة كشف الحساب'!$C$2,{"يناير","فبراير","مارس","أبريل","مايو","يونيو","يوليو","أغسطس","سبتمبر","أكتوبر","نوفمبر","ديسمبر"},0),0)),OR('طباعة كشف الحساب'!$F$2="الكل",YEAR(A78)=IFERROR(VALUE('طباعة كشف الحساب'!$F$2),0)),A78<>""),IFERROR(MAX($N$4:N77),0)+1,"") | O78: =IF(AND(D77>0,F77="أحد الشركاء"),COUNTIFS($D$4:D77,">"&0,$F$4:F77,"أحد الشركاء"),"") | P78: =IF(OR($A78="",$F78="أحد الشركاء",AND($D78="",$E78="")),"",SUMPRODUCT(($A$4:$A78<>"")*($F$4:$F78<>"أحد الشركاء")*((($D$4:$D78<>"")+($E$4:$E78<>""))>0))) | Q78: =IF(OR($A78="",$F78<>"أحد الشركاء"),"",COUNTIFS($A$4:A78,"<>",$F$4:F78,"أحد الشركاء")) -> 9
A79: 46189 | B79: Inv-66 | C79: شوكليرا عدد10 الحبه 1.500 | E79: 15 | F79: أون لاين | H79: تم الدفع | J79: =IF(AND(D79="",E79="",A79="",B79="",C79=""),"", IFERROR(IF(J78="",D2,J78),D2)+IF(OR(E79="",H79="معلق"),0,E79)-IF(OR(G79="أبو اسحاق",G79="أبو آدم",G79="أبو اسحاق ",G79="أبو آدم "),0,IF(D79="",0,D79))) -> 366.55 | L79: =IF(E78>0,COUNTIF($E$4:E78,">0"),"") | M79: =IF(AND(D78>0,G78="المحفظة"),COUNTIFS($D$4:D78,">"&0,$G$4:G78,"المحفظة"),"") | N79: =IF(AND(OR('طباعة كشف الحساب'!$C$2="الكل",MONTH(A79)=IFERROR(MATCH('طباعة كشف الحساب'!$C$2,{"يناير","فبراير","مارس","أبريل","مايو","يونيو","يوليو","أغسطس","سبتمبر","أكتوبر","نوفمبر","ديسمبر"},0),0)),OR('طباعة كشف الحساب'!$F$2="الكل",YEAR(A79)=IFERROR(VALUE('طباعة كشف الحساب'!$F$2),0)),A79<>""),IFERROR(MAX($N$4:N78),0)+1,"") | O79: =IF(AND(D78>0,F78="أحد الشركاء"),COUNTIFS($D$4:D78,">"&0,$F$4:F78,"أحد الشركاء"),"") -> 9 | P79: =IF(OR($A79="",$F79="أحد الشركاء",AND($D79="",$E79="")),"",SUMPRODUCT(($A$4:$A79<>"")*($F$4:$F79<>"أحد الشركاء")*((($D$4:$D79<>"")+($E$4:$E79<>""))>0))) -> 61 | Q79: =IF(OR($A79="",$F79<>"أحد الشركاء"),"",COUNTIFS($A$4:A79,"<>",$F$4:F79,"أحد الشركاء"))
A80: 46189 | B80: Inv-67 | C80: فيكس عدد7 الحبه 1 | E80: 7 | F80: أون لاين | H80: تم الدفع | J80: =IF(AND(D80="",E80="",A80="",B80="",C80=""),"", IFERROR(IF(J79="",D2,J79),D2)+IF(OR(E80="",H80="معلق"),0,E80)-IF(OR(G80="أبو اسحاق",G80="أبو آدم",G80="أبو اسحاق ",G80="أبو آدم "),0,IF(D80="",0,D80))) -> 373.55 | L80: =IF(E79>0,COUNTIF($E$4:E79,">0"),"") -> 51 | M80: =IF(AND(D79>0,G79="المحفظة"),COUNTIFS($D$4:D79,">"&0,$G$4:G79,"المحفظة"),"") | N80: =IF(AND(OR('طباعة كشف الحساب'!$C$2="الكل",MONTH(A80)=IFERROR(MATCH('طباعة كشف الحساب'!$C$2,{"يناير","فبراير","مارس","أبريل","مايو","يونيو","يوليو","أغسطس","سبتمبر","أكتوبر","نوفمبر","ديسمبر"},0),0)),OR('طباعة كشف الحساب'!$F$2="الكل",YEAR(A80)=IFERROR(VALUE('طباعة كشف الحساب'!$F$2),0)),A80<>""),IFERROR(MAX($N$4:N79),0)+1,"") | O80: =IF(AND(D79>0,F79="أحد الشركاء"),COUNTIFS($D$4:D79,">"&0,$F$4:F79,"أحد الشركاء"),"") | P80: =IF(OR($A80="",$F80="أحد الشركاء",AND($D80="",$E80="")),"",SUMPRODUCT(($A$4:$A80<>"")*($F$4:$F80<>"أحد الشركاء")*((($D$4:$D80<>"")+($E$4:$E80<>""))>0))) -> 62 | Q80: =IF(OR($A80="",$F80<>"أحد الشركاء"),"",COUNTIFS($A$4:A80,"<>",$F$4:F80,"أحد الشركاء"))
A81: 46189 | B81: Inv-68 | C81: ربل عدد 5 الحبه 2 | E81: 10 | F81: أون لاين | H81: تم الدفع | J81: =IF(AND(D81="",E81="",A81="",B81="",C81=""),"", IFERROR(IF(J80="",D2,J80),D2)+IF(OR(E81="",H81="معلق"),0,E81)-IF(OR(G81="أبو اسحاق",G81="أبو آدم",G81="أبو اسحاق ",G81="أبو آدم "),0,IF(D81="",0,D81))) -> 383.55 | L81: =IF(E80>0,COUNTIF($E$4:E80,">0"),"") -> 52 | M81: =IF(AND(D80>0,G80="المحفظة"),COUNTIFS($D$4:D80,">"&0,$G$4:G80,"المحفظة"),"") | N81: =IF(AND(OR('طباعة كشف الحساب'!$C$2="الكل",MONTH(A81)=IFERROR(MATCH('طباعة كشف الحساب'!$C$2,{"يناير","فبراير","مارس","أبريل","مايو","يونيو","يوليو","أغسطس","سبتمبر","أكتوبر","نوفمبر","ديسمبر"},0),0)),OR('طباعة كشف الحساب'!$F$2="الكل",YEAR(A81)=IFERROR(VALUE('طباعة كشف الحساب'!$F$2),0)),A81<>""),IFERROR(MAX($N$4:N80),0)+1,"") | O81: =IF(AND(D80>0,F80="أحد الشركاء"),COUNTIFS($D$4:D80,">"&0,$F$4:F80,"أحد الشركاء"),"") | P81: =IF(OR($A81="",$F81="أحد الشركاء",AND($D81="",$E81="")),"",SUMPRODUCT(($A$4:$A81<>"")*($F$4:$F81<>"أحد الشركاء")*((($D$4:$D81<>"")+($E$4:$E81<>""))>0))) -> 63 | Q81: =IF(OR($A81="",$F81<>"أحد الشركاء"),"",COUNTIFS($A$4:A81,"<>",$F$4:F81,"أحد الشركاء"))
A82: 46189 | B82: Inv-69 | C82: فل عدد 24 الحبه .750 | E82: 18 | F82: أون لاين | H82: تم الدفع | J82: =IF(AND(D82="",E82="",A82="",B82="",C82=""),"", IFERROR(IF(J81="",D2,J81),D2)+IF(OR(E82="",H82="معلق"),0,E82)-IF(OR(G82="أبو اسحاق",G82="أبو آدم",G82="أبو اسحاق ",G82="أبو آدم "),0,IF(D82="",0,D82))) -> 401.55 | L82: =IF(E81>0,COUNTIF($E$4:E81,">0"),"") -> 53 | M82: =IF(AND(D81>0,G81="المحفظة"),COUNTIFS($D$4:D81,">"&0,$G$4:G81,"المحفظة"),"") | N82: =IF(AND(OR('طباعة كشف الحساب'!$C$2="الكل",MONTH(A82)=IFERROR(MATCH('طباعة كشف الحساب'!$C$2,{"يناير","فبراير","مارس","أبريل","مايو","يونيو","يوليو","أغسطس","سبتمبر","أكتوبر","نوفمبر","ديسمبر"},0),0)),OR('طباعة كشف الحساب'!$F$2="الكل",YEAR(A82)=IFERROR(VALUE('طباعة كشف الحساب'!$F$2),0)),A82<>""),IFERROR(MAX($N$4:N81),0)+1,"") | O82: =IF(AND(D81>0,F81="أحد الشركاء"),COUNTIFS($D$4:D81,">"&0,$F$4:F81,"أحد الشركاء"),"") | P82: =IF(OR($A82="",$F82="أحد الشركاء",AND($D82="",$E82="")),"",SUMPRODUCT(($A$4:$A82<>"")*($F$4:$F82<>"أحد الشركاء")*((($D$4:$D82<>"")+($E$4:$E82<>""))>0))) -> 64 | Q82: =IF(OR($A82="",$F82<>"أحد الشركاء"),"",COUNTIFS($A$4:A82,"<>",$F$4:F82,"أحد الشركاء"))
A83: 46188 | C83: أقامه عبدول | D83: 25 | F83: أون لاين | G83: المحفظة | H83: تم الدفع | J83: =IF(AND(D83="",E83="",A83="",B83="",C83=""),"", IFERROR(IF(J82="",D2,J82),D2)+IF(OR(E83="",H83="معلق"),0,E83)-IF(OR(G83="أبو اسحاق",G83="أبو آدم",G83="أبو اسحاق ",G83="أبو آدم "),0,IF(D83="",0,D83))) -> 376.55 | L83: =IF(E82>0,COUNTIF($E$4:E82,">0"),"") -> 54 | M83: =IF(AND(D82>0,G82="المحفظة"),COUNTIFS($D$4:D82,">"&0,$G$4:G82,"المحفظة"),"") | N83: =IF(AND(OR('طباعة كشف الحساب'!$C$2="الكل",MONTH(A83)=IFERROR(MATCH('طباعة كشف الحساب'!$C$2,{"يناير","فبراير","مارس","أبريل","مايو","يونيو","يوليو","أغسطس","سبتمبر","أكتوبر","نوفمبر","ديسمبر"},0),0)),OR('طباعة كشف الحساب'!$F$2="الكل",YEAR(A83)=IFERROR(VALUE('طباعة كشف الحساب'!$F$2),0)),A83<>""),IFERROR(MAX($N$4:N82),0)+1,"") | O83: =IF(AND(D82>0,F82="أحد الشركاء"),COUNTIFS($D$4:D82,">"&0,$F$4:F82,"أحد الشركاء"),"") | P83: =IF(OR($A83="",$F83="أحد الشركاء",AND($D83="",$E83="")),"",SUMPRODUCT(($A$4:$A83<>"")*($F$4:$F83<>"أحد الشركاء")*((($D$4:$D83<>"")+($E$4:$E83<>""))>0))) -> 65 | Q83: =IF(OR($A83="",$F83<>"أحد الشركاء"),"",COUNTIFS($A$4:A83,"<>",$F$4:F83,"أحد الشركاء"))
A84: 46190 | B84: Inv-70 | C84: افوبياعدد 1 الحبه .0.750 | E84: 0.75 | F84: أون لاين | H84: تم الدفع | J84: =IF(AND(D84="",E84="",A84="",B84="",C84=""),"", IFERROR(IF(J83="",D2,J83),D2)+IF(OR(E84="",H84="معلق"),0,E84)-IF(OR(G84="أبو اسحاق",G84="أبو آدم",G84="أبو اسحاق ",G84="أبو آدم "),0,IF(D84="",0,D84))) -> 377.3 | L84: =IF(E83>0,COUNTIF($E$4:E83,">0"),"") | M84: =IF(AND(D83>0,G83="المحفظة"),COUNTIFS($D$4:D83,">"&0,$G$4:G83,"المحفظة"),"") -> 11 | N84: =IF(AND(OR('طباعة كشف الحساب'!$C$2="الكل",MONTH(A84)=IFERROR(MATCH('طباعة كشف الحساب'!$C$2,{"يناير","فبراير","مارس","أبريل","مايو","يونيو","يوليو","أغسطس","سبتمبر","أكتوبر","نوفمبر","ديسمبر"},0),0)),OR('طباعة كشف الحساب'!$F$2="الكل",YEAR(A84)=IFERROR(VALUE('طباعة كشف الحساب'!$F$2),0)),A84<>""),IFERROR(MAX($N$4:N83),0)+1,"") | O84: =IF(AND(D83>0,F83="أحد الشركاء"),COUNTIFS($D$4:D83,">"&0,$F$4:F83,"أحد الشركاء"),"") | P84: =IF(OR($A84="",$F84="أحد الشركاء",AND($D84="",$E84="")),"",SUMPRODUCT(($A$4:$A84<>"")*($F$4:$F84<>"أحد الشركاء")*((($D$4:$D84<>"")+($E$4:$E84<>""))>0))) -> 66 | Q84: =IF(OR($A84="",$F84<>"أحد الشركاء"),"",COUNTIFS($A$4:A84,"<>",$F$4:F84,"أحد الشركاء"))
A85: 46190 | B85: Inv-71 | C85: دارسينا عدد 1 الحبه 1.500 | E85: 1.5 | F85: أون لاين | H85: تم الدفع | J85: =IF(AND(D85="",E85="",A85="",B85="",C85=""),"", IFERROR(IF(J84="",D2,J84),D2)+IF(OR(E85="",H85="معلق"),0,E85)-IF(OR(G85="أبو اسحاق",G85="أبو آدم",G85="أبو اسحاق ",G85="أبو آدم "),0,IF(D85="",0,D85))) -> 378.8 | L85: =IF(E84>0,COUNTIF($E$4:E84,">0"),"") -> 55 | M85: =IF(AND(D84>0,G84="المحفظة"),COUNTIFS($D$4:D84,">"&0,$G$4:G84,"المحفظة"),"") | N85: =IF(AND(OR('طباعة كشف الحساب'!$C$2="الكل",MONTH(A85)=IFERROR(MATCH('طباعة كشف الحساب'!$C$2,{"يناير","فبراير","مارس","أبريل","مايو","يونيو","يوليو","أغسطس","سبتمبر","أكتوبر","نوفمبر","ديسمبر"},0),0)),OR('طباعة كشف الحساب'!$F$2="الكل",YEAR(A85)=IFERROR(VALUE('طباعة كشف الحساب'!$F$2),0)),A85<>""),IFERROR(MAX($N$4:N84),0)+1,"") | O85: =IF(AND(D84>0,F84="أحد الشركاء"),COUNTIFS($D$4:D84,">"&0,$F$4:F84,"أحد الشركاء"),"") | P85: =IF(OR($A85="",$F85="أحد الشركاء",AND($D85="",$E85="")),"",SUMPRODUCT(($A$4:$A85<>"")*($F$4:$F85<>"أحد الشركاء")*((($D$4:$D85<>"")+($E$4:$E85<>""))>0))) -> 67 | Q85: =IF(OR($A85="",$F85<>"أحد الشركاء"),"",COUNTIFS($A$4:A85,"<>",$F$4:F85,"أحد الشركاء"))
A86: 46191 | B86: Inv-72 | C86: فل عدد 1 الحبه 0.750 | E86: 0.75 | F86: أون لاين | H86: تم الدفع | J86: =IF(AND(D86="",E86="",A86="",B86="",C86=""),"", IFERROR(IF(J85="",D2,J85),D2)+IF(OR(E86="",H86="معلق"),0,E86)-IF(OR(G86="أبو اسحاق",G86="أبو آدم",G86="أبو اسحاق ",G86="أبو آدم "),0,IF(D86="",0,D86))) -> 379.55 | L86: =IF(E85>0,COUNTIF($E$4:E85,">0"),"") -> 56 | M86: =IF(AND(D85>0,G85="المحفظة"),COUNTIFS($D$4:D85,">"&0,$G$4:G85,"المحفظة"),"") | N86: =IF(AND(OR('طباعة كشف الحساب'!$C$2="الكل",MONTH(A86)=IFERROR(MATCH('طباعة كشف الحساب'!$C$2,{"يناير","فبراير","مارس","أبريل","مايو","يونيو","يوليو","أغسطس","سبتمبر","أكتوبر","نوفمبر","ديسمبر"},0),0)),OR('طباعة كشف الحساب'!$F$2="الكل",YEAR(A86)=IFERROR(VALUE('طباعة كشف الحساب'!$F$2),0)),A86<>""),IFERROR(MAX($N$4:N85),0)+1,"") | O86: =IF(AND(D85>0,F85="أحد الشركاء"),COUNTIFS($D$4:D85,">"&0,$F$4:F85,"أحد الشركاء"),"") | P86: =IF(OR($A86="",$F86="أحد الشركاء",AND($D86="",$E86="")),"",SUMPRODUCT(($A$4:$A86<>"")*($F$4:$F86<>"أحد الشركاء")*((($D$4:$D86<>"")+($E$4:$E86<>""))>0))) -> 68 | Q86: =IF(OR($A86="",$F86<>"أحد الشركاء"),"",COUNTIFS($A$4:A86,"<>",$F$4:F86,"أحد الشركاء"))
A87: 46191 | B87: Inv-73 | C87: ودليه عدد 3 الحبه 1 | E87: 3 | F87: أون لاين | H87: تم الدفع | J87: =IF(AND(D87="",E87="",A87="",B87="",C87=""),"", IFERROR(IF(J86="",D2,J86),D2)+IF(OR(E87="",H87="معلق"),0,E87)-IF(OR(G87="أبو اسحاق",G87="أبو آدم",G87="أبو اسحاق ",G87="أبو آدم "),0,IF(D87="",0,D87))) -> 382.55 | L87: =IF(E86>0,COUNTIF($E$4:E86,">0"),"") -> 57 | M87: =IF(AND(D86>0,G86="المحفظة"),COUNTIFS($D$4:D86,">"&0,$G$4:G86,"المحفظة"),"") | N87: =IF(AND(OR('طباعة كشف الحساب'!$C$2="الكل",MONTH(A87)=IFERROR(MATCH('طباعة كشف الحساب'!$C$2,{"يناير","فبراير","مارس","أبريل","مايو","يونيو","يوليو","أغسطس","سبتمبر","أكتوبر","نوفمبر","ديسمبر"},0),0)),OR('طباعة كشف الحساب'!$F$2="الكل",YEAR(A87)=IFERROR(VALUE('طباعة كشف الحساب'!$F$2),0)),A87<>""),IFERROR(MAX($N$4:N86),0)+1,"") | O87: =IF(AND(D86>0,F86="أحد الشركاء"),COUNTIFS($D$4:D86,">"&0,$F$4:F86,"أحد الشركاء"),"") | P87: =IF(OR($A87="",$F87="أحد الشركاء",AND($D87="",$E87="")),"",SUMPRODUCT(($A$4:$A87<>"")*($F$4:$F87<>"أحد الشركاء")*((($D$4:$D87<>"")+($E$4:$E87<>""))>0))) -> 69 | Q87: =IF(OR($A87="",$F87<>"أحد الشركاء"),"",COUNTIFS($A$4:A87,"<>",$F$4:F87,"أحد الشركاء"))
A88: 46199 | B88: Inv-74 | C88: ربل عدد 11 الحبه 2 | E88: 22 | F88: أون لاين | H88: تم الدفع | J88: =IF(AND(D88="",E88="",A88="",B88="",C88=""),"", IFERROR(IF(J87="",D2,J87),D2)+IF(OR(E88="",H88="معلق"),0,E88)-IF(OR(G88="أبو اسحاق",G88="أبو آدم",G88="أبو اسحاق ",G88="أبو آدم "),0,IF(D88="",0,D88))) -> 404.55 | L88: =IF(E87>0,COUNTIF($E$4:E87,">0"),"") -> 58 | M88: =IF(AND(D87>0,G87="المحفظة"),COUNTIFS($D$4:D87,">"&0,$G$4:G87,"المحفظة"),"") | N88: =IF(AND(OR('طباعة كشف الحساب'!$C$2="الكل",MONTH(A88)=IFERROR(MATCH('طباعة كشف الحساب'!$C$2,{"يناير","فبراير","مارس","أبريل","مايو","يونيو","يوليو","أغسطس","سبتمبر","أكتوبر","نوفمبر","ديسمبر"},0),0)),OR('طباعة كشف الحساب'!$F$2="الكل",YEAR(A88)=IFERROR(VALUE('طباعة كشف الحساب'!$F$2),0)),A88<>""),IFERROR(MAX($N$4:N87),0)+1,"") | O88: =IF(AND(D87>0,F87="أحد الشركاء"),COUNTIFS($D$4:D87,">"&0,$F$4:F87,"أحد الشركاء"),"") | P88: =IF(OR($A88="",$F88="أحد الشركاء",AND($D88="",$E88="")),"",SUMPRODUCT(($A$4:$A88<>"")*($F$4:$F88<>"أحد الشركاء")*((($D$4:$D88<>"")+($E$4:$E88<>""))>0))) -> 70 | Q88: =IF(OR($A88="",$F88<>"أحد الشركاء"),"",COUNTIFS($A$4:A88,"<>",$F$4:F88,"أحد الشركاء"))
A89: 46199 | B89: Inv-75 | C89: شوفليرا عدد6 الحبه 1.500 | E89: 9 | F89: أون لاين | H89: تم الدفع | J89: =IF(AND(D89="",E89="",A89="",B89="",C89=""),"", IFERROR(IF(J88="",D2,J88),D2)+IF(OR(E89="",H89="معلق"),0,E89)-IF(OR(G89="أبو اسحاق",G89="أبو آدم",G89="أبو اسحاق ",G89="أبو آدم "),0,IF(D89="",0,D89))) -> 413.55 | L89: =IF(E88>0,COUNTIF($E$4:E88,">0"),"") -> 59 | M89: =IF(AND(D88>0,G88="المحفظة"),COUNTIFS($D$4:D88,">"&0,$G$4:G88,"المحفظة"),"") | N89: =IF(AND(OR('طباعة كشف الحساب'!$C$2="الكل",MONTH(A89)=IFERROR(MATCH('طباعة كشف الحساب'!$C$2,{"يناير","فبراير","مارس","أبريل","مايو","يونيو","يوليو","أغسطس","سبتمبر","أكتوبر","نوفمبر","ديسمبر"},0),0)),OR('طباعة كشف الحساب'!$F$2="الكل",YEAR(A89)=IFERROR(VALUE('طباعة كشف الحساب'!$F$2),0)),A89<>""),IFERROR(MAX($N$4:N88),0)+1,"") | O89: =IF(AND(D88>0,F88="أحد الشركاء"),COUNTIFS($D$4:D88,">"&0,$F$4:F88,"أحد الشركاء"),"") | P89: =IF(OR($A89="",$F89="أحد الشركاء",AND($D89="",$E89="")),"",SUMPRODUCT(($A$4:$A89<>"")*($F$4:$F89<>"أحد الشركاء")*((($D$4:$D89<>"")+($E$4:$E89<>""))>0))) -> 71 | Q89: =IF(OR($A89="",$F89<>"أحد الشركاء"),"",COUNTIFS($A$4:A89,"<>",$F$4:F89,"أحد الشركاء"))
A90: 46197 | C90: nbk 18-18-18 | D90: 12 | F90: نقداً | G90: المحفظة | H90: تم الدفع | J90: =IF(AND(D90="",E90="",A90="",B90="",C90=""),"", IFERROR(IF(J89="",D2,J89),D2)+IF(OR(E90="",H90="معلق"),0,E90)-IF(OR(G90="أبو اسحاق",G90="أبو آدم",G90="أبو اسحاق ",G90="أبو آدم "),0,IF(D90="",0,D90))) -> 401.55 | L90: =IF(E89>0,COUNTIF($E$4:E89,">0"),"") -> 60 | M90: =IF(AND(D89>0,G89="المحفظة"),COUNTIFS($D$4:D89,">"&0,$G$4:G89,"المحفظة"),"") | N90: =IF(AND(OR('طباعة كشف الحساب'!$C$2="الكل",MONTH(A90)=IFERROR(MATCH('طباعة كشف الحساب'!$C$2,{"يناير","فبراير","مارس","أبريل","مايو","يونيو","يوليو","أغسطس","سبتمبر","أكتوبر","نوفمبر","ديسمبر"},0),0)),OR('طباعة كشف الحساب'!$F$2="الكل",YEAR(A90)=IFERROR(VALUE('طباعة كشف الحساب'!$F$2),0)),A90<>""),IFERROR(MAX($N$4:N89),0)+1,"") | O90: =IF(AND(D89>0,F89="أحد الشركاء"),COUNTIFS($D$4:D89,">"&0,$F$4:F89,"أحد الشركاء"),"") | P90: =IF(OR($A90="",$F90="أحد الشركاء",AND($D90="",$E90="")),"",SUMPRODUCT(($A$4:$A90<>"")*($F$4:$F90<>"أحد الشركاء")*((($D$4:$D90<>"")+($E$4:$E90<>""))>0))) -> 72 | Q90: =IF(OR($A90="",$F90<>"أحد الشركاء"),"",COUNTIFS($A$4:A90,"<>",$F$4:F90,"أحد الشركاء"))
A91: 46201 | B91: Inv-76 | C91: فل عدد 11 الحبه 0.750 | E91: 8.25 | F91: أون لاين | H91: تم الدفع | J91: =IF(AND(D91="",E91="",A91="",B91="",C91=""),"", IFERROR(IF(J90="",D2,J90),D2)+IF(OR(E91="",H91="معلق"),0,E91)-IF(OR(G91="أبو اسحاق",G91="أبو آدم",G91="أبو اسحاق ",G91="أبو آدم "),0,IF(D91="",0,D91))) -> 409.8 | L91: =IF(E90>0,COUNTIF($E$4:E90,">0"),"") | M91: =IF(AND(D90>0,G90="المحفظة"),COUNTIFS($D$4:D90,">"&0,$G$4:G90,"المحفظة"),"") -> 12 | N91: =IF(AND(OR('طباعة كشف الحساب'!$C$2="الكل",MONTH(A91)=IFERROR(MATCH('طباعة كشف الحساب'!$C$2,{"يناير","فبراير","مارس","أبريل","مايو","يونيو","يوليو","أغسطس","سبتمبر","أكتوبر","نوفمبر","ديسمبر"},0),0)),OR('طباعة كشف الحساب'!$F$2="الكل",YEAR(A91)=IFERROR(VALUE('طباعة كشف الحساب'!$F$2),0)),A91<>""),IFERROR(MAX($N$4:N90),0)+1,"") | O91: =IF(AND(D90>0,F90="أحد الشركاء"),COUNTIFS($D$4:D90,">"&0,$F$4:F90,"أحد الشركاء"),"") | P91: =IF(OR($A91="",$F91="أحد الشركاء",AND($D91="",$E91="")),"",SUMPRODUCT(($A$4:$A91<>"")*($F$4:$F91<>"أحد الشركاء")*((($D$4:$D91<>"")+($E$4:$E91<>""))>0))) -> 73 | Q91: =IF(OR($A91="",$F91<>"أحد الشركاء"),"",COUNTIFS($A$4:A91,"<>",$F$4:F91,"أحد الشركاء"))
A92: 46202 | B92: Inv-77 | C92: عطره عدد 3 الحبه 0.750 | E92: 2.25 | F92: أون لاين | H92: تم الدفع | J92: =IF(AND(D92="",E92="",A92="",B92="",C92=""),"", IFERROR(IF(J91="",D2,J91),D2)+IF(OR(E92="",H92="معلق"),0,E92)-IF(OR(G92="أبو اسحاق",G92="أبو آدم",G92="أبو اسحاق ",G92="أبو آدم "),0,IF(D92="",0,D92))) -> 412.05 | L92: =IF(E91>0,COUNTIF($E$4:E91,">0"),"") -> 61 | M92: =IF(AND(D91>0,G91="المحفظة"),COUNTIFS($D$4:D91,">"&0,$G$4:G91,"المحفظة"),"") | N92: =IF(AND(OR('طباعة كشف الحساب'!$C$2="الكل",MONTH(A92)=IFERROR(MATCH('طباعة كشف الحساب'!$C$2,{"يناير","فبراير","مارس","أبريل","مايو","يونيو","يوليو","أغسطس","سبتمبر","أكتوبر","نوفمبر","ديسمبر"},0),0)),OR('طباعة كشف الحساب'!$F$2="الكل",YEAR(A92)=IFERROR(VALUE('طباعة كشف الحساب'!$F$2),0)),A92<>""),IFERROR(MAX($N$4:N91),0)+1,"") | O92: =IF(AND(D91>0,F91="أحد الشركاء"),COUNTIFS($D$4:D91,">"&0,$F$4:F91,"أحد الشركاء"),"") | P92: =IF(OR($A92="",$F92="أحد الشركاء",AND($D92="",$E92="")),"",SUMPRODUCT(($A$4:$A92<>"")*($F$4:$F92<>"أحد الشركاء")*((($D$4:$D92<>"")+($E$4:$E92<>""))>0))) -> 74 | Q92: =IF(OR($A92="",$F92<>"أحد الشركاء"),"",COUNTIFS($A$4:A92,"<>",$F$4:F92,"أحد الشركاء"))
A93: 46202 | B93: Inv-78 | C93: معلقات عدد 3 الحبه 1 | E93: 3 | F93: أون لاين | H93: تم الدفع | J93: =IF(AND(D93="",E93="",A93="",B93="",C93=""),"", IFERROR(IF(J92="",D2,J92),D2)+IF(OR(E93="",H93="معلق"),0,E93)-IF(OR(G93="أبو اسحاق",G93="أبو آدم",G93="أبو اسحاق ",G93="أبو آدم "),0,IF(D93="",0,D93))) -> 415.05 | L93: =IF(E92>0,COUNTIF($E$4:E92,">0"),"") -> 62 | M93: =IF(AND(D92>0,G92="المحفظة"),COUNTIFS($D$4:D92,">"&0,$G$4:G92,"المحفظة"),"") | N93: =IF(AND(OR('طباعة كشف الحساب'!$C$2="الكل",MONTH(A93)=IFERROR(MATCH('طباعة كشف الحساب'!$C$2,{"يناير","فبراير","مارس","أبريل","مايو","يونيو","يوليو","أغسطس","سبتمبر","أكتوبر","نوفمبر","ديسمبر"},0),0)),OR('طباعة كشف الحساب'!$F$2="الكل",YEAR(A93)=IFERROR(VALUE('طباعة كشف الحساب'!$F$2),0)),A93<>""),IFERROR(MAX($N$4:N92),0)+1,"") | O93: =IF(AND(D92>0,F92="أحد الشركاء"),COUNTIFS($D$4:D92,">"&0,$F$4:F92,"أحد الشركاء"),"") | P93: =IF(OR($A93="",$F93="أحد الشركاء",AND($D93="",$E93="")),"",SUMPRODUCT(($A$4:$A93<>"")*($F$4:$F93<>"أحد الشركاء")*((($D$4:$D93<>"")+($E$4:$E93<>""))>0))) -> 75 | Q93: =IF(OR($A93="",$F93<>"أحد الشركاء"),"",COUNTIFS($A$4:A93,"<>",$F$4:F93,"أحد الشركاء"))
A94: 46203 | B94: Inv-79 | C94: معلقات عدد 4 الحبه 1 | E94: 4 | F94: أون لاين | H94: تم الدفع | J94: =IF(AND(D94="",E94="",A94="",B94="",C94=""),"", IFERROR(IF(J93="",D2,J93),D2)+IF(OR(E94="",H94="معلق"),0,E94)-IF(OR(G94="أبو اسحاق",G94="أبو آدم",G94="أبو اسحاق ",G94="أبو آدم "),0,IF(D94="",0,D94))) -> 419.05 | L94: =IF(E93>0,COUNTIF($E$4:E93,">0"),"") -> 63 | M94: =IF(AND(D93>0,G93="المحفظة"),COUNTIFS($D$4:D93,">"&0,$G$4:G93,"المحفظة"),"") | N94: =IF(AND(OR('طباعة كشف الحساب'!$C$2="الكل",MONTH(A94)=IFERROR(MATCH('طباعة كشف الحساب'!$C$2,{"يناير","فبراير","مارس","أبريل","مايو","يونيو","يوليو","أغسطس","سبتمبر","أكتوبر","نوفمبر","ديسمبر"},0),0)),OR('طباعة كشف الحساب'!$F$2="الكل",YEAR(A94)=IFERROR(VALUE('طباعة كشف الحساب'!$F$2),0)),A94<>""),IFERROR(MAX($N$4:N93),0)+1,"") | O94: =IF(AND(D93>0,F93="أحد الشركاء"),COUNTIFS($D$4:D93,">"&0,$F$4:F93,"أحد الشركاء"),"") | P94: =IF(OR($A94="",$F94="أحد الشركاء",AND($D94="",$E94="")),"",SUMPRODUCT(($A$4:$A94<>"")*($F$4:$F94<>"أحد الشركاء")*((($D$4:$D94<>"")+($E$4:$E94<>""))>0))) -> 76 | Q94: =IF(OR($A94="",$F94<>"أحد الشركاء"),"",COUNTIFS($A$4:A94,"<>",$F$4:F94,"أحد الشركاء"))
A95: 46203 | B95: Inv-80 | C95: معلقات عدد4 الحبه 1 | E95: 4 | F95: أون لاين | H95: تم الدفع | J95: =IF(AND(D95="",E95="",A95="",B95="",C95=""),"", IFERROR(IF(J94="",D2,J94),D2)+IF(OR(E95="",H95="معلق"),0,E95)-IF(OR(G95="أبو اسحاق",G95="أبو آدم",G95="أبو اسحاق ",G95="أبو آدم "),0,IF(D95="",0,D95))) -> 423.05 | L95: =IF(E94>0,COUNTIF($E$4:E94,">0"),"") -> 64 | M95: =IF(AND(D94>0,G94="المحفظة"),COUNTIFS($D$4:D94,">"&0,$G$4:G94,"المحفظة"),"") | N95: =IF(AND(OR('طباعة كشف الحساب'!$C$2="الكل",MONTH(A95)=IFERROR(MATCH('طباعة كشف الحساب'!$C$2,{"يناير","فبراير","مارس","أبريل","مايو","يونيو","يوليو","أغسطس","سبتمبر","أكتوبر","نوفمبر","ديسمبر"},0),0)),OR('طباعة كشف الحساب'!$F$2="الكل",YEAR(A95)=IFERROR(VALUE('طباعة كشف الحساب'!$F$2),0)),A95<>""),IFERROR(MAX($N$4:N94),0)+1,"") | O95: =IF(AND(D94>0,F94="أحد الشركاء"),COUNTIFS($D$4:D94,">"&0,$F$4:F94,"أحد الشركاء"),"") | P95: =IF(OR($A95="",$F95="أحد الشركاء",AND($D95="",$E95="")),"",SUMPRODUCT(($A$4:$A95<>"")*($F$4:$F95<>"أحد الشركاء")*((($D$4:$D95<>"")+($E$4:$E95<>""))>0))) -> 77 | Q95: =IF(OR($A95="",$F95<>"أحد الشركاء"),"",COUNTIFS($A$4:A95,"<>",$F$4:F95,"أحد الشركاء"))
A96: 46203 | B96: Inv-81 | C96: افوبيا عدد 2 الحبه 1 | E96: 2 | F96: أون لاين | H96: تم الدفع | J96: =IF(AND(D96="",E96="",A96="",B96="",C96=""),"", IFERROR(IF(J95="",D2,J95),D2)+IF(OR(E96="",H96="معلق"),0,E96)-IF(OR(G96="أبو اسحاق",G96="أبو آدم",G96="أبو اسحاق ",G96="أبو آدم "),0,IF(D96="",0,D96))) -> 425.05 | L96: =IF(E95>0,COUNTIF($E$4:E95,">0"),"") -> 65 | M96: =IF(AND(D95>0,G95="المحفظة"),COUNTIFS($D$4:D95,">"&0,$G$4:G95,"المحفظة"),"") | N96: =IF(AND(OR('طباعة كشف الحساب'!$C$2="الكل",MONTH(A96)=IFERROR(MATCH('طباعة كشف الحساب'!$C$2,{"يناير","فبراير","مارس","أبريل","مايو","يونيو","يوليو","أغسطس","سبتمبر","أكتوبر","نوفمبر","ديسمبر"},0),0)),OR('طباعة كشف الحساب'!$F$2="الكل",YEAR(A96)=IFERROR(VALUE('طباعة كشف الحساب'!$F$2),0)),A96<>""),IFERROR(MAX($N$4:N95),0)+1,"") | O96: =IF(AND(D95>0,F95="أحد الشركاء"),COUNTIFS($D$4:D95,">"&0,$F$4:F95,"أحد الشركاء"),"") | P96: =IF(OR($A96="",$F96="أحد الشركاء",AND($D96="",$E96="")),"",SUMPRODUCT(($A$4:$A96<>"")*($F$4:$F96<>"أحد الشركاء")*((($D$4:$D96<>"")+($E$4:$E96<>""))>0))) -> 78 | Q96: =IF(OR($A96="",$F96<>"أحد الشركاء"),"",COUNTIFS($A$4:A96,"<>",$F$4:F96,"أحد الشركاء"))
A97: 46203 | C97: رواتب عماله شهر يونيو 2026 | D97: 320 | F97: نقداً | G97: المحفظة | H97: تم الدفع | J97: =IF(AND(D97="",E97="",A97="",B97="",C97=""),"", IFERROR(IF(J96="",D2,J96),D2)+IF(OR(E97="",H97="معلق"),0,E97)-IF(OR(G97="أبو اسحاق",G97="أبو آدم",G97="أبو اسحاق ",G97="أبو آدم "),0,IF(D97="",0,D97))) -> 105.05 | L97: =IF(E96>0,COUNTIF($E$4:E96,">0"),"") -> 66 | M97: =IF(AND(D96>0,G96="المحفظة"),COUNTIFS($D$4:D96,">"&0,$G$4:G96,"المحفظة"),"") | N97: =IF(AND(OR('طباعة كشف الحساب'!$C$2="الكل",MONTH(A97)=IFERROR(MATCH('طباعة كشف الحساب'!$C$2,{"يناير","فبراير","مارس","أبريل","مايو","يونيو","يوليو","أغسطس","سبتمبر","أكتوبر","نوفمبر","ديسمبر"},0),0)),OR('طباعة كشف الحساب'!$F$2="الكل",YEAR(A97)=IFERROR(VALUE('طباعة كشف الحساب'!$F$2),0)),A97<>""),IFERROR(MAX($N$4:N96),0)+1,"") | O97: =IF(AND(D96>0,F96="أحد الشركاء"),COUNTIFS($D$4:D96,">"&0,$F$4:F96,"أحد الشركاء"),"") | P97: =IF(OR($A97="",$F97="أحد الشركاء",AND($D97="",$E97="")),"",SUMPRODUCT(($A$4:$A97<>"")*($F$4:$F97<>"أحد الشركاء")*((($D$4:$D97<>"")+($E$4:$E97<>""))>0))) -> 79 | Q97: =IF(OR($A97="",$F97<>"أحد الشركاء"),"",COUNTIFS($A$4:A97,"<>",$F$4:F97,"أحد الشركاء"))
A98: 46203 | C98: تكمله رواتب يونيو 2026 ابوادم | D98: 50 | F98: أحد الشركاء | G98: أبو آدم | H98: معلق | J98: =IF(AND(D98="",E98="",A98="",B98="",C98=""),"", IFERROR(IF(J97="",D2,J97),D2)+IF(OR(E98="",H98="معلق"),0,E98)-IF(OR(G98="أبو اسحاق",G98="أبو آدم",G98="أبو اسحاق ",G98="أبو آدم "),0,IF(D98="",0,D98))) -> 105.05 | L98: =IF(E97>0,COUNTIF($E$4:E97,">0"),"") | M98: =IF(AND(D97>0,G97="المحفظة"),COUNTIFS($D$4:D97,">"&0,$G$4:G97,"المحفظة"),"") -> 13 | N98: =IF(AND(OR('طباعة كشف الحساب'!$C$2="الكل",MONTH(A98)=IFERROR(MATCH('طباعة كشف الحساب'!$C$2,{"يناير","فبراير","مارس","أبريل","مايو","يونيو","يوليو","أغسطس","سبتمبر","أكتوبر","نوفمبر","ديسمبر"},0),0)),OR('طباعة كشف الحساب'!$F$2="الكل",YEAR(A98)=IFERROR(VALUE('طباعة كشف الحساب'!$F$2),0)),A98<>""),IFERROR(MAX($N$4:N97),0)+1,"") | O98: =IF(AND(D97>0,F97="أحد الشركاء"),COUNTIFS($D$4:D97,">"&0,$F$4:F97,"أحد الشركاء"),"") | P98: =IF(OR($A98="",$F98="أحد الشركاء",AND($D98="",$E98="")),"",SUMPRODUCT(($A$4:$A98<>"")*($F$4:$F98<>"أحد الشركاء")*((($D$4:$D98<>"")+($E$4:$E98<>""))>0))) | Q98: =IF(OR($A98="",$F98<>"أحد الشركاء"),"",COUNTIFS($A$4:A98,"<>",$F$4:F98,"أحد الشركاء")) -> 10
A99: 46203 | C99: تكمله رواتب يونيو 2026 ابواسحاق | D99: 50 | F99: أحد الشركاء | G99: أبو اسحاق | H99: معلق | J99: =IF(AND(D99="",E99="",A99="",B99="",C99=""),"", IFERROR(IF(J98="",D2,J98),D2)+IF(OR(E99="",H99="معلق"),0,E99)-IF(OR(G99="أبو اسحاق",G99="أبو آدم",G99="أبو اسحاق ",G99="أبو آدم "),0,IF(D99="",0,D99))) -> 105.05 | L99: =IF(E98>0,COUNTIF($E$4:E98,">0"),"") | M99: =IF(AND(D98>0,G98="المحفظة"),COUNTIFS($D$4:D98,">"&0,$G$4:G98,"المحفظة"),"") | N99: =IF(AND(OR('طباعة كشف الحساب'!$C$2="الكل",MONTH(A99)=IFERROR(MATCH('طباعة كشف الحساب'!$C$2,{"يناير","فبراير","مارس","أبريل","مايو","يونيو","يوليو","أغسطس","سبتمبر","أكتوبر","نوفمبر","ديسمبر"},0),0)),OR('طباعة كشف الحساب'!$F$2="الكل",YEAR(A99)=IFERROR(VALUE('طباعة كشف الحساب'!$F$2),0)),A99<>""),IFERROR(MAX($N$4:N98),0)+1,"") | O99: =IF(AND(D98>0,F98="أحد الشركاء"),COUNTIFS($D$4:D98,">"&0,$F$4:F98,"أحد الشركاء"),"") -> 10 | P99: =IF(OR($A99="",$F99="أحد الشركاء",AND($D99="",$E99="")),"",SUMPRODUCT(($A$4:$A99<>"")*($F$4:$F99<>"أحد الشركاء")*((($D$4:$D99<>"")+($E$4:$E99<>""))>0))) | Q99: =IF(OR($A99="",$F99<>"أحد الشركاء"),"",COUNTIFS($A$4:A99,"<>",$F$4:F99,"أحد الشركاء")) -> 11
A100: 46203 | C100: احواض عدد 1000 مقاس 25 سم | D100: 80 | F100: نقداً | G100: المحفظة | H100: تم الدفع | J100: =IF(AND(D100="",E100="",A100="",B100="",C100=""),"", IFERROR(IF(J99="",D2,J99),D2)+IF(OR(E100="",H100="معلق"),0,E100)-IF(OR(G100="أبو اسحاق",G100="أبو آدم",G100="أبو اسحاق ",G100="أبو آدم "),0,IF(D100="",0,D100))) -> 25.05 | L100: =IF(E99>0,COUNTIF($E$4:E99,">0"),"") | M100: =IF(AND(D99>0,G99="المحفظة"),COUNTIFS($D$4:D99,">"&0,$G$4:G99,"المحفظة"),"") | N100: =IF(AND(OR('طباعة كشف الحساب'!$C$2="الكل",MONTH(A100)=IFERROR(MATCH('طباعة كشف الحساب'!$C$2,{"يناير","فبراير","مارس","أبريل","مايو","يونيو","يوليو","أغسطس","سبتمبر","أكتوبر","نوفمبر","ديسمبر"},0),0)),OR('طباعة كشف الحساب'!$F$2="الكل",YEAR(A100)=IFERROR(VALUE('طباعة كشف الحساب'!$F$2),0)),A100<>""),IFERROR(MAX($N$4:N99),0)+1,"") | O100: =IF(AND(D99>0,F99="أحد الشركاء"),COUNTIFS($D$4:D99,">"&0,$F$4:F99,"أحد الشركاء"),"") -> 11 | P100: =IF(OR($A100="",$F100="أحد الشركاء",AND($D100="",$E100="")),"",SUMPRODUCT(($A$4:$A100<>"")*($F$4:$F100<>"أحد الشركاء")*((($D$4:$D100<>"")+($E$4:$E100<>""))>0))) -> 80 | Q100: =IF(OR($A100="",$F100<>"أحد الشركاء"),"",COUNTIFS($A$4:A100,"<>",$F$4:F100,"أحد الشركاء"))
...

Sheet بنود المحفظة
A1: بنود التسديد من المحفظة
A2: بند الصرف | B2: الوصف | C2: ملاحظات
A3: رواتب العمال
A4: وقود ومحروقات
A5: صيانة المعدات
A6: مستلزمات زراعية
A7: مياه وكهرباء
A8: نقليات وتوصيل
A9: أحواض وأدوات
A10: مبيدات وأسمدة
A11: إيجارات
A12: مصاريف إدارية
A13: مدفوعات المهندس مختار
A14: مدفوعات محمد أبو آدم
... A20: أخرى

Sheet تعليمات
A1: 📘 تعليمات الاستخدام
A2: كشف الحساب — الدفع العادي
A3: ① | B3: اكتب المبلغ في عمود D (سحب) واختر طريقة الدفع = نقداً أو أون لاين أو أحد الشركاء
A4: ② | B4: اختر الدافع G: أبو اسحاق / أبو آدم / نزمول — لا يخصم من المحفظة
A5: كشف الحساب — الدفع من المحفظة
A6: ① | B6: اكتب المبلغ في عمود D (سحب)
A7: ② | B7: عمود F (طريقة الدفع): اختر "من المحفظة"
A8: ③ | B8: عمود G (الدافع): اختر "المحفظة" ← هذا هو المفتاح للخصم التلقائي
A9: ④ | B9: عمود I (بند الصرف): اختر البند المناسب مثل رواتب / وقود / إلخ
A10: ⑤ | B10: 🔄 المبلغ يُخصم تلقائياً من المحفظة — لا تحتاج كتابة أي شيء في ورقة المحفظة
A11: المحفظة — كيف تعمل
A12: ① | B12: القسم الأخضر: جميع الإيرادات (عمود إيداع E في كشف الحساب) تظهر تلقائياً
A13: ② | B13: القسم الأحمر: جميع المصروفات المدفوعة من المحفظة (عند اختيار المحفظة كدافع) تظهر تلقائياً
A14: ③ | B14: رصيد المحفظة = الافتتاحي + إجمالي الإيرادات − إجمالي المصروفات
A15: ④ | B15: الرصيد في الخلية C3 يتحدث فورياً مع أي تغيير في كشف الحساب

Sheet طباعة كشف الحساب
A1: كشف حساب المزرعة — Farm Account Statement
C2: أغسطس | D2: 2026 | F2: الكل | G2: ⬆ اختر الشهر والسنة ثم Ctrl+P أو File → Export → PDF
A3: الرصيد الافتتاحي: | D3: ='كشف الحساب'!$D$2 -> 0
A4: التاريخ | B4: المرجع | C4: البيان / الوصف | D4: سحب | E4: إيداع | F4: طريقة الدفع | G4: الدافع | H4: الحالة | I4: بند الصرف | J4: الرصيد | K4: ملاحظات
A5: =IFERROR(IF(IFERROR(MATCH(1,'كشف الحساب'!$N$4:$N$353,0),0)=0,"",INDEX('كشف الحساب'!$A$4:$A$353,IFERROR(MATCH(1,'كشف الحساب'!$N$4:$N$353,0),0))),"") -> 46235 | B5: =IFERROR(IF(IFERROR(MATCH(1,'كشف الحساب'!$N$4:$N$353,0),0)=0,"",INDEX('كشف الحساب'!$B$4:$B$353,IFERROR(MATCH(1,'كشف الحساب'!$N$4:$N$353,0),0))),"") -> Inv-106 | C5: =IFERROR(IF(IFERROR(MATCH(1,'كشف الحساب'!$N$4:$N$353,0),0)=0,"",INDEX('كشف الحساب'!$C$4:$C$353,IFERROR(MATCH(1,'كشف الحساب'!$N$4:$N$353,0),0))),"") -> ربل عدد 11 الحبه 2 | D5: =IFERROR(IF(IFERROR(MATCH(1,'كشف الحساب'!$N$4:$N$353,0),0)=0,"",INDEX('كشف الحساب'!$D$4:$D$353,IFERROR(MATCH(1,'كشف الحساب'!$N$4:$N$353,0),0))),"") -> 0 | E5: =IFERROR(IF(IFERROR(MATCH(1,'كشف الحساب'!$N$4:$N$353,0),0)=0,"",INDEX('كشف الحساب'!$E$4:$E$353,IFERROR(MATCH(1,'كشف الحساب'!$N$4:$N$353,0),0))),"") -> 22 | F5: =IFERROR(IF(IFERROR(MATCH(1,'كشف الحساب'!$N$4:$N$353,0),0)=0,"",INDEX('كشف الحساب'!$F$4:$F$353,IFERROR(MATCH(1,'كشف الحساب'!$N$4:$N$353,0),0))),"") -> نقداً | G5: =IFERROR(IF(IFERROR(MATCH(1,'كشف الحساب'!$N$4:$N$353,0),0)=0,"",INDEX('كشف الحساب'!$G$4:$G$353,IFERROR(MATCH(1,'كشف الحساب'!$N$4:$N$353,0),0))),"") -> 0 | H5: =IFERROR(IF(IFERROR(MATCH(1,'كشف الحساب'!$N$4:$N$353,0),0)=0,"",INDEX('كشف الحساب'!$H$4:$H$353,IFERROR(MATCH(1,'كشف الحساب'!$N$4:$N$353,0),0))),"") -> تم الدفع | I5: =IFERROR(IF(IFERROR(MATCH(1,'كشف الحساب'!$N$4:$N$353,0),0)=0,"",INDEX('كشف الحساب'!$I$4:$I$353,IFERROR(MATCH(1,'كشف الحساب'!$N$4:$N$353,0),0))),"") -> 0 | J5: =IFERROR(IF(IFERROR(MATCH(1,'كشف الحساب'!$N$4:$N$353,0),0)=0,"",INDEX('كشف الحساب'!$J$4:$J$353,IFERROR(MATCH(1,'كشف الحساب'!$N$4:$N$353,0),0))),"") -> 44.395 | K5: =IFERROR(IF(IFERROR(MATCH(1,'كشف الحساب'!$N$4:$N$353,0),0)=0,"",INDEX('كشف الحساب'!$K$4:$K$353,IFERROR(MATCH(1,'كشف الحساب'!$N$4:$N$353,0),0))),"") -> 0
A6: =IFERROR(IF(IFERROR(MATCH(2,'كشف الحساب'!$N$4:$N$353,0),0)=0,"",INDEX('كشف الحساب'!$A$4:$A$353,IFERROR(MATCH(2,'كشف الحساب'!$N$4:$N$353,0),0))),"") -> 46235 | B6: =IFERROR(IF(IFERROR(MATCH(2,'كشف الحساب'!$N$4:$N$353,0),0)=0,"",INDEX('كشف الحساب'!$B$4:$B$353,IFERROR(MATCH(2,'كشف الحساب'!$N$4:$N$353,0),0))),"") -> Inv-107 | C6: =IFERROR(IF(IFERROR(MATCH(2,'كشف الحساب'!$N$4:$N$353,0),0)=0,"",INDEX('كشف الحساب'!$C$4:$C$353,IFERROR(MATCH(2,'كشف الحساب'!$N$4:$N$353,0),0))),"") -> متنوع عدد 1 بقيمه 2.500 | D6: =IFERROR(IF(IFERROR(MATCH(2,'كشف الحساب'!$N$4:$N$353,0),0)=0,"",INDEX('كشف الحساب'!$D$4:$D$353,IFERROR(MATCH(2,'كشف الحساب'!$N$4:$N$353,0),0))),"") -> 0 | E6: =IFERROR(IF(IFERROR(MATCH(2,'كشف الحساب'!$N$4:$N$353,0),0)=0,"",INDEX('كشف الحساب'!$E$4:$E$353,IFERROR(MATCH(2,'كشف الحساب'!$N$4:$N$353,0),0))),"") -> 2.5 | F6: =IFERROR(IF(IFERROR(MATCH(2,'كشف الحساب'!$N$4:$N$353,0),0)=0,"",INDEX('كشف الحساب'!$F$4:$F$353,IFERROR(MATCH(2,'كشف الحساب'!$N$4:$N$353,0),0))),"") -> أون لاين | G6: =IFERROR(IF(IFERROR(MATCH(2,'كشف الحساب'!$N$4:$N$353,0),0)=0,"",INDEX('كشف الحساب'!$G$4:$G$353,IFERROR(MATCH(2,'كشف الحساب'!$N$4:$N$353,0),0))),"") -> 0 | H6: =IFERROR(IF(IFERROR(MATCH(2,'كشف الحساب'!$N$4:$N$353,0),0)=0,"",INDEX('كشف الحساب'!$H$4:$H$353,IFERROR(MATCH(2,'كشف الحساب'!$N$4:$N$353,0),0))),"") -> تم الدفع | I6: =IFERROR(IF(IFERROR(MATCH(2,'كشف الحساب'!$N$4:$N$353,0),0)=0,"",INDEX('كشف الحساب'!$I$4:$I$353,IFERROR(MATCH(2,'كشف الحساب'!$N$4:$N$353,0),0))),"") -> 0 | J6: =IFERROR(IF(IFERROR(MATCH(2,'كشف الحساب'!$N$4:$N$353,0),0)=0,"",INDEX('كشف الحساب'!$J$4:$J$353,IFERROR(MATCH(2,'كشف الحساب'!$N$4:$N$353,0),0))),"") -> 46.895 | K6: =IFERROR(IF(IFERROR(MATCH(2,'كشف الحساب'!$N$4:$N$353,0),0)=0,"",INDEX('كشف الحساب'!$K$4:$K$353,IFERROR(MATCH(2,'كشف الحساب'!$N$4:$N$353,0),0))),"") -> 0
A7: =IFERROR(IF(IFERROR(MATCH(3,'كشف الحساب'!$N$4:$N$353,0),0)=0,"",INDEX('كشف الحساب'!$A$4:$A$353,IFERROR(MATCH(3,'كشف الحساب'!$N$4:$N$353,0),0))),"") -> 46235 | B7: =IFERROR(IF(IFERROR(MATCH(3,'كشف الحساب'!$N$4:$N$353,0),0)=0,"",INDEX('كشف الحساب'!$B$4:$B$353,IFERROR(MATCH(3,'كشف الحساب'!$N$4:$N$353,0),0))),"") -> Inv-108 | C7: =IFERROR(IF(IFERROR(MATCH(3,'كشف الحساب'!$N$4:$N$353,0),0)=0,"",INDEX('كشف الحساب'!$C$4:$C$353,IFERROR(MATCH(3,'كشف الحساب'!$N$4:$N$353,0),0))),"") -> فل عدد 1 بقيمه .750 | D7: =IFERROR(IF(IFERROR(MATCH(3,'كشف الحساب'!$N$4:$N$353,0),0)=0,"",INDEX('كشف الحساب'!$D$4:$D$353,IFERROR(MATCH(3,'كشف الحساب'!$N$4:$N$353,0),0))),"") -> 0 | E7: =IFERROR(IF(IFERROR(MATCH(3,'كشف الحساب'!$N$4:$N$353,0),0)=0,"",INDEX('كشف الحساب'!$E$4:$E$353,IFERROR(MATCH(3,'كشف الحساب'!$N$4:$N$353,0),0))),"") -> 0.75 | F7: =IFERROR(IF(IFERROR(MATCH(3,'كشف الحساب'!$N$4:$N$353,0),0)=0,"",INDEX('كشف الحساب'!$F$4:$F$353,IFERROR(MATCH(3,'كشف الحساب'!$N$4:$N$353,0),0))),"") -> أون لاين | G7: =IFERROR(IF(IFERROR(MATCH(3,'كشف الحساب'!$N$4:$N$353,0),0)=0,"",INDEX('كشف الحساب'!$G$4:$G$353,IFERROR(MATCH(3,'كشف الحساب'!$N$4:$N$353,0),0))),"") -> 0 | H7: =IFERROR(IF(IFERROR(MATCH(3,'كشف الحساب'!$N$4:$N$353,0),0)=0,"",INDEX('كشف الحساب'!$H$4:$H$353,IFERROR(MATCH(3,'كشف الحساب'!$N$4:$N$353,0),0))),"") -> تم الدفع | I7: =IFERROR(IF(IFERROR(MATCH(3,'كشف الحساب'!$N$4:$N$353,0),0)=0,"",INDEX('كشف الحساب'!$I$4:$I$353,IFERROR(MATCH(3,'كشف الحساب'!$N$4:$N$353,0),0))),"") -> 0 | J7: =IFERROR(IF(IFERROR(MATCH(3,'كشف الحساب'!$N$4:$N$353,0),0)=0,"",INDEX('كشف الحساب'!$J$4:$J$353,IFERROR(MATCH(3,'كشف الحساب'!$N$4:$N$353,0),0))),"") -> 47.645 | K7: =IFERROR(IF(IFERROR(MATCH(3,'كشف الحساب'!$N$4:$N$353,0),0)=0,"",INDEX('كشف الحساب'!$K$4:$K$353,IFERROR(MATCH(3,'كشف الحساب'!$N$4:$N$353,0),0))),"") -> 0
A8: =IFERROR(IF(IFERROR(MATCH(4,'كشف الحساب'!$N$4:$N$353,0),0)=0,"",INDEX('كشف الحساب'!$A$4:$A$353,IFERROR(MATCH(4,'كشف الحساب'!$N$4:$N$353,0),0))),"") -> 46235 | B8: =IFERROR(IF(IFERROR(MATCH(4,'كشف الحساب'!$N$4:$N$353,0),0)=0,"",INDEX('كشف الحساب'!$B$4:$B$353,IFERROR(MATCH(4,'كشف الحساب'!$N$4:$N$353,0),0))),"") -> 0 | C8: =IFERROR(IF(IFERROR(MATCH(4,'كشف الحساب'!$N$4:$N$353,0),0)=0,"",INDEX('كشف الحساب'!$C$4:$C$353,IFERROR(MATCH(4,'كشف الحساب'!$N$4:$N$353,0),0))),"") -> بتموس عدد 2 الواحده 12 | D8: =IFERROR(IF(IFERROR(MATCH(4,'كشف الحساب'!$N$4:$N$353,0),0)=0,"",INDEX('كشف الحساب'!$D$4:$D$353,IFERROR(MATCH(4,'كشف الحساب'!$N$4:$N$353,0),0))),"") -> 24 | E8: =IFERROR(IF(IFERROR(MATCH(4,'كشف الحساب'!$N$4:$N$353,0),0)=0,"",INDEX('كشف الحساب'!$E$4:$E$353,IFERROR(MATCH(4,'كشف الحساب'!$N$4:$N$353,0),0))),"") -> 0 | F8: =IFERROR(IF(IFERROR(MATCH(4,'كشف الحساب'!$N$4:$N$353,0),0)=0,"",INDEX('كشف الحساب'!$F$4:$F$353,IFERROR(MATCH(4,'كشف الحساب'!$N$4:$N$353,0),0))),"") -> نقداً | G8: =IFERROR(IF(IFERROR(MATCH(4,'كشف الحساب'!$N$4:$N$353,0),0)=0,"",INDEX('كشف الحساب'!$G$4:$G$353,IFERROR(MATCH(4,'كشف الحساب'!$N$4:$N$353,0),0))),"") -> المحفظة | H8: =IFERROR(IF(IFERROR(MATCH(4,'كشف الحساب'!$N$4:$N$353,0),0)=0,"",INDEX('كشف الحساب'!$H$4:$H$353,IFERROR(MATCH(4,'كشف الحساب'!$N$4:$N$353,0),0))),"") -> تم الدفع | I8: =IFERROR(IF(IFERROR(MATCH(4,'كشف الحساب'!$N$4:$N$353,0),0)=0,"",INDEX('كشف الحساب'!$I$4:$I$353,IFERROR(MATCH(4,'كشف الحساب'!$N$4:$N$353,0),0))),"") -> 0 | J8: =IFERROR(IF(IFERROR(MATCH(4,'كشف الحساب'!$N$4:$N$353,0),0)=0,"",INDEX('كشف الحساب'!$J$4:$J$353,IFERROR(MATCH(4,'كشف الحساب'!$N$4:$N$353,0),0))),"") -> 23.645 | K8: =IFERROR(IF(IFERROR(MATCH(4,'كشف الحساب'!$N$4:$N$353,0),0)=0,"",INDEX('كشف الحساب'!$K$4:$K$353,IFERROR(MATCH(4,'كشف الحساب'!$N$4:$N$353,0),0))),"") -> 0
A9: =IFERROR(IF(IFERROR(MATCH(5,'كشف الحساب'!$N$4:$N$353,0),0)=0,"",INDEX('كشف الحساب'!$A$4:$A$353,IFERROR(MATCH(5,'كشف الحساب'!$N$4:$N$353,0),0))),"") -> 46239 | B9: =IFERROR(IF(IFERROR(MATCH(5,'كشف الحساب'!$N$4:$N$353,0),0)=0,"",INDEX('كشف الحساب'!$B$4:$B$353,IFERROR(MATCH(5,'كشف الحساب'!$N$4:$N$353,0),0))),"") -> Inv-109 | C9: =IFERROR(IF(IFERROR(MATCH(5,'كشف الحساب'!$N$4:$N$353,0),0)=0,"",INDEX('كشف الحساب'!$C$4:$C$353,IFERROR(MATCH(5,'كشف الحساب'!$N$4:$N$353,0),0))),"") -> متنوع عدد 1 الحبه 1 | D9: =IFERROR(IF(IFERROR(MATCH(5,'كشف الحساب'!$N$4:$N$353,0),0)=0,"",INDEX('كشف الحساب'!$D$4:$D$353,IFERROR(MATCH(5,'كشف الحساب'!$N$4:$N$353,0),0))),"") -> 0 | E9: =IFERROR(IF(IFERROR(MATCH(5,'كشف الحساب'!$N$4:$N$353,0),0)=0,"",INDEX('كشف الحساب'!$E$4:$E$353,IFERROR(MATCH(5,'كشف الحساب'!$N$4:$N$353,0),0))),"") -> 1 | F9: =IFERROR(IF(IFERROR(MATCH(5,'كشف الحساب'!$N$4:$N$353,0),0)=0,"",INDEX('كشف الحساب'!$F$4:$F$353,IFERROR(MATCH(5,'كشف الحساب'!$N$4:$N$353,0),0))),"") -> أون لاين | G9: =IFERROR(IF(IFERROR(MATCH(5,'كشف الحساب'!$N$4:$N$353,0),0)=0,"",INDEX('كشف الحساب'!$G$4:$G$353,IFERROR(MATCH(5,'كشف الحساب'!$N$4:$N$353,0),0))),"") -> 0 | H9: =IFERROR(IF(IFERROR(MATCH(5,'كشف الحساب'!$N$4:$N$353,0),0)=0,"",INDEX('كشف الحساب'!$H$4:$H$353,IFERROR(MATCH(5,'كشف الحساب'!$N$4:$N$353,0),0))),"") -> تم الدفع | I9: =IFERROR(IF(IFERROR(MATCH(5,'كشف الحساب'!$N$4:$N$353,0),0)=0,"",INDEX('كشف الحساب'!$I$4:$I$353,IFERROR(MATCH(5,'كشف الحساب'!$N$4:$N$353,0),0))),"") -> 0 | J9: =IFERROR(IF(IFERROR(MATCH(5,'كشف الحساب'!$N$4:$N$353,0),0)=0,"",INDEX('كشف الحساب'!$J$4:$J$353,IFERROR(MATCH(5,'كشف الحساب'!$N$4:$N$353,0),0))),"") -> 24.645 | K9: =IFERROR(IF(IFERROR(MATCH(5,'كشف الحساب'!$N$4:$N$353,0),0)=0,"",INDEX('كشف الحساب'!$K$4:$K$353,IFERROR(MATCH(5,'كشف الحساب'!$N$4:$N$353,0),0))),"") -> 0
A10: =IFERROR(IF(IFERROR(MATCH(6,'كشف الحساب'!$N$4:$N$353,0),0)=0,"",INDEX('كشف الحساب'!$A$4:$A$353,IFERROR(MATCH(6,'كشف الحساب'!$N$4:$N$353,0),0))),"") -> 46240 | B10: =IFERROR(IF(IFERROR(MATCH(6,'كشف الحساب'!$N$4:$N$353,0),0)=0,"",INDEX('كشف الحساب'!$B$4:$B$353,IFERROR(MATCH(6,'كشف الحساب'!$N$4:$N$353,0),0))),"") -> Inv-110 | C10: =IFERROR(IF(IFERROR(MATCH(6,'كشف الحساب'!$N$4:$N$353,0),0)=0,"",INDEX('كشف الحساب'!$C$4:$C$353,IFERROR(MATCH(6,'كشف الحساب'!$N$4:$N$353,0),0))),"") -> متنوع عدد10 الحبه 1 | D10: =IFERROR(IF(IFERROR(MATCH(6,'كشف الحساب'!$N$4:$N$353,0),0)=0,"",INDEX('كشف الحساب'!$D$4:$D$353,IFERROR(MATCH(6,'كشف الحساب'!$N$4:$N$353,0),0))),"") -> 0 | E10: =IFERROR(IF(IFERROR(MATCH(6,'كشف الحساب'!$N$4:$N$353,0),0)=0,"",INDEX('كشف الحساب'!$E$4:$E$353,IFERROR(MATCH(6,'كشف الحساب'!$N$4:$N$353,0),0))),"") -> 10 | F10: =IFERROR(IF(IFERROR(MATCH(6,'كشف الحساب'!$N$4:$N$353,0),0)=0,"",INDEX('كشف الحساب'!$F$4:$F$353,IFERROR(MATCH(6,'كشف الحساب'!$N$4:$N$353,0),0))),"") -> أون لاين | G10: =IFERROR(IF(IFERROR(MATCH(6,'كشف الحساب'!$N$4:$N$353,0),0)=0,"",INDEX('كشف الحساب'!$G$4:$G$353,IFERROR(MATCH(6,'كشف الحساب'!$N$4:$N$353,0),0))),"") -> 0 | H10: =IFERROR(IF(IFERROR(MATCH(6,'كشف الحساب'!$N$4:$N$353,0),0)=0,"",INDEX('كشف الحساب'!$H$4:$H$353,IFERROR(MATCH(6,'كشف الحساب'!$N$4:$N$353,0),0))),"") -> تم الدفع | I10: =IFERROR(IF(IFERROR(MATCH(6,'كشف الحساب'!$N$4:$N$353,0),0)=0,"",INDEX('كشف الحساب'!$I$4:$I$353,IFERROR(MATCH(6,'كشف الحساب'!$N$4:$N$353,0),0))),"") -> 0 | J10: =IFERROR(IF(IFERROR(MATCH(6,'كشف الحساب'!$N$4:$N$353,0),0)=0,"",INDEX('كشف الحساب'!$J$4:$J$353,IFERROR(MATCH(6,'كشف الحساب'!$N$4:$N$353,0),0))),"") -> 34.645 | K10: =IFERROR(IF(IFERROR(MATCH(6,'كشف الحساب'!$N$4:$N$353,0),0)=0,"",INDEX('كشف الحساب'!$K$4:$K$353,IFERROR(MATCH(6,'كشف الحساب'!$N$4:$N$353,0),0))),"") -> 0
A11: =IFERROR(IF(IFERROR(MATCH(7,'كشف الحساب'!$N$4:$N$353,0),0)=0,"",INDEX('كشف الحساب'!$A$4:$A$353,IFERROR(MATCH(7,'كشف الحساب'!$N$4:$N$353,0),0))),"") -> 46240 | B11: =IFERROR(IF(IFERROR(MATCH(7,'كشف الحساب'!$N$4:$N$353,0),0)=0,"",INDEX('كشف الحساب'!$B$4:$B$353,IFERROR(MATCH(7,'كشف الحساب'!$N$4:$N$353,0),0))),"") -> Inv-111 | C11: =IFERROR(IF(IFERROR(MATCH(7,'كشف الحساب'!$N$4:$N$353,0),0)=0,"",INDEX('كشف الحساب'!$C$4:$C$353,IFERROR(MATCH(7,'كشف الحساب'!$N$4:$N$353,0),0))),"") -> متنوع 6 عدد 1 | D11: =IFERROR(IF(IFERROR(MATCH(7,'كشف الحساب'!$N$4:$N$353,0),0)=0,"",INDEX('كشف الحساب'!$D$4:$D$353,IFERROR(MATCH(7,'كشف الحساب'!$N$4:$N$353,0),0))),"") -> 0 | E11: =IFERROR(IF(IFERROR(MATCH(7,'كشف الحساب'!$N$4:$N$353,0),0)=0,"",INDEX('كشف الحساب'!$E$4:$E$353,IFERROR(MATCH(7,'كشف الحساب'!$N$4:$N$353,0),0))),"") -> 6 | F11: =IFERROR(IF(IFERROR(MATCH(7,'كشف الحساب'!$N$4:$N$353,0),0)=0,"",INDEX('كشف الحساب'!$F$4:$F$353,IFERROR(MATCH(7,'كشف الحساب'!$N$4:$N$353,0),0))),"") -> أون لاين | G11: =IFERROR(IF(IFERROR(MATCH(7,'كشف الحساب'!$N$4:$N$353,0),0)=0,"",INDEX('كشف الحساب'!$G$4:$G$353,IFERROR(MATCH(7,'كشف الحساب'!$N$4:$N$353,0),0))),"") -> 0 | H11: =IFERROR(IF(IFERROR(MATCH(7,'كشف الحساب'!$N$4:$N$353,0),0)=0,"",INDEX('كشف الحساب'!$H$4:$H$353,IFERROR(MATCH(7,'كشف الحساب'!$N$4:$N$353,0),0))),"") -> تم الدفع | I11: =IFERROR(IF(IFERROR(MATCH(7,'كشف الحساب'!$N$4:$N$353,0),0)=0,"",INDEX('كشف الحساب'!$I$4:$I$353,IFERROR(MATCH(7,'كشف الحساب'!$N$4:$N$353,0),0))),"") -> 0 | J11: =IFERROR(IF(IFERROR(MATCH(7,'كشف الحساب'!$N$4:$N$353,0),0)=0,"",INDEX('كشف الحساب'!$J$4:$J$353,IFERROR(MATCH(7,'كشف الحساب'!$N$4:$N$353,0),0))),"") -> 40.645 | K11: =IFERROR(IF(IFERROR(MATCH(7,'كشف الحساب'!$N$4:$N$353,0),0)=0,"",INDEX('كشف الحساب'!$K$4:$K$353,IFERROR(MATCH(7,'كشف الحساب'!$N$4:$N$353,0),0))),"") -> 0
A12: =IFERROR(IF(IFERROR(MATCH(8,'كشف الحساب'!$N$4:$N$353,0),0)=0,"",INDEX('كشف الحساب'!$A$4:$A$353,IFERROR(MATCH(8,'كشف الحساب'!$N$4:$N$353,0),0))),"") -> 46240 | B12: =IFERROR(IF(IFERROR(MATCH(8,'كشف الحساب'!$N$4:$N$353,0),0)=0,"",INDEX('كشف الحساب'!$B$4:$B$353,IFERROR(MATCH(8,'كشف الحساب'!$N$4:$N$353,0),0))),"") -> Inv-112 | C12: =IFERROR(IF(IFERROR(MATCH(8,'كشف الحساب'!$N$4:$N$353,0),0)=0,"",INDEX('كشف الحساب'!$C$4:$C$353,IFERROR(MATCH(8,'كشف الحساب'!$N$4:$N$353,0),0))),"") -> ربل عدد 15 الحبه2 | D12: =IFERROR(IF(IFERROR(MATCH(8,'كشف الحساب'!$N$4:$N$353,0),0)=0,"",INDEX('كشف الحساب'!$D$4:$D$353,IFERROR(MATCH(8,'كشف الحساب'!$N$4:$N$353,0),0))),"") -> 0 | E12: =IFERROR(IF(IFERROR(MATCH(8,'كشف الحساب'!$N$4:$N$353,0),0)=0,"",INDEX('كشف الحساب'!$E$4:$E$353,IFERROR(MATCH(8,'كشف الحساب'!$N$4:$N$353,0),0))),"") -> 29 | F12: =IFERROR(IF(IFERROR(MATCH(8,'كشف الحساب'!$N$4:$N$353,0),0)=0,"",INDEX('كشف الحساب'!$F$4:$F$353,IFERROR(MATCH(8,'كشف الحساب'!$N$4:$N$353,0),0))),"") -> أون لاين | G12: =IFERROR(IF(IFERROR(MATCH(8,'كشف الحساب'!$N$4:$N$353,0),0)=0,"",INDEX('كشف الحساب'!$G$4:$G$353,IFERROR(MATCH(8,'كشف الحساب'!$N$4:$N$353,0),0))),"") -> 0 | H12: =IFERROR(IF(IFERROR(MATCH(8,'كشف الحساب'!$N$4:$N$353,0),0)=0,"",INDEX('كشف الحساب'!$H$4:$H$353,IFERROR(MATCH(8,'كشف الحساب'!$N$4:$N$353,0),0))),"") -> تم الدفع | I12: =IFERROR(IF(IFERROR(MATCH(8,'كشف الحساب'!$N$4:$N$353,0),0)=0,"",INDEX('كشف الحساب'!$I$4:$I$353,IFERROR(MATCH(8,'كشف الحساب'!$N$4:$N$353,0),0))),"") -> 0 | J12: =IFERROR(IF(IFERROR(MATCH(8,'كشف الحساب'!$N$4:$N$353,0),0)=0,"",INDEX('كشف الحساب'!$J$4:$J$353,IFERROR(MATCH(8,'كشف الحساب'!$N$4:$N$353,0),0))),"") -> 69.645 | K12: =IFERROR(IF(IFERROR(MATCH(8,'كشف الحساب'!$N$4:$N$353,0),0)=0,"",INDEX('كشف الحساب'!$K$4:$K$353,IFERROR(MATCH(8,'كشف الحساب'!$N$4:$N$353,0),0))),"") -> السعر الأصلي 30 تم خصم 1 ليكون 29
A13: =IFERROR(IF(IFERROR(MATCH(9,'كشف الحساب'!$N$4:$N$353,0),0)=0,"",INDEX('كشف الحساب'!$A$4:$A$353,IFERROR(MATCH(9,'كشف الحساب'!$N$4:$N$353,0),0))),"") -> 46240 | B13: =IFERROR(IF(IFERROR(MATCH(9,'كشف الحساب'!$N$4:$N$353,0),0)=0,"",INDEX('كشف الحساب'!$B$4:$B$353,IFERROR(MATCH(9,'كشف الحساب'!$N$4:$N$353,0),0))),"") -> 0 | C13: =IFERROR(IF(IFERROR(MATCH(9,'كشف الحساب'!$N$4:$N$353,0),0)=0,"",INDEX('كشف الحساب'!$C$4:$C$353,IFERROR(MATCH(9,'كشف الحساب'!$N$4:$N$353,0),0))),"") -> كيميكل للمعالج | D13: =IFERROR(IF(IFERROR(MATCH(9,'كشف الحساب'!$N$4:$N$353,0),0)=0,"",INDEX('كشف الحساب'!$D$4:$D$353,IFERROR(MATCH(9,'كشف الحساب'!$N$4:$N$353,0),0))),"") -> 29 | E13: =IFERROR(IF(IFERROR(MATCH(9,'كشف الحساب'!$N$4:$N$353,0),0)=0,"",INDEX('كشف الحساب'!$E$4:$E$353,IFERROR(MATCH(9,'كشف الحساب'!$N$4:$N$353,0),0))),"") -> 0 | F13: =IFERROR(IF(IFERROR(MATCH(9,'كشف الحساب'!$N$4:$N$353,0),0)=0,"",INDEX('كشف الحساب'!$F$4:$F$353,IFERROR(MATCH(9,'كشف الحساب'!$N$4:$N$353,0),0))),"") -> نقداً | G13: =IFERROR(IF(IFERROR(MATCH(9,'كشف الحساب'!$N$4:$N$353,0),0)=0,"",INDEX('كشف الحساب'!$G$4:$G$353,IFERROR(MATCH(9,'كشف الحساب'!$N$4:$N$353,0),0))),"") -> المحفظة | H13: =IFERROR(IF(IFERROR(MATCH(9,'كشف الحساب'!$N$4:$N$353,0),0)=0,"",INDEX('كشف الحساب'!$H$4:$H$353,IFERROR(MATCH(9,'كشف الحساب'!$N$4:$N$353,0),0))),"") -> تم الدفع | I13: =IFERROR(IF(IFERROR(MATCH(9,'كشف الحساب'!$N$4:$N$353,0),0)=0,"",INDEX('كشف الحساب'!$I$4:$I$353,IFERROR(MATCH(9,'كشف الحساب'!$N$4:$N$353,0),0))),"") -> 0 | J13: =IFERROR(IF(IFERROR(MATCH(9,'كشف الحساب'!$N$4:$N$353,0),0)=0,"",INDEX('كشف الحساب'!$J$4:$J$353,IFERROR(MATCH(9,'كشف الحساب'!$N$4:$N$353,0),0))),"") -> 40.645 | K13: =IFERROR(IF(IFERROR(MATCH(9,'كشف الحساب'!$N$4:$N$353,0),0)=0,"",INDEX('كشف الحساب'!$K$4:$K$353,IFERROR(MATCH(9,'كشف الحساب'!$N$4:$N$353,0),0))),"") -> 0
A14: =IFERROR(IF(IFERROR(MATCH(10,'كشف الحساب'!$N$4:$N$353,0),0)=0,"",INDEX('كشف الحساب'!$A$4:$A$353,IFERROR(MATCH(10,'كشف الحساب'!$N$4:$N$353,0),0))),"") -> 46240 | B14: =IFERROR(IF(IFERROR(MATCH(10,'كشف الحساب'!$N$4:$N$353,0),0)=0,"",INDEX('كشف الحساب'!$B$4:$B$353,IFERROR(MATCH(10,'كشف الحساب'!$N$4:$N$353,0),0))),"") -> 0 | C14: =IFERROR(IF(IFERROR(MATCH(10,'كشف الحساب'!$N$4:$N$353,0),0)=0,"",INDEX('كشف الحساب'!$C$4:$C$353,IFERROR(MATCH(10,'كشف الحساب'!$N$4:$N$353,0),0))),"") -> ترمستات الثلاجه الكبيره | D14: =IFERROR(IF(IFERROR(MATCH(10,'كشف الحساب'!$N$4:$N$353,0),0)=0,"",INDEX('كشف الحساب'!$D$4:$D$353,IFERROR(MATCH(10,'كشف الحساب'!$N$4:$N$353,0),0))),"") -> 5.75 | E14: =IFERROR(IF(IFERROR(MATCH(10,'كشف الحساب'!$N$4:$N$353,0),0)=0,"",INDEX('كشف الحساب'!$E$4:$E$353,IFERROR(MATCH(10,'كشف الحساب'!$N$4:$N$353,0),0))),"") -> 0 | F14: =IFERROR(IF(IFERROR(MATCH(10,'كشف الحساب'!$N$4:$N$353,0),0)=0,"",INDEX('كشف الحساب'!$F$4:$F$353,IFERROR(MATCH(10,'كشف الحساب'!$N$4:$N$353,0),0))),"") -> نقداً | G14: =IFERROR(IF(IFERROR(MATCH(10,'كشف الحساب'!$N$4:$N$353,0),0)=0,"",INDEX('كشف الحساب'!$G$4:$G$353,IFERROR(MATCH(10,'كشف الحساب'!$N$4:$N$353,0),0))),"") -> المحفظة | H14: =IFERROR(IF(IFERROR(MATCH(10,'كشف الحساب'!$N$4:$N$353,0),0)=0,"",INDEX('كشف الحساب'!$H$4:$H$353,IFERROR(MATCH(10,'كشف الحساب'!$N$4:$N$353,0),0))),"") -> تم الدفع | I14: =IFERROR(IF(IFERROR(MATCH(10,'كشف الحساب'!$N$4:$N$353,0),0)=0,"",INDEX('كشف الحساب'!$I$4:$I$353,IFERROR(MATCH(10,'كشف الحساب'!$N$4:$N$353,0),0))),"") -> 0 | J14: =IFERROR(IF(IFERROR(MATCH(10,'كشف الحساب'!$N$4:$N$353,0),0)=0,"",INDEX('كشف الحساب'!$J$4:$J$353,IFERROR(MATCH(10,'كشف الحساب'!$N$4:$N$353,0),0))),"") -> 34.895 | K14: =IFERROR(IF(IFERROR(MATCH(10,'كشف الحساب'!$N$4:$N$353,0),0)=0,"",INDEX('كشف الحساب'!$K$4:$K$353,IFERROR(MATCH(10,'كشف الحساب'!$N$4:$N$353,0),0))),"") -> 0
A15: =IFERROR(IF(IFERROR(MATCH(11,'كشف الحساب'!$N$4:$N$353,0),0)=0,"",INDEX('كشف الحساب'!$A$4:$A$353,IFERROR(MATCH(11,'كشف الحساب'!$N$4:$N$353,0),0))),"") -> 46244 | B15: =IFERROR(IF(IFERROR(MATCH(11,'كشف الحساب'!$N$4:$N$353,0),0)=0,"",INDEX('كشف الحساب'!$B$4:$B$353,IFERROR(MATCH(11,'كشف الحساب'!$N$4:$N$353,0),0))),"") -> Inv-113 | C15: =IFERROR(IF(IFERROR(MATCH(11,'كشف الحساب'!$N$4:$N$353,0),0)=0,"",INDEX('كشف الحساب'!$C$4:$C$353,IFERROR(MATCH(11,'كشف الحساب'!$N$4:$N$353,0),0))),"") -> ربل عدد 40 الحبه 2.250 | D15: =IFERROR(IF(IFERROR(MATCH(11,'كشف الحساب'!$N$4:$N$353,0),0)=0,"",INDEX('كشف الحساب'!$D$4:$D$353,IFERROR(MATCH(11,'كشف الحساب'!$N$4:$N$353,0),0))),"") -> 0 | E15: =IFERROR(IF(IFERROR(MATCH(11,'كشف الحساب'!$N$4:$N$353,0),0)=0,"",INDEX('كشف الحساب'!$E$4:$E$353,IFERROR(MATCH(11,'كشف الحساب'!$N$4:$N$353,0),0))),"") -> 90 | F15: =IFERROR(IF(IFERROR(MATCH(11,'كشف الحساب'!$N$4:$N$353,0),0)=0,"",INDEX('كشف الحساب'!$F$4:$F$353,IFERROR(MATCH(11,'كشف الحساب'!$N$4:$N$353,0),0))),"") -> نقداً | G15: =IFERROR(IF(IFERROR(MATCH(11,'كشف الحساب'!$N$4:$N$353,0),0)=0,"",INDEX('كشف الحساب'!$G$4:$G$353,IFERROR(MATCH(11,'كشف الحساب'!$N$4:$N$353,0),0))),"") -> 0 | H15: =IFERROR(IF(IFERROR(MATCH(11,'كشف الحساب'!$N$4:$N$353,0),0)=0,"",INDEX('كشف الحساب'!$H$4:$H$353,IFERROR(MATCH(11,'كشف الحساب'!$N$4:$N$353,0),0))),"") -> تم الدفع | I15: =IFERROR(IF(IFERROR(MATCH(11,'كشف الحساب'!$N$4:$N$353,0),0)=0,"",INDEX('كشف الحساب'!$I$4:$I$353,IFERROR(MATCH(11,'كشف الحساب'!$N$4:$N$353,0),0))),"") -> 0 | J15: =IFERROR(IF(IFERROR(MATCH(11,'كشف الحساب'!$N$4:$N$353,0),0)=0,"",INDEX('كشف الحساب'!$J$4:$J$353,IFERROR(MATCH(11,'كشف الحساب'!$N$4:$N$353,0),0))),"") -> 124.895 | K15: =IFERROR(IF(IFERROR(MATCH(11,'كشف الحساب'!$N$4:$N$353,0),0)=0,"",INDEX('كشف الحساب'!$K$4:$K$353,IFERROR(MATCH(11,'كشف الحساب'!$N$4:$N$353,0),0))),"") -> 0
A16: =IFERROR(IF(IFERROR(MATCH(12,'كشف الحساب'!$N$4:$N$353,0),0)=0,"",INDEX('كشف الحساب'!$A$4:$A$353,IFERROR(MATCH(12,'كشف الحساب'!$N$4:$N$353,0),0))),"") -> 46244 | B16: =IFERROR(IF(IFERROR(MATCH(12,'كشف الحساب'!$N$4:$N$353,0),0)=0,"",INDEX('كشف الحساب'!$B$4:$B$353,IFERROR(MATCH(12,'كشف الحساب'!$N$4:$N$353,0),0))),"") -> Inv-114 | C16: =IFERROR(IF(IFERROR(MATCH(12,'كشف الحساب'!$N$4:$N$353,0),0)=0,"",INDEX('كشف الحساب'!$C$4:$C$353,IFERROR(MATCH(12,'كشف الحساب'!$N$4:$N$353,0),0))),"") -> متنوع 8 الحبه 1 | D16: =IFERROR(IF(IFERROR(MATCH(12,'كشف الحساب'!$N$4:$N$353,0),0)=0,"",INDEX('كشف الحساب'!$D$4:$D$353,IFERROR(MATCH(12,'كشف الحساب'!$N$4:$N$353,0),0))),"") -> 0 | E16: =IFERROR(IF(IFERROR(MATCH(12,'كشف الحساب'!$N$4:$N$353,0),0)=0,"",INDEX('كشف الحساب'!$E$4:$E$353,IFERROR(MATCH(12,'كشف الحساب'!$N$4:$N$353,0),0))),"") -> 8 | F16: =IFERROR(IF(IFERROR(MATCH(12,'كشف الحساب'!$N$4:$N$353,0),0)=0,"",INDEX('كشف الحساب'!$F$4:$F$353,IFERROR(MATCH(12,'كشف الحساب'!$N$4:$N$353,0),0))),"") -> نقداً | G16: =IFERROR(IF(IFERROR(MATCH(12,'كشف الحساب'!$N$4:$N$353,0),0)=0,"",INDEX('كشف الحساب'!$G$4:$G$353,IFERROR(MATCH(12,'كشف الحساب'!$N$4:$N$353,0),0))),"") -> 0 | H16: =IFERROR(IF(IFERROR(MATCH(12,'كشف الحساب'!$N$4:$N$353,0),0)=0,"",INDEX('كشف الحساب'!$H$4:$H$353,IFERROR(MATCH(12,'كشف الحساب'!$N$4:$N$353,0),0))),"") -> تم الدفع | I16: =IFERROR(IF(IFERROR(MATCH(12,'كشف الحساب'!$N$4:$N$353,0),0)=0,"",INDEX('كشف الحساب'!$I$4:$I$353,IFERROR(MATCH(12,'كشف الحساب'!$N$4:$N$353,0),0))),"") -> 0 | J16: =IFERROR(IF(IFERROR(MATCH(12,'كشف الحساب'!$N$4:$N$353,0),0)=0,"",INDEX('كشف الحساب'!$J$4:$J$353,IFERROR(MATCH(12,'كشف الحساب'!$N$4:$N$353,0),0))),"") -> 132.895 | K16: =IFERROR(IF(IFERROR(MATCH(12,'كشف الحساب'!$N$4:$N$353,0),0)=0,"",INDEX('كشف الحساب'!$K$4:$K$353,IFERROR(MATCH(12,'كشف الحساب'!$N$4:$N$353,0),0))),"") -> 0
A17: =IFERROR(IF(IFERROR(MATCH(13,'كشف الحساب'!$N$4:$N$353,0),0)=0,"",INDEX('كشف الحساب'!$A$4:$A$353,IFERROR(MATCH(13,'كشف الحساب'!$N$4:$N$353,0),0))),"") -> 46245 | B17: =IFERROR(IF(IFERROR(MATCH(13,'كشف الحساب'!$N$4:$N$353,0),0)=0,"",INDEX('كشف الحساب'!$B$4:$B$353,IFERROR(MATCH(13,'كشف الحساب'!$N$4:$N$353,0),0))),"") -> 0 | C17: =IFERROR(IF(IFERROR(MATCH(13,'كشف الحساب'!$N$4:$N$353,0),0)=0,"",INDEX('كشف الحساب'!$C$4:$C$353,IFERROR(MATCH(13,'كشف الحساب'!$N$4:$N$353,0),0))),"") -> احواض معلقه + كوكوبيت | D17: =IFERROR(IF(IFERROR(MATCH(13,'كشف الحساب'!$N$4:$N$353,0),0)=0,"",INDEX('كشف الحساب'!$D$4:$D$353,IFERROR(MATCH(13,'كشف الحساب'!$N$4:$N$353,0),0))),"") -> 55 | E17: =IFERROR(IF(IFERROR(MATCH(13,'كشف الحساب'!$N$4:$N$353,0),0)=0,"",INDEX('كشف الحساب'!$E$4:$E$353,IFERROR(MATCH(13,'كشف الحساب'!$N$4:$N$353,0),0))),"") -> 0 | F17: =IFERROR(IF(IFERROR(MATCH(13,'كشف الحساب'!$N$4:$N$353,0),0)=0,"",INDEX('كشف الحساب'!$F$4:$F$353,IFERROR(MATCH(13,'كشف الحساب'!$N$4:$N$353,0),0))),"") -> نقداً | G17: =IFERROR(IF(IFERROR(MATCH(13,'كشف الحساب'!$N$4:$N$353,0),0)=0,"",INDEX('كشف الحساب'!$G$4:$G$353,IFERROR(MATCH(13,'كشف الحساب'!$N$4:$N$353,0),0))),"") -> المحفظة | H17: =IFERROR(IF(IFERROR(MATCH(13,'كشف الحساب'!$N$4:$N$353,0),0)=0,"",INDEX('كشف الحساب'!$H$4:$H$353,IFERROR(MATCH(13,'كشف الحساب'!$N$4:$N$353,0),0))),"") -> تم الدفع | I17: =IFERROR(IF(IFERROR(MATCH(13,'كشف الحساب'!$N$4:$N$353,0),0)=0,"",INDEX('كشف الحساب'!$I$4:$I$353,IFERROR(MATCH(13,'كشف الحساب'!$N$4:$N$353,0),0))),"") -> 0 | J17: =IFERROR(IF(IFERROR(MATCH(13,'كشف الحساب'!$N$4:$N$353,0),0)=0,"",INDEX('كشف الحساب'!$J$4:$J$353,IFERROR(MATCH(13,'كشف الحساب'!$N$4:$N$353,0),0))),"") -> 77.895 | K17: =IFERROR(IF(IFERROR(MATCH(13,'كشف الحساب'!$N$4:$N$353,0),0)=0,"",INDEX('كشف الحساب'!$K$4:$K$353,IFERROR(MATCH(13,'كشف الحساب'!$N$4:$N$353,0),0))),"") -> 0
A18: =IFERROR(IF(IFERROR(MATCH(14,'كشف الحساب'!$N$4:$N$353,0),0)=0,"",INDEX('كشف الحساب'!$A$4:$A$353,IFERROR(MATCH(14,'كشف الحساب'!$N$4:$N$353,0),0))),"") -> 46245 | B18: =IFERROR(IF(IFERROR(MATCH(14,'كشف الحساب'!$N$4:$N$353,0),0)=0,"",INDEX('كشف الحساب'!$B$4:$B$353,IFERROR(MATCH(14,'كشف الحساب'!$N$4:$N$353,0),0))),"") -> 0 | C18: =IFERROR(IF(IFERROR(MATCH(14,'كشف الحساب'!$N$4:$N$353,0),0)=0,"",INDEX('كشف الحساب'!$C$4:$C$353,IFERROR(MATCH(14,'كشف الحساب'!$N$4:$N$353,0),0))),"") -> 15-15-15 خرماشه | D18: =IFERROR(IF(IFERROR(MATCH(14,'كشف الحساب'!$N$4:$N$353,0),0)=0,"",INDEX('كشف الحساب'!$D$4:$D$353,IFERROR(MATCH(14,'كشف الحساب'!$N$4:$N$353,0),0))),"") -> 7.675 | E18: =IFERROR(IF(IFERROR(MATCH(14,'كشف الحساب'!$N$4:$N$353,0),0)=0,"",INDEX('كشف الحساب'!$E$4:$E$353,IFERROR(MATCH(14,'كشف الحساب'!$N$4:$N$353,0),0))),"") -> 0 | F18: =IFERROR(IF(IFERROR(MATCH(14,'كشف الحساب'!$N$4:$N$353,0),0)=0,"",INDEX('كشف الحساب'!$F$4:$F$353,IFERROR(MATCH(14,'كشف الحساب'!$N$4:$N$353,0),0))),"") -> نقداً | G18: =IFERROR(IF(IFERROR(MATCH(14,'كشف الحساب'!$N$4:$N$353,0),0)=0,"",INDEX('كشف الحساب'!$G$4:$G$353,IFERROR(MATCH(14,'كشف الحساب'!$N$4:$N$353,0),0))),"") -> المحفظة | H18: =IFERROR(IF(IFERROR(MATCH(14,'كشف الحساب'!$N$4:$N$353,0),0)=0,"",INDEX('كشف الحساب'!$H$4:$H$353,IFERROR(MATCH(14,'كشف الحساب'!$N$4:$N$353,0),0))),"") -> تم الدفع | I18: =IFERROR(IF(IFERROR(MATCH(14,'كشف الحساب'!$N$4:$N$353,0),0)=0,"",INDEX('كشف الحساب'!$I$4:$I$353,IFERROR(MATCH(14,'كشف الحساب'!$N$4:$N$353,0),0))),"") -> 0 | J18: =IFERROR(IF(IFERROR(MATCH(14,'كشف الحساب'!$N$4:$N$353,0),0)=0,"",INDEX('كشف الحساب'!$J$4:$J$353,IFERROR(MATCH(14,'كشف الحساب'!$N$4:$N$353,0),0))),"") -> 70.22 | K18: =IFERROR(IF(IFERROR(MATCH(14,'كشف الحساب'!$N$4:$N$353,0),0)=0,"",INDEX('كشف الحساب'!$K$4:$K$353,IFERROR(MATCH(14,'كشف الحساب'!$N$4:$N$353,0),0))),"") -> 0
A19: =IFERROR(IF(IFERROR(MATCH(15,'كشف الحساب'!$N$4:$N$353,0),0)=0,"",INDEX('كشف الحساب'!$A$4:$A$353,IFERROR(MATCH(15,'كشف الحساب'!$N$4:$N$353,0),0))),"") -> 46247 | B19: =IFERROR(IF(IFERROR(MATCH(15,'كشف الحساب'!$N$4:$N$353,0),0)=0,"",INDEX('كشف الحساب'!$B$4:$B$353,IFERROR(MATCH(15,'كشف الحساب'!$N$4:$N$353,0),0))),"") -> 0 | C19: =IFERROR(IF(IFERROR(MATCH(15,'كشف الحساب'!$N$4:$N$353,0),0)=0,"",INDEX('كشف الحساب'!$C$4:$C$353,IFERROR(MATCH(15,'كشف الحساب'!$N$4:$N$353,0),0))),"") -> هرمون تدير | D19: =IFERROR(IF(IFERROR(MATCH(15,'كشف الحساب'!$N$4:$N$353,0),0)=0,"",INDEX('كشف الحساب'!$D$4:$D$353,IFERROR(MATCH(15,'كشف الحساب'!$N$4:$N$353,0),0))),"") -> 4 | E19: =IFERROR(IF(IFERROR(MATCH(15,'كشف الحساب'!$N$4:$N$353,0),0)=0,"",INDEX('كشف الحساب'!$E$4:$E$353,IFERROR(MATCH(15,'كشف الحساب'!$N$4:$N$353,0),0))),"") -> 0 | F19: =IFERROR(IF(IFERROR(MATCH(15,'كشف الحساب'!$N$4:$N$353,0),0)=0,"",INDEX('كشف الحساب'!$F$4:$F$353,IFERROR(MATCH(15,'كشف الحساب'!$N$4:$N$353,0),0))),"") -> نقداً | G19: =IFERROR(IF(IFERROR(MATCH(15,'كشف الحساب'!$N$4:$N$353,0),0)=0,"",INDEX('كشف الحساب'!$G$4:$G$353,IFERROR(MATCH(15,'كشف الحساب'!$N$4:$N$353,0),0))),"") -> المحفظة | H19: =IFERROR(IF(IFERROR(MATCH(15,'كشف الحساب'!$N$4:$N$353,0),0)=0,"",INDEX('كشف الحساب'!$H$4:$H$353,IFERROR(MATCH(15,'كشف الحساب'!$N$4:$N$353,0),0))),"") -> تم الدفع | I19: =IFERROR(IF(IFERROR(MATCH(15,'كشف الحساب'!$N$4:$N$353,0),0)=0,"",INDEX('كشف الحساب'!$I$4:$I$353,IFERROR(MATCH(15,'كشف الحساب'!$N$4:$N$353,0),0))),"") -> 0 | J19: =IFERROR(IF(IFERROR(MATCH(15,'كشف الحساب'!$N$4:$N$353,0),0)=0,"",INDEX('كشف الحساب'!$J$4:$J$353,IFERROR(MATCH(15,'كشف الحساب'!$N$4:$N$353,0),0))),"") -> 66.22 | K19: =IFERROR(IF(IFERROR(MATCH(15,'كشف الحساب'!$N$4:$N$353,0),0)=0,"",INDEX('كشف الحساب'!$K$4:$K$353,IFERROR(MATCH(15,'كشف الحساب'!$N$4:$N$353,0),0))),"") -> 0
A20: =IFERROR(IF(IFERROR(MATCH(16,'كشف الحساب'!$N$4:$N$353,0),0)=0,"",INDEX('كشف الحساب'!$A$4:$A$353,IFERROR(MATCH(16,'كشف الحساب'!$N$4:$N$353,0),0))),"") -> 46247 | B20: =IFERROR(IF(IFERROR(MATCH(16,'كشف الحساب'!$N$4:$N$353,0),0)=0,"",INDEX('كشف الحساب'!$B$4:$B$353,IFERROR(MATCH(16,'كشف الحساب'!$N$4:$N$353,0),0))),"") -> 0 | C20: =IFERROR(IF(IFERROR(MATCH(16,'كشف الحساب'!$N$4:$N$353,0),0)=0,"",INDEX('كشف الحساب'!$C$4:$C$353,IFERROR(MATCH(16,'كشف الحساب'!$N$4:$N$353,0),0))),"") -> احواض مقاس 14 عدد 1000 | D20: =IFERROR(IF(IFERROR(MATCH(16,'كشف الحساب'!$N$4:$N$353,0),0)=0,"",INDEX('كشف الحساب'!$D$4:$D$353,IFERROR(MATCH(16,'كشف الحساب'!$N$4:$N$353,0),0))),"") -> 20 | E20: =IFERROR(IF(IFERROR(MATCH(16,'كشف الحساب'!$N$4:$N$353,0),0)=0,"",INDEX('كشف الحساب'!$E$4:$E$353,IFERROR(MATCH(16,'كشف الحساب'!$N$4:$N$353,0),0))),"") -> 0 | F20: =IFERROR(IF(IFERROR(MATCH(16,'كشف الحساب'!$N$4:$N$353,0),0)=0,"",INDEX('كشف الحساب'!$F$4:$F$353,IFERROR(MATCH(16,'كشف الحساب'!$N$4:$N$353,0),0))),"") -> نقداً | G20: =IFERROR(IF(IFERROR(MATCH(16,'كشف الحساب'!$N$4:$N$353,0),0)=0,"",INDEX('كشف الحساب'!$G$4:$G$353,IFERROR(MATCH(16,'كشف الحساب'!$N$4:$N$353,0),0))),"") -> المحفظة | H20: =IFERROR(IF(IFERROR(MATCH(16,'كشف الحساب'!$N$4:$N$353,0),0)=0,"",INDEX('كشف الحساب'!$H$4:$H$353,IFERROR(MATCH(16,'كشف الحساب'!$N$4:$N$353,0),0))),"") -> تم الدفع | I20: =IFERROR(IF(IFERROR(MATCH(16,'كشف الحساب'!$N$4:$N$353,0),0)=0,"",INDEX('كشف الحساب'!$I$4:$I$353,IFERROR(MATCH(16,'كشف الحساب'!$N$4:$N$353,0),0))),"") -> 0 | J20: =IFERROR(IF(IFERROR(MATCH(16,'كشف الحساب'!$N$4:$N$353,0),0)=0,"",INDEX('كشف الحساب'!$J$4:$J$353,IFERROR(MATCH(16,'كشف الحساب'!$N$4:$N$353,0),0))),"") -> 46.22 | K20: =IFERROR(IF(IFERROR(MATCH(16,'كشف الحساب'!$N$4:$N$353,0),0)=0,"",INDEX('كشف الحساب'!$K$4:$K$353,IFERROR(MATCH(16,'كشف الحساب'!$N$4:$N$353,0),0))),"") -> 0
A21: =IFERROR(IF(IFERROR(MATCH(17,'كشف الحساب'!$N$4:$N$353,0),0)=0,"",INDEX('كشف الحساب'!$A$4:$A$353,IFERROR(MATCH(17,'كشف الحساب'!$N$4:$N$353,0),0))),"") -> 46247 | B21: =IFERROR(IF(IFERROR(MATCH(17,'كشف الحساب'!$N$4:$N$353,0),0)=0,"",INDEX('كشف الحساب'!$B$4:$B$353,IFERROR(MATCH(17,'كشف الحساب'!$N$4:$N$353,0),0))),"") -> 0 | C21: =IFERROR(IF(IFERROR(MATCH(17,'كشف الحساب'!$N$4:$N$353,0),0)=0,"",INDEX('كشف الحساب'!$C$4:$C$353,IFERROR(MATCH(17,'كشف الحساب'!$N$4:$N$353,0),0))),"") -> وصلات | D21: =IFERROR(IF(IFERROR(MATCH(17,'كشف الحساب'!$N$4:$N$353,0),0)=0,"",INDEX('كشف الحساب'!$D$4:$D$353,IFERROR(MATCH(17,'كشف الحساب'!$N$4:$N$353,0),0))),"") -> 0.9 | E21: =IFERROR(IF(IFERROR(MATCH(17,'كشف الحساب'!$N$4:$N$353,0),0)=0,"",INDEX('كشف الحساب'!$E$4:$E$353,IFERROR(MATCH(17,'كشف الحساب'!$N$4:$N$353,0),0))),"") -> 0 | F21: =IFERROR(IF(IFERROR(MATCH(17,'كشف الحساب'!$N$4:$N$353,0),0)=0,"",INDEX('كشف الحساب'!$F$4:$F$353,IFERROR(MATCH(17,'كشف الحساب'!$N$4:$N$353,0),0))),"") -> نقداً | G21: =IFERROR(IF(IFERROR(MATCH(17,'كشف الحساب'!$N$4:$N$353,0),0)=0,"",INDEX('كشف الحساب'!$G$4:$G$353,IFERROR(MATCH(17,'كشف الحساب'!$N$4:$N$353,0),0))),"") -> المحفظة | H21: =IFERROR(IF(IFERROR(MATCH(17,'كشف الحساب'!$N$4:$N$353,0),0)=0,"",INDEX('كشف الحساب'!$H$4:$H$353,IFERROR(MATCH(17,'كشف الحساب'!$N$4:$N$353,0),0))),"") -> تم الدفع | I21: =IFERROR(IF(IFERROR(MATCH(17,'كشف الحساب'!$N$4:$N$353,0),0)=0,"",INDEX('كشف الحساب'!$I$4:$I$353,IFERROR(MATCH(17,'كشف الحساب'!$N$4:$N$353,0),0))),"") -> 0 | J21: =IFERROR(IF(IFERROR(MATCH(17,'كشف الحساب'!$N$4:$N$353,0),0)=0,"",INDEX('كشف الحساب'!$J$4:$J$353,IFERROR(MATCH(17,'كشف الحساب'!$N$4:$N$353,0),0))),"") -> 45.32 | K21: =IFERROR(IF(IFERROR(MATCH(17,'كشف الحساب'!$N$4:$N$353,0),0)=0,"",INDEX('كشف الحساب'!$K$4:$K$353,IFERROR(MATCH(17,'كشف الحساب'!$N$4:$N$353,0),0))),"") -> 0
A22: =IFERROR(IF(IFERROR(MATCH(18,'كشف الحساب'!$N$4:$N$353,0),0)=0,"",INDEX('كشف الحساب'!$A$4:$A$353,IFERROR(MATCH(18,'كشف الحساب'!$N$4:$N$353,0),0))),"") -> 46249 | B22: =IFERROR(IF(IFERROR(MATCH(18,'كشف الحساب'!$N$4:$N$353,0),0)=0,"",INDEX('كشف الحساب'!$B$4:$B$353,IFERROR(MATCH(18,'كشف الحساب'!$N$4:$N$353,0),0))),"") -> 0 | C22: =IFERROR(IF(IFERROR(MATCH(18,'كشف الحساب'!$N$4:$N$353,0),0)=0,"",INDEX('كشف الحساب'!$C$4:$C$353,IFERROR(MATCH(18,'كشف الحساب'!$N$4:$N$353,0),0))),"") -> وصلات وحنفيه | D22: =IFERROR(IF(IFERROR(MATCH(18,'كشف الحساب'!$N$4:$N$353,0),0)=0,"",INDEX('كشف الحساب'!$D$4:$D$353,IFERROR(MATCH(18,'كشف الحساب'!$N$4:$N$353,0),0))),"") -> 2 | E22: =IFERROR(IF(IFERROR(MATCH(18,'كشف الحساب'!$N$4:$N$353,0),0)=0,"",INDEX('كشف الحساب'!$E$4:$E$353,IFERROR(MATCH(18,'كشف الحساب'!$N$4:$N$353,0),0))),"") -> 0 | F22: =IFERROR(IF(IFERROR(MATCH(18,'كشف الحساب'!$N$4:$N$353,0),0)=0,"",INDEX('كشف الحساب'!$F$4:$F$353,IFERROR(MATCH(18,'كشف الحساب'!$N$4:$N$353,0),0))),"") -> نقداً | G22: =IFERROR(IF(IFERROR(MATCH(18,'كشف الحساب'!$N$4:$N$353,0),0)=0,"",INDEX('كشف الحساب'!$G$4:$G$353,IFERROR(MATCH(18,'كشف الحساب'!$N$4:$N$353,0),0))),"") -> المحفظة | H22: =IFERROR(IF(IFERROR(MATCH(18,'كشف الحساب'!$N$4:$N$353,0),0)=0,"",INDEX('كشف الحساب'!$H$4:$H$353,IFERROR(MATCH(18,'كشف الحساب'!$N$4:$N$353,0),0))),"") -> تم الدفع | I22: =IFERROR(IF(IFERROR(MATCH(18,'كشف الحساب'!$N$4:$N$353,0),0)=0,"",INDEX('كشف الحساب'!$I$4:$I$353,IFERROR(MATCH(18,'كشف الحساب'!$N$4:$N$353,0),0))),"") -> 0 | J22: =IFERROR(IF(IFERROR(MATCH(18,'كشف الحساب'!$N$4:$N$353,0),0)=0,"",INDEX('كشف الحساب'!$J$4:$J$353,IFERROR(MATCH(18,'كشف الحساب'!$N$4:$N$353,0),0))),"") -> 43.32 | K22: =IFERROR(IF(IFERROR(MATCH(18,'كشف الحساب'!$N$4:$N$353,0),0)=0,"",INDEX('كشف الحساب'!$K$4:$K$353,IFERROR(MATCH(18,'كشف الحساب'!$N$4:$N$353,0),0))),"") -> 0
